ts_utc,http_code,elapsed_s,horizons_done,horizons_total,active_count
2026-08-12T04:32:00.754568055Z,200,0.1716,1,5,1
2026-08-12T04:32:01.898773639Z,200,0.1026,1,5,1
2026-08-12T04:32:03.090127698Z,200,0.1482,1,5,1
2026-08-12T04:32:04.158053404Z,200,0.0274,1,5,1
2026-08-12T04:32:05.228072638Z,200,0.0291,1,5,1
2026-08-12T04:32:06.338076551Z,200,0.0665,1,5,1
2026-08-12T04:32:07.429898928Z,200,0.0494,1,5,1
2026-08-12T04:32:10.156905774Z,200,1.6850,1,5,1
2026-08-12T04:32:11.275500186Z,200,0.0733,2,5,1
2026-08-12T04:32:12.532410343Z,200,0.2096,2,5,1
2026-08-12T04:32:13.646013621Z,200,0.0688,2,5,1
2026-08-12T04:32:14.712926404Z,200,0.0260,2,5,1
2026-08-12T04:32:15.783887239Z,200,0.0293,2,5,1
2026-08-12T04:32:16.921360860Z,200,0.0937,2,5,1
2026-08-12T04:32:17.989231554Z,200,0.0259,2,5,1
2026-08-12T04:32:19.116065530Z,200,0.0811,2,5,1
2026-08-12T04:32:20.388520497Z,200,0.2287,2,5,1
2026-08-12T04:32:21.477756841Z,200,0.0461,2,5,1
2026-08-12T04:32:22.588178542Z,200,0.0695,2,5,1
2026-08-12T04:32:23.753738453Z,200,0.1200,2,5,1
2026-08-12T04:32:24.899070968Z,200,0.1004,2,5,1
2026-08-12T04:32:26.161732636Z,200,0.2181,2,5,1
2026-08-12T04:32:27.288113839Z,200,0.0831,2,5,1
2026-08-12T04:32:28.407464551Z,200,0.0790,2,5,1
2026-08-12T04:32:29.723582378Z,200,0.2726,2,5,1
2026-08-12T04:32:30.907974201Z,200,0.1389,2,5,1
2026-08-12T04:32:32.076245816Z,200,0.1262,2,5,1
2026-08-12T04:32:33.236623362Z,200,0.1177,2,5,1
2026-08-12T04:32:34.612634890Z,200,0.3336,2,5,1
2026-08-12T04:32:35.780842257Z,200,0.1263,2,5,1
2026-08-12T04:32:36.933894129Z,200,0.1071,2,5,1
2026-08-12T04:32:38.255606659Z,200,0.2778,2,5,1
2026-08-12T04:32:39.345759727Z,200,0.0471,2,5,1
2026-08-12T04:32:40.431208950Z,200,0.0437,2,5,1
2026-08-12T04:32:41.547242595Z,200,0.0723,2,5,1
2026-08-12T04:32:42.641853226Z,200,0.0538,2,5,1
2026-08-12T04:32:43.866216613Z,200,0.1845,2,5,1
2026-08-12T04:32:44.930904479Z,200,0.0260,2,5,1
2026-08-12T04:32:46.014333559Z,200,0.0449,2,5,1
2026-08-12T04:32:47.092775844Z,200,0.0396,2,5,1
2026-08-12T04:32:48.160337180Z,200,0.0268,2,5,1
2026-08-12T04:32:49.408861445Z,200,0.2060,2,5,1
2026-08-12T04:32:50.482323216Z,200,0.0319,2,5,1
2026-08-12T04:32:51.555582895Z,200,0.0321,2,5,1
2026-08-12T04:32:52.625511643Z,200,0.0285,2,5,1
2026-08-12T04:32:53.817364619Z,200,0.1495,2,5,1
2026-08-12T04:32:54.900202803Z,200,0.0426,2,5,1
2026-08-12T04:32:56.085334646Z,200,0.1438,2,5,1
2026-08-12T04:32:57.155090807Z,200,0.0274,2,5,1
2026-08-12T04:32:58.375405945Z,200,0.1766,2,5,1
