epoch,worker,http_code,time_total_s,evidence_status,evidence_asof
1784886987,5,200,1.102173,ready,2026-07-22
1784886987,1,200,1.106843,ready,2026-07-22
1784886987,6,200,1.139067,ready,2026-07-22
1784886987,2,200,1.167467,ready,2026-07-22
1784886988,3,200,1.266762,ready,2026-07-22
1784886988,4,200,1.270759,ready,2026-07-22
1784886989,6,200,1.144508,ready,2026-07-22
1784886989,5,200,1.193663,ready,2026-07-22
1784886989,1,200,1.202610,ready,2026-07-22
1784886989,3,200,1.056170,ready,2026-07-22
1784886989,2,200,1.165889,ready,2026-07-22
1784886989,4,200,1.080159,ready,2026-07-22
1784886990,6,200,1.057487,ready,2026-07-22
1784886990,1,200,1.058411,ready,2026-07-22
1784886990,5,200,1.075611,ready,2026-07-22
1784886990,3,200,1.066305,ready,2026-07-22
1784886990,2,200,1.081055,ready,2026-07-22
1784886990,4,200,1.074303,ready,2026-07-22
1784886991,5,200,1.038575,ready,2026-07-22
1784886991,6,200,1.089468,ready,2026-07-22
1784886991,3,200,1.056638,ready,2026-07-22
1784886991,1,200,1.091430,ready,2026-07-22
1784886991,4,200,1.050186,ready,2026-07-22
1784886991,2,200,1.063579,ready,2026-07-22
1784886992,1,200,1.011437,ready,2026-07-22
1784886992,4,200,1.009679,ready,2026-07-22
1784886992,5,200,1.073037,ready,2026-07-22
1784886992,6,200,1.075180,ready,2026-07-22
1784886992,3,200,1.075625,ready,2026-07-22
1784886992,2,200,1.053477,ready,2026-07-22
1784886993,1,200,1.132266,ready,2026-07-22
1784886993,5,200,1.127982,ready,2026-07-22
1784886993,4,200,1.150222,ready,2026-07-22
1784886993,2,200,1.114000,ready,2026-07-22
1784886993,6,200,1.144027,ready,2026-07-22
1784886993,3,200,1.148193,ready,2026-07-22
1784886994,4,200,1.021152,ready,2026-07-22
1784886994,1,200,1.062975,ready,2026-07-22
1784886994,5,200,1.063301,ready,2026-07-22
1784886994,6,200,1.038626,ready,2026-07-22
1784886994,2,200,1.057066,ready,2026-07-22
1784886994,3,200,1.049334,ready,2026-07-22
1784886995,1,200,1.015363,ready,2026-07-22
1784886995,6,200,1.044912,ready,2026-07-22
1784886995,2,200,1.051994,ready,2026-07-22
1784886995,4,200,1.112989,ready,2026-07-22
1784886995,5,200,1.106056,ready,2026-07-22
1784886995,3,200,1.092724,ready,2026-07-22
1784886996,1,200,1.103365,ready,2026-07-22
1784886996,6,200,1.049107,ready,2026-07-22
1784886996,2,200,1.044866,ready,2026-07-22
1784886996,4,200,1.065337,ready,2026-07-22
1784886996,5,200,1.043837,ready,2026-07-22
1784886996,3,200,1.029273,ready,2026-07-22
1784886997,1,200,1.076984,ready,2026-07-22
1784886997,6,200,1.070996,ready,2026-07-22
1784886997,2,200,1.114335,ready,2026-07-22
1784886997,3,200,1.094082,ready,2026-07-22
1784886997,5,200,1.109777,ready,2026-07-22
1784886998,4,200,1.155811,ready,2026-07-22
1784886998,1,200,1.069420,ready,2026-07-22
1784886999,2,200,1.035333,ready,2026-07-22
1784886999,6,200,1.105002,ready,2026-07-22
1784886999,3,200,1.042393,ready,2026-07-22
1784886999,4,200,1.003027,ready,2026-07-22
1784886999,5,200,1.059072,ready,2026-07-22
1784887000,6,200,1.043087,ready,2026-07-22
1784887000,1,200,1.100577,ready,2026-07-22
1784887000,2,200,1.082644,ready,2026-07-22
1784887000,5,200,1.055072,ready,2026-07-22
1784887000,4,200,1.122853,ready,2026-07-22
1784887000,3,200,1.131083,ready,2026-07-22
1784887001,2,200,1.058536,ready,2026-07-22
1784887001,1,200,1.088999,ready,2026-07-22
1784887001,5,200,1.075103,ready,2026-07-22
1784887001,6,200,1.130723,ready,2026-07-22
1784887001,4,200,1.037403,ready,2026-07-22
1784887001,3,200,1.053406,ready,2026-07-22
1784887002,1,200,1.041223,ready,2026-07-22
1784887002,2,200,1.074534,ready,2026-07-22
1784887002,6,200,1.040081,ready,2026-07-22
1784887002,5,200,1.066305,ready,2026-07-22
1784887002,4,200,1.062382,ready,2026-07-22
1784887002,3,200,1.052485,ready,2026-07-22
1784887003,2,200,1.061386,ready,2026-07-22
1784887003,6,200,1.058934,ready,2026-07-22
1784887003,1,200,1.105828,ready,2026-07-22
1784887003,5,200,1.086290,ready,2026-07-22
1784887003,4,200,1.077479,ready,2026-07-22
1784887003,3,200,1.079704,ready,2026-07-22
1784887004,6,200,1.030086,ready,2026-07-22
1784887004,2,200,1.064789,ready,2026-07-22
1784887004,4,200,1.019421,ready,2026-07-22
1784887004,5,200,1.036825,ready,2026-07-22
1784887004,1,200,1.063434,ready,2026-07-22
1784887004,3,200,1.053519,ready,2026-07-22
1784887005,6,200,1.052638,ready,2026-07-22
1784887005,2,200,1.046520,ready,2026-07-22
1784887005,5,200,1.077452,ready,2026-07-22
1784887005,4,200,1.095275,ready,2026-07-22
1784887005,1,200,1.087747,ready,2026-07-22
1784887005,3,200,1.092166,ready,2026-07-22
1784887006,2,200,1.072724,ready,2026-07-22
1784887006,6,200,1.101248,ready,2026-07-22
1784887006,5,200,1.051775,ready,2026-07-22
1784887006,1,200,1.046671,ready,2026-07-22
1784887006,4,200,1.070044,ready,2026-07-22
1784887006,3,200,1.059059,ready,2026-07-22
1784887007,2,200,1.066749,ready,2026-07-22
1784887007,6,200,1.068230,ready,2026-07-22
1784887007,5,200,1.071563,ready,2026-07-22
1784887007,1,200,1.058844,ready,2026-07-22
1784887007,4,200,1.064798,ready,2026-07-22
1784887007,3,200,1.055622,ready,2026-07-22
1784887008,2,200,1.081698,ready,2026-07-22
1784887008,6,200,1.077318,ready,2026-07-22
1784887008,5,200,1.072710,ready,2026-07-22
1784887008,4,200,1.070600,ready,2026-07-22
1784887008,1,200,1.091423,ready,2026-07-22
1784887008,3,200,1.080556,ready,2026-07-22
1784887009,2,200,1.037956,ready,2026-07-22
1784887009,5,200,1.030662,ready,2026-07-22
1784887010,1,200,1.029691,ready,2026-07-22
1784887010,6,200,1.066724,ready,2026-07-22
1784887010,4,200,1.040040,ready,2026-07-22
1784887010,3,200,1.040697,ready,2026-07-22
1784887011,5,200,1.098006,ready,2026-07-22
1784887011,2,200,1.127566,ready,2026-07-22
1784887011,6,200,1.101387,ready,2026-07-22
1784887011,1,200,1.118427,ready,2026-07-22
1784887011,3,200,1.101526,ready,2026-07-22
1784887011,4,200,1.130811,ready,2026-07-22
1784887012,5,200,1.045527,ready,2026-07-22
1784887012,2,200,1.052021,ready,2026-07-22
1784887012,4,200,1.027533,ready,2026-07-22
1784887012,6,200,1.072704,ready,2026-07-22
1784887012,3,200,1.059756,ready,2026-07-22
1784887012,1,200,1.082035,ready,2026-07-22
1784887013,4,200,1.030943,ready,2026-07-22
1784887013,2,200,1.074145,ready,2026-07-22
1784887013,5,200,1.091508,ready,2026-07-22
1784887013,6,200,1.095993,ready,2026-07-22
1784887013,3,200,1.106958,ready,2026-07-22
1784887013,1,200,1.125814,ready,2026-07-22
1784887014,2,200,1.059786,ready,2026-07-22
1784887014,5,200,1.071965,ready,2026-07-22
1784887014,6,200,1.032326,ready,2026-07-22
1784887014,4,200,1.117746,ready,2026-07-22
1784887014,3,200,1.034615,ready,2026-07-22
1784887014,1,200,1.015218,ready,2026-07-22
1784887015,2,200,1.059417,ready,2026-07-22
1784887015,5,200,1.042848,ready,2026-07-22
1784887015,6,200,1.038692,ready,2026-07-22
1784887015,3,200,1.029539,ready,2026-07-22
1784887015,4,200,1.058840,ready,2026-07-22
1784887015,1,200,1.043573,ready,2026-07-22
1784887016,5,200,1.118669,ready,2026-07-22
1784887016,6,200,1.122812,ready,2026-07-22
1784887016,2,200,1.140177,ready,2026-07-22
1784887016,1,200,1.107405,ready,2026-07-22
1784887016,4,200,1.124883,ready,2026-07-22
1784887016,3,200,1.148206,ready,2026-07-22
1784887017,5,200,1.062305,ready,2026-07-22
1784887017,2,200,1.054369,ready,2026-07-22
1784887017,1,200,1.050423,ready,2026-07-22
1784887017,6,200,1.077236,ready,2026-07-22
1784887017,4,200,1.070327,ready,2026-07-22
1784887017,3,200,1.075397,ready,2026-07-22
1784887018,6,200,1.048425,ready,2026-07-22
1784887018,2,200,1.075269,ready,2026-07-22
1784887018,5,200,1.107139,ready,2026-07-22
1784887018,4,200,1.068605,ready,2026-07-22
1784887018,1,200,1.147385,ready,2026-07-22
1784887018,3,200,1.115335,ready,2026-07-22
1784887019,2,200,1.083947,ready,2026-07-22
1784887019,6,200,1.106277,ready,2026-07-22
1784887020,5,200,1.094428,ready,2026-07-22
1784887020,4,200,1.096800,ready,2026-07-22
1784887020,1,200,1.050528,ready,2026-07-22
1784887020,3,200,1.059604,ready,2026-07-22
1784887021,5,200,1.041435,ready,2026-07-22
1784887021,6,200,1.078413,ready,2026-07-22
1784887021,2,200,1.101820,ready,2026-07-22
1784887021,4,200,1.070593,ready,2026-07-22
1784887021,1,200,1.075341,ready,2026-07-22
1784887021,3,200,1.077802,ready,2026-07-22
1784887022,6,200,1.083845,ready,2026-07-22
1784887022,5,200,1.109102,ready,2026-07-22
1784887022,2,200,1.088824,ready,2026-07-22
1784887022,1,200,1.086199,ready,2026-07-22
1784887022,4,200,1.105038,ready,2026-07-22
1784887022,3,200,1.090929,ready,2026-07-22
1784887023,2,200,1.035171,ready,2026-07-22
1784887023,5,200,1.050835,ready,2026-07-22
1784887023,6,200,1.078926,ready,2026-07-22
1784887023,4,200,1.045679,ready,2026-07-22
1784887023,1,200,1.069287,ready,2026-07-22
1784887023,3,200,1.059641,ready,2026-07-22
1784887024,2,200,1.085808,ready,2026-07-22
1784887024,5,200,1.093562,ready,2026-07-22
1784887024,1,200,1.071614,ready,2026-07-22
1784887024,4,200,1.097848,ready,2026-07-22
1784887024,6,200,1.119814,ready,2026-07-22
1784887024,3,200,1.100113,ready,2026-07-22
1784887025,2,200,1.127770,ready,2026-07-22
1784887025,5,200,1.121822,ready,2026-07-22
1784887025,1,200,1.112298,ready,2026-07-22
1784887025,4,200,1.111285,ready,2026-07-22
1784887025,6,200,1.118891,ready,2026-07-22
1784887025,3,200,1.107714,ready,2026-07-22
1784887026,3,200,1.020912,ready,2026-07-22
1784887026,2,200,1.082137,ready,2026-07-22
1784887026,4,200,1.073327,ready,2026-07-22
1784887026,5,200,1.098276,ready,2026-07-22
1784887026,1,200,1.098839,ready,2026-07-22
1784887026,6,200,1.083802,ready,2026-07-22
1784887027,3,200,1.072342,ready,2026-07-22
1784887027,2,200,1.120696,ready,2026-07-22
1784887027,5,200,1.097441,ready,2026-07-22
1784887027,4,200,1.118941,ready,2026-07-22
1784887027,1,200,1.117449,ready,2026-07-22
1784887027,6,200,1.113479,ready,2026-07-22
1784887028,3,200,1.128322,ready,2026-07-22
1784887028,5,200,1.084532,ready,2026-07-22
1784887028,2,200,1.104816,ready,2026-07-22
1784887028,1,200,1.075350,ready,2026-07-22
1784887028,4,200,1.098298,ready,2026-07-22
1784887029,6,200,1.124909,ready,2026-07-22
1784887030,5,200,1.053054,ready,2026-07-22
1784887030,4,200,1.029332,ready,2026-07-22
1784887030,3,200,1.096858,ready,2026-07-22
1784887030,2,200,1.070855,ready,2026-07-22
1784887030,1,200,1.075701,ready,2026-07-22
1784887030,6,200,1.051698,ready,2026-07-22
1784887031,4,200,1.055154,ready,2026-07-22
1784887031,3,200,1.059749,ready,2026-07-22
1784887031,5,200,1.107556,ready,2026-07-22
1784887031,2,200,1.072479,ready,2026-07-22
1784887031,1,200,1.079052,ready,2026-07-22
1784887031,6,200,1.063456,ready,2026-07-22
1784887032,2,200,1.036791,ready,2026-07-22
1784887032,3,200,1.069169,ready,2026-07-22
1784887032,4,200,1.097250,ready,2026-07-22
1784887032,5,200,1.074494,ready,2026-07-22
1784887032,1,200,1.070695,ready,2026-07-22
1784887032,6,200,1.073112,ready,2026-07-22
1784887033,2,200,1.086593,ready,2026-07-22
1784887033,3,200,1.088194,ready,2026-07-22
1784887033,4,200,1.131069,ready,2026-07-22
1784887033,5,200,1.133972,ready,2026-07-22
1784887033,1,200,1.152943,ready,2026-07-22
1784887033,6,200,1.153246,ready,2026-07-22
1784887034,2,200,1.097592,ready,2026-07-22
1784887034,4,200,1.046886,ready,2026-07-22
1784887034,3,200,1.122887,ready,2026-07-22
1784887034,5,200,1.064049,ready,2026-07-22
1784887034,6,200,1.031119,ready,2026-07-22
1784887034,1,200,1.051991,ready,2026-07-22
1784887035,2,200,1.072050,ready,2026-07-22
1784887035,4,200,1.064490,ready,2026-07-22
1784887035,3,200,1.063119,ready,2026-07-22
1784887035,5,200,1.105214,ready,2026-07-22
1784887035,6,200,1.104118,ready,2026-07-22
1784887035,1,200,1.110497,ready,2026-07-22
1784887036,2,200,1.083285,ready,2026-07-22
1784887036,6,200,1.006926,ready,2026-07-22
1784887036,3,200,1.081603,ready,2026-07-22
1784887036,4,200,1.106287,ready,2026-07-22
1784887036,5,200,1.055207,ready,2026-07-22
1784887036,1,200,1.035731,ready,2026-07-22
1784887037,2,200,1.050959,ready,2026-07-22
1784887037,3,200,1.047167,ready,2026-07-22
1784887037,6,200,1.076384,ready,2026-07-22
1784887037,1,200,1.028079,ready,2026-07-22
1784887037,4,200,1.070133,ready,2026-07-22
1784887037,5,200,1.060765,ready,2026-07-22
1784887038,3,200,1.028604,ready,2026-07-22
1784887038,2,200,1.108752,ready,2026-07-22
1784887038,4,200,1.066837,ready,2026-07-22
1784887038,6,200,1.100621,ready,2026-07-22
1784887038,1,200,1.107585,ready,2026-07-22
1784887038,5,200,1.097670,ready,2026-07-22
1784887040,3,200,1.102213,ready,2026-07-22
1784887040,2,200,1.061376,ready,2026-07-22
1784887040,4,200,1.064156,ready,2026-07-22
1784887040,6,200,1.048800,ready,2026-07-22
1784887040,1,200,1.048602,ready,2026-07-22
1784887040,5,200,1.051168,ready,2026-07-22
1784887041,3,200,1.042007,ready,2026-07-22
1784887041,4,200,1.032969,ready,2026-07-22
1784887041,2,200,1.054670,ready,2026-07-22
1784887041,1,200,1.090388,ready,2026-07-22
1784887041,6,200,1.098170,ready,2026-07-22
1784887041,5,200,1.096712,ready,2026-07-22
1784887042,4,200,1.072067,ready,2026-07-22
1784887042,3,200,1.109172,ready,2026-07-22
1784887042,2,200,1.103289,ready,2026-07-22
1784887042,6,200,1.043028,ready,2026-07-22
1784887042,5,200,1.050962,ready,2026-07-22
1784887042,1,200,1.084991,ready,2026-07-22
1784887043,4,200,1.076061,ready,2026-07-22
1784887043,2,200,1.060418,ready,2026-07-22
1784887043,3,200,1.085150,ready,2026-07-22
1784887043,6,200,1.071839,ready,2026-07-22
1784887043,5,200,1.099798,ready,2026-07-22
1784887043,1,200,1.096922,ready,2026-07-22
1784887044,4,200,1.092410,ready,2026-07-22
1784887044,6,200,1.071911,ready,2026-07-22
1784887044,3,200,1.104920,ready,2026-07-22
1784887044,2,200,1.123329,ready,2026-07-22
1784887044,1,200,1.049452,ready,2026-07-22
1784887044,5,200,1.068562,ready,2026-07-22
1784887045,4,200,1.072607,ready,2026-07-22
1784887045,6,200,1.064493,ready,2026-07-22
1784887045,5,200,1.027680,ready,2026-07-22
1784887045,3,200,1.073695,ready,2026-07-22
1784887045,2,200,1.077770,ready,2026-07-22
1784887045,1,200,1.080341,ready,2026-07-22
1784887046,4,200,1.048583,ready,2026-07-22
1784887046,6,200,1.097132,ready,2026-07-22
1784887046,3,200,1.082015,ready,2026-07-22
1784887046,5,200,1.105228,ready,2026-07-22
1784887046,2,200,1.096986,ready,2026-07-22
1784887046,1,200,1.103706,ready,2026-07-22
1784887047,4,200,1.087082,ready,2026-07-22
1784887047,6,200,1.047351,ready,2026-07-22
1784887047,3,200,1.041027,ready,2026-07-22
1784887047,5,200,1.040550,ready,2026-07-22
1784887047,2,200,1.032778,ready,2026-07-22
1784887047,1,200,1.043247,ready,2026-07-22
1784887048,4,200,1.047809,ready,2026-07-22
1784887048,6,200,1.050195,ready,2026-07-22
1784887048,3,200,1.053704,ready,2026-07-22
1784887048,5,200,1.096802,ready,2026-07-22
1784887048,1,200,1.074327,ready,2026-07-22
1784887048,2,200,1.101557,ready,2026-07-22
1784887049,6,200,1.052470,ready,2026-07-22
1784887049,3,200,1.048518,ready,2026-07-22
1784887049,4,200,1.104408,ready,2026-07-22
1784887049,5,200,1.026992,ready,2026-07-22
1784887049,1,200,1.029726,ready,2026-07-22
1784887049,2,200,1.043448,ready,2026-07-22
1784887051,6,200,1.057374,ready,2026-07-22
1784887051,5,200,1.036103,ready,2026-07-22
1784887051,1,200,1.028919,ready,2026-07-22
1784887051,4,200,1.068065,ready,2026-07-22
1784887051,3,200,1.100392,ready,2026-07-22
1784887051,2,200,1.059672,ready,2026-07-22
1784887052,6,200,1.053484,ready,2026-07-22
1784887052,1,200,1.049452,ready,2026-07-22
1784887052,2,200,1.061594,ready,2026-07-22
1784887052,5,200,1.120262,ready,2026-07-22
1784887052,4,200,1.103387,ready,2026-07-22
1784887052,3,200,1.107789,ready,2026-07-22
1784887053,4,200,1.009408,ready,2026-07-22
1784887053,6,200,1.118042,ready,2026-07-22
1784887053,1,200,1.115074,ready,2026-07-22
1784887053,3,200,1.036472,ready,2026-07-22
1784887053,5,200,1.074207,ready,2026-07-22
1784887053,2,200,1.088971,ready,2026-07-22
1784887054,1,200,1.061660,ready,2026-07-22
1784887054,6,200,1.095651,ready,2026-07-22
1784887054,5,200,1.068023,ready,2026-07-22
1784887054,4,200,1.136046,ready,2026-07-22
1784887054,3,200,1.155917,ready,2026-07-22
1784887054,2,200,1.138437,ready,2026-07-22
1784887055,6,200,1.107678,ready,2026-07-22
1784887055,1,200,1.143119,ready,2026-07-22
1784887055,5,200,1.127059,ready,2026-07-22
1784887055,4,200,1.119300,ready,2026-07-22
1784887055,2,200,1.071137,ready,2026-07-22
1784887055,3,200,1.084771,ready,2026-07-22
1784887056,6,200,1.047557,ready,2026-07-22
1784887056,5,200,1.032891,ready,2026-07-22
1784887056,1,200,1.060850,ready,2026-07-22
1784887056,4,200,1.055582,ready,2026-07-22
1784887056,2,200,1.053650,ready,2026-07-22
1784887056,3,200,1.052466,ready,2026-07-22
1784887057,6,200,1.094826,ready,2026-07-22
1784887057,5,200,1.080085,ready,2026-07-22
1784887057,3,200,1.052560,ready,2026-07-22
1784887057,4,200,1.086264,ready,2026-07-22
1784887057,1,200,1.112672,ready,2026-07-22
1784887057,2,200,1.100671,ready,2026-07-22
1784887058,3,200,1.034288,ready,2026-07-22
1784887058,1,200,1.034769,ready,2026-07-22
1784887058,6,200,1.088633,ready,2026-07-22
1784887058,5,200,1.102409,ready,2026-07-22
1784887058,4,200,1.081702,ready,2026-07-22
1784887058,2,200,1.069869,ready,2026-07-22
1784887059,3,200,1.048372,ready,2026-07-22
1784887059,1,200,1.087222,ready,2026-07-22
1784887059,6,200,1.095208,ready,2026-07-22
1784887059,5,200,1.086592,ready,2026-07-22
1784887059,4,200,1.076750,ready,2026-07-22
1784887059,2,200,1.085422,ready,2026-07-22
1784887061,1,200,1.059176,ready,2026-07-22
1784887061,4,200,1.051681,ready,2026-07-22
1784887061,5,200,1.058471,ready,2026-07-22
1784887061,3,200,1.154857,ready,2026-07-22
1784887061,6,200,1.081189,ready,2026-07-22
1784887061,2,200,1.070736,ready,2026-07-22
1784887062,4,200,1.057535,ready,2026-07-22
1784887062,5,200,1.069046,ready,2026-07-22
1784887062,1,200,1.147685,ready,2026-07-22
1784887062,2,200,1.096759,ready,2026-07-22
1784887062,6,200,1.124251,ready,2026-07-22
1784887062,3,200,1.146009,ready,2026-07-22
1784887063,4,200,1.091851,ready,2026-07-22
1784887063,5,200,1.091962,ready,2026-07-22
1784887063,1,200,1.054280,ready,2026-07-22
1784887063,2,200,1.050509,ready,2026-07-22
1784887063,6,200,1.056267,ready,2026-07-22
1784887063,3,200,1.044956,ready,2026-07-22
1784887064,1,200,1.027379,ready,2026-07-22
1784887064,2,200,1.032921,ready,2026-07-22
1784887064,5,200,1.072296,ready,2026-07-22
1784887064,4,200,1.098096,ready,2026-07-22
1784887064,6,200,1.104449,ready,2026-07-22
1784887064,3,200,1.102806,ready,2026-07-22
1784887065,1,200,1.096227,ready,2026-07-22
1784887065,4,200,1.077315,ready,2026-07-22
1784887065,2,200,1.105695,ready,2026-07-22
1784887065,5,200,1.097502,ready,2026-07-22
1784887065,3,200,1.046475,ready,2026-07-22
1784887065,6,200,1.063644,ready,2026-07-22
1784887066,5,200,1.049016,ready,2026-07-22
1784887066,1,200,1.089382,ready,2026-07-22
1784887066,4,200,1.091209,ready,2026-07-22
1784887066,2,200,1.091941,ready,2026-07-22
1784887066,3,200,1.073049,ready,2026-07-22
1784887066,6,200,1.094179,ready,2026-07-22
1784887067,5,200,1.086812,ready,2026-07-22
1784887067,1,200,1.100707,ready,2026-07-22
1784887067,2,200,1.091809,ready,2026-07-22
1784887067,4,200,1.092264,ready,2026-07-22
1784887067,3,200,1.092068,ready,2026-07-22
1784887067,6,200,1.079102,ready,2026-07-22
1784887068,5,200,1.068893,ready,2026-07-22
1784887068,1,200,1.063521,ready,2026-07-22
1784887068,4,200,1.058254,ready,2026-07-22
1784887068,2,200,1.070129,ready,2026-07-22
1784887068,3,200,1.070263,ready,2026-07-22
1784887068,6,200,1.072117,ready,2026-07-22
1784887069,1,200,1.031973,ready,2026-07-22
1784887069,5,200,1.068933,ready,2026-07-22
1784887069,3,200,1.069390,ready,2026-07-22
1784887069,4,200,1.099548,ready,2026-07-22
1784887070,2,200,1.111933,ready,2026-07-22
1784887070,6,200,1.113206,ready,2026-07-22
1784887071,1,200,1.107643,ready,2026-07-22
1784887071,2,200,1.012623,ready,2026-07-22
1784887071,5,200,1.114551,ready,2026-07-22
1784887071,3,200,1.067792,ready,2026-07-22
1784887071,4,200,1.076316,ready,2026-07-22
1784887071,6,200,1.044008,ready,2026-07-22
1784887072,3,200,1.037400,ready,2026-07-22
1784887072,1,200,1.079589,ready,2026-07-22
1784887072,5,200,1.071790,ready,2026-07-22
1784887072,2,200,1.101581,ready,2026-07-22
1784887072,6,200,1.061828,ready,2026-07-22
1784887072,4,200,1.082819,ready,2026-07-22
1784887073,1,200,1.103795,ready,2026-07-22
1784887073,2,200,1.082926,ready,2026-07-22
1784887073,3,200,1.128223,ready,2026-07-22
1784887073,5,200,1.121269,ready,2026-07-22
1784887073,6,200,1.109780,ready,2026-07-22
1784887073,4,200,1.108556,ready,2026-07-22
1784887074,1,200,1.086128,ready,2026-07-22
1784887074,3,200,1.082538,ready,2026-07-22
1784887074,2,200,1.106858,ready,2026-07-22
1784887074,4,200,1.070482,ready,2026-07-22
1784887074,5,200,1.107525,ready,2026-07-22
1784887074,6,200,1.105603,ready,2026-07-22
1784887075,3,200,1.062998,ready,2026-07-22
1784887075,2,200,1.102777,ready,2026-07-22
1784887075,4,200,1.101768,ready,2026-07-22
1784887075,1,200,1.149284,ready,2026-07-22
1784887075,5,200,1.100487,ready,2026-07-22
1784887075,6,200,1.114683,ready,2026-07-22
1784887076,3,200,1.062831,ready,2026-07-22
1784887076,2,200,1.023003,ready,2026-07-22
1784887076,5,200,1.017920,ready,2026-07-22
1784887076,4,200,1.042601,ready,2026-07-22
1784887076,1,200,1.051353,ready,2026-07-22
1784887076,6,200,1.029740,ready,2026-07-22
1784887077,2,200,1.077600,ready,2026-07-22
1784887077,3,200,1.109115,ready,2026-07-22
1784887077,4,200,1.063562,ready,2026-07-22
1784887077,5,200,1.086578,ready,2026-07-22
1784887077,1,200,1.115865,ready,2026-07-22
1784887077,6,200,1.119887,ready,2026-07-22
1784887078,5,200,1.074151,ready,2026-07-22
1784887078,3,200,1.094924,ready,2026-07-22
1784887078,2,200,1.121219,ready,2026-07-22
1784887078,4,200,1.113692,ready,2026-07-22
1784887078,6,200,1.055352,ready,2026-07-22
1784887078,1,200,1.065920,ready,2026-07-22
1784887079,2,200,1.039796,ready,2026-07-22
1784887079,3,200,1.076025,ready,2026-07-22
1784887079,4,200,1.055704,ready,2026-07-22
1784887079,5,200,1.090282,ready,2026-07-22
1784887080,6,200,1.065475,ready,2026-07-22
1784887080,1,200,1.073181,ready,2026-07-22
1784887081,2,200,1.093334,ready,2026-07-22
1784887081,4,200,1.080284,ready,2026-07-22
1784887081,3,200,1.093946,ready,2026-07-22
1784887081,5,200,1.099033,ready,2026-07-22
1784887081,6,200,1.096875,ready,2026-07-22
1784887081,1,200,1.103492,ready,2026-07-22
1784887082,2,200,1.075444,ready,2026-07-22
1784887082,4,200,1.074918,ready,2026-07-22
1784887082,5,200,1.058186,ready,2026-07-22
1784887082,3,200,1.080314,ready,2026-07-22
1784887082,6,200,1.067807,ready,2026-07-22
1784887082,1,200,1.065355,ready,2026-07-22
1784887083,2,200,1.054860,ready,2026-07-22
1784887083,4,200,1.053456,ready,2026-07-22
1784887083,5,200,1.095726,ready,2026-07-22
1784887083,3,200,1.087446,ready,2026-07-22
1784887083,1,200,1.090517,ready,2026-07-22
1784887083,6,200,1.108934,ready,2026-07-22
1784887084,5,200,1.022101,ready,2026-07-22
1784887084,2,200,1.103015,ready,2026-07-22
1784887084,4,200,1.094551,ready,2026-07-22
1784887084,3,200,1.052526,ready,2026-07-22
1784887084,1,200,1.045151,ready,2026-07-22
1784887084,6,200,1.059887,ready,2026-07-22
1784887085,5,200,1.071398,ready,2026-07-22
1784887085,4,200,1.065683,ready,2026-07-22
1784887085,2,200,1.093148,ready,2026-07-22
1784887085,3,200,1.072763,ready,2026-07-22
1784887085,1,200,1.071751,ready,2026-07-22
1784887085,6,200,1.105160,ready,2026-07-22
1784887086,5,200,1.069978,ready,2026-07-22
1784887086,4,200,1.080735,ready,2026-07-22
1784887086,2,200,1.067257,ready,2026-07-22
1784887086,3,200,1.078058,ready,2026-07-22
1784887086,1,200,1.076610,ready,2026-07-22
1784887086,6,200,1.037684,ready,2026-07-22
1784887087,3,200,1.047317,ready,2026-07-22
1784887087,1,200,1.051864,ready,2026-07-22
1784887087,5,200,1.102953,ready,2026-07-22
1784887087,4,200,1.106463,ready,2026-07-22
1784887087,2,200,1.103087,ready,2026-07-22
1784887087,6,200,1.087607,ready,2026-07-22
1784887088,3,200,1.086028,ready,2026-07-22
1784887088,1,200,1.093198,ready,2026-07-22
1784887088,5,200,1.089722,ready,2026-07-22
1784887088,2,200,1.078723,ready,2026-07-22
1784887088,4,200,1.097541,ready,2026-07-22
1784887088,6,200,1.084972,ready,2026-07-22
1784887089,1,200,1.034805,ready,2026-07-22
1784887089,3,200,1.070969,ready,2026-07-22
1784887089,5,200,1.058642,ready,2026-07-22
1784887089,4,200,1.050094,ready,2026-07-22
1784887089,2,200,1.069704,ready,2026-07-22
1784887089,6,200,1.051335,ready,2026-07-22
1784887091,6,200,1.003580,ready,2026-07-22
1784887091,1,200,1.118639,ready,2026-07-22
1784887091,3,200,1.112703,ready,2026-07-22
1784887091,2,200,1.087394,ready,2026-07-22
1784887091,5,200,1.124453,ready,2026-07-22
1784887091,4,200,1.128267,ready,2026-07-22
1784887092,2,200,1.004326,ready,2026-07-22
1784887092,1,200,1.045070,ready,2026-07-22
1784887092,6,200,1.111329,ready,2026-07-22
1784887092,5,200,1.041816,ready,2026-07-22
1784887092,4,200,1.035630,ready,2026-07-22
1784887092,3,200,1.084980,ready,2026-07-22
1784887093,2,200,1.060896,ready,2026-07-22
1784887093,1,200,1.057076,ready,2026-07-22
1784887093,5,200,1.089722,ready,2026-07-22
1784887093,3,200,1.076168,ready,2026-07-22
1784887093,6,200,1.124109,ready,2026-07-22
1784887093,4,200,1.106326,ready,2026-07-22
1784887094,2,200,1.131420,ready,2026-07-22
1784887094,1,200,1.142835,ready,2026-07-22
1784887094,5,200,1.098884,ready,2026-07-22
1784887094,3,200,1.096994,ready,2026-07-22
1784887094,4,200,1.097044,ready,2026-07-22
1784887094,6,200,1.119930,ready,2026-07-22
1784887095,2,200,1.112177,ready,2026-07-22
1784887095,1,200,1.100805,ready,2026-07-22
1784887095,3,200,1.088512,ready,2026-07-22
1784887095,5,200,1.112700,ready,2026-07-22
1784887095,4,200,1.099452,ready,2026-07-22
1784887095,6,200,1.089542,ready,2026-07-22
1784887096,3,200,1.041819,ready,2026-07-22
1784887096,5,200,1.078145,ready,2026-07-22
1784887096,2,200,1.123476,ready,2026-07-22
1784887096,1,200,1.122662,ready,2026-07-22
1784887096,4,200,1.113864,ready,2026-07-22
1784887096,6,200,1.120667,ready,2026-07-22
1784887097,5,200,1.079997,ready,2026-07-22
1784887097,2,200,1.083330,ready,2026-07-22
1784887097,3,200,1.143919,ready,2026-07-22
1784887097,4,200,1.059497,ready,2026-07-22
1784887097,1,200,1.099717,ready,2026-07-22
1784887097,6,200,1.065872,ready,2026-07-22
1784887098,2,200,1.040738,ready,2026-07-22
1784887098,3,200,1.061162,ready,2026-07-22
1784887098,5,200,1.078039,ready,2026-07-22
1784887098,4,200,1.066866,ready,2026-07-22
1784887098,6,200,1.054081,ready,2026-07-22
1784887098,1,200,1.079489,ready,2026-07-22
1784887099,3,200,1.056050,ready,2026-07-22
1784887100,2,200,1.143977,ready,2026-07-22
1784887100,6,200,1.089676,ready,2026-07-22
1784887100,5,200,1.121905,ready,2026-07-22
1784887100,1,200,1.099713,ready,2026-07-22
1784887100,4,200,1.135934,ready,2026-07-22
1784887101,3,200,1.093008,ready,2026-07-22
1784887101,2,200,1.030746,ready,2026-07-22
1784887101,1,200,1.015868,ready,2026-07-22
1784887101,5,200,1.051962,ready,2026-07-22
1784887101,6,200,1.073713,ready,2026-07-22
1784887101,4,200,1.039382,ready,2026-07-22
1784887102,3,200,1.077463,ready,2026-07-22
1784887102,4,200,1.052691,ready,2026-07-22
1784887102,2,200,1.100496,ready,2026-07-22
1784887102,6,200,1.068209,ready,2026-07-22
1784887102,1,200,1.107201,ready,2026-07-22
1784887102,5,200,1.099729,ready,2026-07-22
1784887103,3,200,1.121891,ready,2026-07-22
1784887103,2,200,1.110928,ready,2026-07-22
1784887103,4,200,1.128142,ready,2026-07-22
1784887103,6,200,1.126954,ready,2026-07-22
1784887103,5,200,1.119074,ready,2026-07-22
1784887103,1,200,1.127718,ready,2026-07-22
1784887104,2,200,1.109492,ready,2026-07-22
1784887104,6,200,1.092262,ready,2026-07-22
1784887104,3,200,1.147920,ready,2026-07-22
1784887104,4,200,1.127343,ready,2026-07-22
1784887104,1,200,1.113355,ready,2026-07-22
1784887104,5,200,1.126142,ready,2026-07-22
1784887105,6,200,1.100274,ready,2026-07-22
1784887105,2,200,1.123613,ready,2026-07-22
1784887105,3,200,1.114043,ready,2026-07-22
1784887105,1,200,1.153420,ready,2026-07-22
1784887105,5,200,1.161501,ready,2026-07-22
1784887105,4,200,1.181280,ready,2026-07-22
1784887106,2,200,1.090619,ready,2026-07-22
1784887106,3,200,1.094085,ready,2026-07-22
1784887106,6,200,1.134575,ready,2026-07-22
1784887106,1,200,1.057107,ready,2026-07-22
1784887106,4,200,1.055447,ready,2026-07-22
1784887106,5,200,1.065177,ready,2026-07-22
1784887107,6,200,1.027409,ready,2026-07-22
1784887107,2,200,1.083640,ready,2026-07-22
1784887107,3,200,1.077075,ready,2026-07-22
1784887107,1,200,1.059901,ready,2026-07-22
1784887107,4,200,1.060761,ready,2026-07-22
1784887107,5,200,1.061525,ready,2026-07-22
1784887109,6,200,1.095490,ready,2026-07-22
1784887109,2,200,1.091996,ready,2026-07-22
1784887109,4,200,1.074036,ready,2026-07-22
1784887109,3,200,1.106496,ready,2026-07-22
1784887109,5,200,1.087039,ready,2026-07-22
1784887109,1,200,1.110123,ready,2026-07-22
1784887110,6,200,1.094119,ready,2026-07-22
1784887110,2,200,1.074292,ready,2026-07-22
1784887110,4,200,1.081079,ready,2026-07-22
1784887110,3,200,1.082024,ready,2026-07-22
1784887110,5,200,1.084969,ready,2026-07-22
1784887110,1,200,1.090413,ready,2026-07-22
1784887111,2,200,1.097817,ready,2026-07-22
1784887111,3,200,1.117727,ready,2026-07-22
1784887111,6,200,1.171332,ready,2026-07-22
1784887111,4,200,1.151905,ready,2026-07-22
1784887111,1,200,1.136282,ready,2026-07-22
1784887111,5,200,1.167003,ready,2026-07-22
1784887112,4,200,1.024588,ready,2026-07-22
1784887112,2,200,1.119659,ready,2026-07-22
1784887112,6,200,1.059297,ready,2026-07-22
1784887112,3,200,1.095954,ready,2026-07-22
1784887112,1,200,1.068968,ready,2026-07-22
1784887112,5,200,1.051099,ready,2026-07-22
1784887113,2,200,1.075126,ready,2026-07-22
1784887113,3,200,1.053617,ready,2026-07-22
1784887113,1,200,1.097305,ready,2026-07-22
1784887113,6,200,1.143661,ready,2026-07-22
1784887113,4,200,1.172024,ready,2026-07-22
1784887113,5,200,1.146055,ready,2026-07-22
1784887114,3,200,1.091160,ready,2026-07-22
1784887114,2,200,1.112055,ready,2026-07-22
1784887114,1,200,1.066393,ready,2026-07-22
1784887114,6,200,1.068872,ready,2026-07-22
1784887114,4,200,1.076870,ready,2026-07-22
1784887114,5,200,1.055955,ready,2026-07-22
1784887115,2,200,1.054432,ready,2026-07-22
1784887115,6,200,1.030787,ready,2026-07-22
1784887115,3,200,1.097182,ready,2026-07-22
1784887115,5,200,1.050835,ready,2026-07-22
1784887115,1,200,1.085569,ready,2026-07-22
1784887115,4,200,1.076731,ready,2026-07-22
1784887116,2,200,1.108738,ready,2026-07-22
1784887116,3,200,1.097411,ready,2026-07-22
1784887116,6,200,1.121751,ready,2026-07-22
1784887116,5,200,1.109000,ready,2026-07-22
1784887116,4,200,1.108011,ready,2026-07-22
1784887116,1,200,1.117608,ready,2026-07-22
1784887117,6,200,1.047176,ready,2026-07-22
1784887117,3,200,1.053155,ready,2026-07-22
1784887118,2,200,1.085241,ready,2026-07-22
1784887118,1,200,1.043645,ready,2026-07-22
1784887118,4,200,1.052808,ready,2026-07-22
1784887118,5,200,1.079501,ready,2026-07-22
1784887119,6,200,1.073304,ready,2026-07-22
1784887119,3,200,1.128451,ready,2026-07-22
1784887119,2,200,1.113621,ready,2026-07-22
1784887119,4,200,1.105293,ready,2026-07-22
1784887119,1,200,1.126192,ready,2026-07-22
1784887119,5,200,1.116027,ready,2026-07-22
1784887120,6,200,1.148909,ready,2026-07-22
1784887120,4,200,1.082259,ready,2026-07-22
1784887120,2,200,1.109575,ready,2026-07-22
1784887120,1,200,1.093361,ready,2026-07-22
1784887120,3,200,1.135292,ready,2026-07-22
1784887120,5,200,1.106414,ready,2026-07-22
1784887121,2,200,1.051774,ready,2026-07-22
1784887121,6,200,1.079665,ready,2026-07-22
1784887121,4,200,1.088533,ready,2026-07-22
1784887121,1,200,1.076572,ready,2026-07-22
1784887121,3,200,1.074217,ready,2026-07-22
1784887121,5,200,1.077265,ready,2026-07-22
1784887122,6,200,1.071173,ready,2026-07-22
1784887122,3,200,1.053087,ready,2026-07-22
1784887122,2,200,1.102908,ready,2026-07-22
1784887122,1,200,1.080029,ready,2026-07-22
1784887122,4,200,1.103706,ready,2026-07-22
1784887122,5,200,1.082249,ready,2026-07-22
1784887123,6,200,1.045087,ready,2026-07-22
1784887123,2,200,1.037287,ready,2026-07-22
1784887123,3,200,1.067415,ready,2026-07-22
1784887123,1,200,1.053413,ready,2026-07-22
1784887123,4,200,1.057035,ready,2026-07-22
1784887123,5,200,1.051731,ready,2026-07-22
1784887124,2,200,1.110154,ready,2026-07-22
1784887124,3,200,1.090768,ready,2026-07-22
1784887124,6,200,1.187513,ready,2026-07-22
1784887124,5,200,1.127558,ready,2026-07-22
1784887124,1,200,1.158194,ready,2026-07-22
1784887124,4,200,1.157062,ready,2026-07-22
1784887125,2,200,1.096296,ready,2026-07-22
1784887125,3,200,1.102866,ready,2026-07-22
1784887125,6,200,1.057911,ready,2026-07-22
1784887125,1,200,1.053033,ready,2026-07-22
1784887125,5,200,1.072368,ready,2026-07-22
1784887125,4,200,1.067805,ready,2026-07-22
1784887126,2,200,1.109189,ready,2026-07-22
1784887126,3,200,1.110828,ready,2026-07-22
1784887127,6,200,1.102764,ready,2026-07-22
1784887127,1,200,1.114045,ready,2026-07-22
1784887127,5,200,1.105868,ready,2026-07-22
1784887127,4,200,1.099829,ready,2026-07-22
1784887128,3,200,1.081914,ready,2026-07-22
1784887128,2,200,1.087295,ready,2026-07-22
1784887128,4,200,1.104642,ready,2026-07-22
1784887128,5,200,1.114551,ready,2026-07-22
1784887128,6,200,1.145175,ready,2026-07-22
1784887128,1,200,1.156843,ready,2026-07-22
1784887129,2,200,1.091697,ready,2026-07-22
1784887129,4,200,1.045883,ready,2026-07-22
1784887129,3,200,1.126685,ready,2026-07-22
1784887129,1,200,1.022716,ready,2026-07-22
1784887129,6,200,1.068986,ready,2026-07-22
1784887129,5,200,1.093543,ready,2026-07-22
1784887130,2,200,1.082363,ready,2026-07-22
1784887130,3,200,1.059022,ready,2026-07-22
1784887130,4,200,1.074487,ready,2026-07-22
1784887130,1,200,1.063456,ready,2026-07-22
1784887130,6,200,1.066043,ready,2026-07-22
1784887130,5,200,1.058288,ready,2026-07-22
1784887131,3,200,1.111584,ready,2026-07-22
1784887131,4,200,1.110952,ready,2026-07-22
1784887131,2,200,1.139649,ready,2026-07-22
1784887131,1,200,1.130485,ready,2026-07-22
1784887131,5,200,1.120423,ready,2026-07-22
1784887131,6,200,1.137107,ready,2026-07-22
1784887132,2,200,1.047714,ready,2026-07-22
1784887132,3,200,1.087421,ready,2026-07-22
1784887132,4,200,1.091437,ready,2026-07-22
1784887132,6,200,1.062209,ready,2026-07-22
1784887132,1,200,1.087384,ready,2026-07-22
1784887132,5,200,1.096215,ready,2026-07-22
1784887133,2,200,1.070924,ready,2026-07-22
1784887133,4,200,1.043731,ready,2026-07-22
1784887133,3,200,1.110945,ready,2026-07-22
1784887133,6,200,1.091996,ready,2026-07-22
1784887133,5,200,1.096762,ready,2026-07-22
1784887133,1,200,1.121616,ready,2026-07-22
1784887134,4,200,1.113487,ready,2026-07-22
1784887134,2,200,1.129491,ready,2026-07-22
1784887134,1,200,1.044619,ready,2026-07-22
1784887134,6,200,1.092850,ready,2026-07-22
1784887134,3,200,1.112615,ready,2026-07-22
1784887134,5,200,1.085116,ready,2026-07-22
1784887135,2,200,1.060233,ready,2026-07-22
1784887135,4,200,1.080033,ready,2026-07-22
1784887135,1,200,1.060644,ready,2026-07-22
1784887135,6,200,1.066176,ready,2026-07-22
1784887136,3,200,1.115405,ready,2026-07-22
1784887136,5,200,1.114887,ready,2026-07-22
1784887137,2,200,1.083921,ready,2026-07-22
1784887137,1,200,1.091828,ready,2026-07-22
1784887137,6,200,1.079854,ready,2026-07-22
1784887137,4,200,1.120473,ready,2026-07-22
1784887137,5,200,1.031364,ready,2026-07-22
1784887137,3,200,1.058641,ready,2026-07-22
1784887138,2,200,1.084052,ready,2026-07-22
1784887138,4,200,1.053464,ready,2026-07-22
1784887138,1,200,1.086311,ready,2026-07-22
1784887138,6,200,1.085260,ready,2026-07-22
1784887138,5,200,1.083450,ready,2026-07-22
1784887138,3,200,1.075777,ready,2026-07-22
1784887139,2,200,1.055648,ready,2026-07-22
1784887139,1,200,1.090320,ready,2026-07-22
1784887139,6,200,1.089860,ready,2026-07-22
1784887139,4,200,1.120231,ready,2026-07-22
1784887139,5,200,1.112478,ready,2026-07-22
1784887139,3,200,1.123928,ready,2026-07-22
1784887140,2,200,1.078990,ready,2026-07-22
1784887140,4,200,1.019578,ready,2026-07-22
1784887140,1,200,1.069673,ready,2026-07-22
1784887140,6,200,1.057974,ready,2026-07-22
1784887140,5,200,1.030709,ready,2026-07-22
1784887140,3,200,1.032003,ready,2026-07-22
1784887141,4,200,1.066398,ready,2026-07-22
1784887141,2,200,1.101751,ready,2026-07-22
1784887141,5,200,1.047709,ready,2026-07-22
1784887141,6,200,1.069177,ready,2026-07-22
1784887141,1,200,1.127334,ready,2026-07-22
1784887141,3,200,1.103883,ready,2026-07-22
1784887142,4,200,1.100261,ready,2026-07-22
1784887142,6,200,1.075844,ready,2026-07-22
1784887142,5,200,1.111146,ready,2026-07-22
1784887142,2,200,1.125849,ready,2026-07-22
1784887142,1,200,1.069031,ready,2026-07-22
1784887142,3,200,1.070822,ready,2026-07-22
1784887143,4,200,1.072638,ready,2026-07-22
1784887143,2,200,1.049062,ready,2026-07-22
1784887143,6,200,1.087041,ready,2026-07-22
1784887143,5,200,1.083302,ready,2026-07-22
1784887143,1,200,1.069444,ready,2026-07-22
1784887143,3,200,1.073926,ready,2026-07-22
1784887144,2,200,1.091108,ready,2026-07-22
1784887144,4,200,1.122398,ready,2026-07-22
1784887144,6,200,1.104986,ready,2026-07-22
1784887144,3,200,1.079642,ready,2026-07-22
1784887144,5,200,1.119819,ready,2026-07-22
1784887144,1,200,1.107497,ready,2026-07-22
1784887145,2,200,1.056527,ready,2026-07-22
1784887145,4,200,1.064214,ready,2026-07-22
1784887145,1,200,1.035450,ready,2026-07-22
1784887145,6,200,1.071437,ready,2026-07-22
1784887146,5,200,1.063478,ready,2026-07-22
1784887146,3,200,1.083975,ready,2026-07-22
1784887147,2,200,1.082171,ready,2026-07-22
1784887147,1,200,1.071176,ready,2026-07-22
1784887147,4,200,1.094915,ready,2026-07-22
1784887147,5,200,1.065844,ready,2026-07-22
1784887147,6,200,1.100779,ready,2026-07-22
1784887147,3,200,1.121798,ready,2026-07-22
1784887148,6,200,1.042967,ready,2026-07-22
1784887148,2,200,1.120509,ready,2026-07-22
1784887148,3,200,1.029618,ready,2026-07-22
1784887148,1,200,1.117204,ready,2026-07-22
1784887148,5,200,1.114000,ready,2026-07-22
1784887148,4,200,1.130890,ready,2026-07-22
1784887149,2,200,1.054217,ready,2026-07-22
1784887149,6,200,1.097851,ready,2026-07-22
1784887149,4,200,1.042044,ready,2026-07-22
1784887149,1,200,1.078761,ready,2026-07-22
1784887149,5,200,1.074687,ready,2026-07-22
1784887149,3,200,1.104560,ready,2026-07-22
1784887150,6,200,1.104370,ready,2026-07-22
1784887150,2,200,1.132400,ready,2026-07-22
1784887150,4,200,1.109464,ready,2026-07-22
1784887150,1,200,1.121718,ready,2026-07-22
1784887150,3,200,1.111491,ready,2026-07-22
1784887150,5,200,1.130779,ready,2026-07-22
1784887151,4,200,1.060588,ready,2026-07-22
1784887151,6,200,1.088671,ready,2026-07-22
1784887151,2,200,1.093588,ready,2026-07-22
1784887151,1,200,1.088873,ready,2026-07-22
1784887151,3,200,1.079019,ready,2026-07-22
1784887151,5,200,1.081084,ready,2026-07-22
1784887152,4,200,1.061155,ready,2026-07-22
1784887152,6,200,1.079178,ready,2026-07-22
1784887152,2,200,1.067500,ready,2026-07-22
1784887152,5,200,1.043521,ready,2026-07-22
1784887152,1,200,1.071842,ready,2026-07-22
1784887152,3,200,1.072177,ready,2026-07-22
1784887153,6,200,1.091936,ready,2026-07-22
1784887153,4,200,1.125011,ready,2026-07-22
1784887153,2,200,1.111496,ready,2026-07-22
1784887153,1,200,1.098175,ready,2026-07-22
1784887153,5,200,1.124415,ready,2026-07-22
1784887153,3,200,1.119184,ready,2026-07-22
1784887154,6,200,1.065783,ready,2026-07-22
1784887154,4,200,1.070829,ready,2026-07-22
1784887154,2,200,1.069380,ready,2026-07-22
1784887154,5,200,1.061288,ready,2026-07-22
1784887154,3,200,1.062725,ready,2026-07-22
1784887154,1,200,1.101149,ready,2026-07-22
1784887156,2,200,1.095249,ready,2026-07-22
1784887156,5,200,1.096295,ready,2026-07-22
1784887156,4,200,1.151413,ready,2026-07-22
1784887156,6,200,1.164002,ready,2026-07-22
1784887156,3,200,1.120334,ready,2026-07-22
1784887156,1,200,1.119437,ready,2026-07-22
1784887157,2,200,1.056900,ready,2026-07-22
1784887157,5,200,1.056375,ready,2026-07-22
1784887157,4,200,1.042206,ready,2026-07-22
1784887157,3,200,1.044301,ready,2026-07-22
1784887157,6,200,1.069799,ready,2026-07-22
1784887157,1,200,1.055913,ready,2026-07-22
1784887158,5,200,1.033834,ready,2026-07-22
1784887158,4,200,1.056489,ready,2026-07-22
1784887158,2,200,1.088323,ready,2026-07-22
1784887158,3,200,1.055515,ready,2026-07-22
1784887158,6,200,1.056243,ready,2026-07-22
1784887158,1,200,1.061120,ready,2026-07-22
1784887159,5,200,1.089140,ready,2026-07-22
1784887159,3,200,1.054190,ready,2026-07-22
1784887159,4,200,1.084476,ready,2026-07-22
1784887159,2,200,1.093318,ready,2026-07-22
1784887159,1,200,1.070545,ready,2026-07-22
1784887159,6,200,1.091537,ready,2026-07-22
1784887160,4,200,1.035061,ready,2026-07-22
1784887160,3,200,1.057685,ready,2026-07-22
1784887160,5,200,1.088884,ready,2026-07-22
1784887160,2,200,1.063669,ready,2026-07-22
1784887160,6,200,1.050985,ready,2026-07-22
1784887160,1,200,1.072929,ready,2026-07-22
1784887161,4,200,1.064333,ready,2026-07-22
1784887161,3,200,1.060041,ready,2026-07-22
1784887161,6,200,1.033502,ready,2026-07-22
1784887161,5,200,1.070521,ready,2026-07-22
1784887161,2,200,1.063074,ready,2026-07-22
1784887161,1,200,1.054814,ready,2026-07-22
1784887162,3,200,1.069852,ready,2026-07-22
1784887162,4,200,1.074364,ready,2026-07-22
1784887162,5,200,1.101057,ready,2026-07-22
1784887162,2,200,1.111448,ready,2026-07-22
1784887162,6,200,1.136342,ready,2026-07-22
1784887162,1,200,1.146450,ready,2026-07-22
1784887163,4,200,1.086465,ready,2026-07-22
1784887163,3,200,1.101791,ready,2026-07-22
1784887163,5,200,1.057536,ready,2026-07-22
1784887163,2,200,1.055410,ready,2026-07-22
1784887163,1,200,1.017147,ready,2026-07-22
1784887163,6,200,1.072102,ready,2026-07-22
1784887164,4,200,1.076482,ready,2026-07-22
1784887164,3,200,1.072706,ready,2026-07-22
1784887164,5,200,1.061767,ready,2026-07-22
1784887164,2,200,1.066915,ready,2026-07-22
1784887164,1,200,1.112221,ready,2026-07-22
1784887164,6,200,1.107072,ready,2026-07-22
1784887166,3,200,1.094408,ready,2026-07-22
1784887166,2,200,1.073240,ready,2026-07-22
1784887166,5,200,1.098018,ready,2026-07-22
1784887166,4,200,1.131487,ready,2026-07-22
1784887166,1,200,1.057191,ready,2026-07-22
1784887166,6,200,1.051999,ready,2026-07-22
