epoch_ms,http_code,total_s,connect_s,ttfb_s
1786157903917,200,0.133,0.001,0.133
1786157904917,200,0.098,0.000,0.098
1786157905917,200,0.098,0.000,0.098
1786157906917,200,0.154,0.000,0.154
1786157907917,200,0.364,0.000,0.364
1786157908917,200,0.430,0.000,0.430
1786157909917,200,0.271,0.000,0.271
1786157910917,200,0.490,0.000,0.490
1786157911917,200,0.411,0.000,0.411
1786157912917,200,0.108,0.000,0.108
1786157913917,200,0.142,0.000,0.142
1786157914917,200,0.608,0.000,0.608
1786157915917,200,0.387,0.000,0.387
1786157916918,200,0.262,0.000,0.262
1786157917918,200,0.435,0.000,0.435
1786157918918,200,0.403,0.000,0.403
1786157919918,200,0.313,0.000,0.313
1786157920918,200,0.228,0.000,0.228
1786157921918,200,0.169,0.000,0.169
1786157922918,200,0.125,0.000,0.125
1786157923918,200,0.359,0.000,0.359
1786157924918,200,0.165,0.000,0.165
1786157925918,200,0.535,0.000,0.535
1786157926918,200,0.374,0.000,0.374
1786157927918,200,0.448,0.000,0.448
1786157928918,200,0.443,0.000,0.443
1786157929919,200,0.510,0.000,0.510
1786157930919,200,0.280,0.000,0.280
1786157931919,200,0.209,0.000,0.209
1786157932919,200,0.540,0.000,0.540
1786157933919,200,0.144,0.000,0.144
1786157934919,200,0.517,0.000,0.517
1786157935919,200,0.372,0.000,0.372
1786157936919,200,0.143,0.000,0.142
1786157937919,200,0.443,0.000,0.443
1786157938919,200,0.330,0.000,0.330
1786157939919,200,0.268,0.000,0.268
1786157940919,200,0.149,0.000,0.149
1786157941919,200,0.347,0.000,0.347
1786157942919,200,0.270,0.000,0.270
1786157943920,200,0.419,0.000,0.419
1786157944920,200,0.535,0.000,0.535
1786157945920,200,0.631,0.000,0.631
1786157946920,200,0.514,0.000,0.514
1786157947920,200,0.605,0.000,0.605
1786157948920,200,0.140,0.000,0.140
1786157949920,200,0.116,0.000,0.116
1786157950920,200,0.375,0.000,0.375
1786157951920,200,0.156,0.000,0.156
1786157952920,200,0.214,0.000,0.214
1786157953920,200,0.311,0.000,0.311
1786157954920,200,0.645,0.000,0.645
1786157955920,200,0.119,0.000,0.119
1786157956921,200,0.380,0.000,0.380
1786157957921,200,0.185,0.000,0.185
1786157958921,200,0.099,0.000,0.099
1786157959921,200,0.258,0.000,0.258
1786157960921,200,0.160,0.000,0.160
1786157961921,200,0.207,0.000,0.207
1786157962921,200,0.176,0.000,0.176
1786157963921,200,0.184,0.000,0.184
1786157964921,200,0.145,0.000,0.145
1786157965921,200,0.133,0.000,0.133
1786157966921,200,0.150,0.000,0.150
1786157967921,200,0.100,0.000,0.099
1786157968921,200,0.812,0.000,0.812
1786157969921,200,0.212,0.000,0.212
1786157970922,200,0.101,0.000,0.101
1786157971922,200,0.244,0.000,0.244
1786157972922,200,0.230,0.000,0.230
1786157973922,200,0.583,0.000,0.583
1786157974922,200,0.189,0.000,0.189
1786157975922,200,0.691,0.000,0.691
1786157976922,200,0.200,0.000,0.200
1786157977922,200,0.217,0.000,0.217
1786157978922,200,0.323,0.000,0.323
1786157979922,200,0.118,0.000,0.118
1786157980922,200,0.848,0.000,0.848
1786157981922,200,0.116,0.000,0.116
1786157982922,200,0.220,0.000,0.220
1786157983923,200,0.598,0.000,0.598
1786157984923,200,0.096,0.000,0.096
1786157985923,200,0.241,0.000,0.240
1786157986923,200,0.414,0.000,0.414
1786157987923,200,0.098,0.000,0.098
1786157988923,200,0.108,0.000,0.108
1786157989923,200,0.454,0.000,0.453
1786157990923,200,0.129,0.000,0.129
1786157991923,200,0.109,0.000,0.109
1786157992923,200,0.442,0.000,0.442
1786157993923,200,0.254,0.000,0.254
1786157994923,200,0.122,0.000,0.122
1786157995923,200,0.881,0.000,0.881
1786157996924,200,0.137,0.000,0.137
1786157997924,200,0.102,0.000,0.102
1786157998924,200,1.095,0.000,1.095
1786158000019,200,0.213,0.000,0.213
1786158001019,200,0.193,0.000,0.193
1786158002019,200,0.181,0.000,0.181
1786158003019,200,0.737,0.000,0.737
1786158004019,200,0.106,0.000,0.106
1786158005019,200,0.118,0.000,0.118
1786158006019,200,0.159,0.000,0.159
1786158007019,200,0.411,0.000,0.411
1786158008019,200,0.096,0.000,0.096
1786158009019,200,0.197,0.000,0.197
1786158010019,200,1.028,0.000,1.028
1786158011047,200,0.151,0.000,0.151
1786158012047,200,0.140,0.000,0.140
1786158013047,200,0.131,0.000,0.131
1786158014047,200,0.097,0.000,0.097
1786158015047,200,1.034,0.000,1.034
1786158016082,200,0.104,0.000,0.104
1786158017082,200,0.161,0.000,0.161
1786158018082,200,0.162,0.000,0.161
1786158019082,200,0.183,0.000,0.183
1786158020082,200,0.144,0.000,0.144
1786158021082,200,0.160,0.000,0.160
1786158022082,200,0.107,0.000,0.107
1786158023082,200,0.151,0.000,0.151
1786158024082,200,4.542,0.000,4.542
1786158028624,200,1.278,0.000,1.278
1786158029902,200,0.129,0.000,0.129
1786158030902,200,0.691,0.000,0.690
1786158031902,200,0.114,0.000,0.114
1786158032902,200,2.488,0.000,2.488
1786158035389,200,0.151,0.000,0.151
1786158036390,200,0.153,0.000,0.153
1786158037390,200,1.120,0.000,1.120
1786158038510,200,0.177,0.000,0.177
1786158039510,200,0.100,0.000,0.099
1786158040510,200,0.152,0.000,0.152
1786158041510,200,1.331,0.000,1.330
1786158042841,200,0.125,0.000,0.125
1786158043841,200,0.248,0.000,0.248
1786158044841,200,0.166,0.000,0.166
1786158045841,200,0.252,0.000,0.252
1786158046841,200,0.221,0.000,0.221
1786158047841,200,0.221,0.000,0.221
1786158048841,200,0.154,0.000,0.154
1786158049841,200,0.574,0.000,0.574
1786158050841,200,0.230,0.000,0.230
1786158051841,200,0.649,0.000,0.649
1786158052841,200,0.144,0.000,0.144
1786158053841,200,0.175,0.000,0.175
1786158054841,200,0.159,0.000,0.159
1786158055842,200,0.115,0.000,0.115
1786158056842,200,0.531,0.000,0.530
1786158057842,200,0.233,0.000,0.233
1786158058842,200,0.234,0.000,0.234
1786158059842,200,0.220,0.000,0.220
1786158060842,200,0.217,0.000,0.217
1786158061842,200,4.901,0.000,4.901
1786158066743,200,0.098,0.000,0.098
1786158067743,200,0.364,0.000,0.364
1786158068743,200,0.204,0.000,0.204
1786158069743,200,0.283,0.000,0.283
1786158070743,000,5.005,0.000,0.000
1786158075748,200,2.144,0.000,2.144
1786158077892,200,0.183,0.000,0.183
1786158078892,200,1.579,0.000,1.579
1786158080472,200,0.172,0.000,0.172
1786158081472,200,0.439,0.000,0.439
1786158082472,200,0.106,0.000,0.106
1786158083472,200,0.179,0.000,0.179
1786158084472,200,0.199,0.000,0.199
1786158085472,200,0.171,0.000,0.171
1786158086472,200,0.201,0.000,0.201
1786158087472,200,0.427,0.000,0.427
1786158088472,200,0.101,0.000,0.101
1786158089472,200,0.098,0.000,0.098
1786158090472,200,0.339,0.000,0.339
1786158091472,200,3.545,0.000,3.545
1786158095018,200,0.127,0.000,0.127
1786158096018,200,3.825,0.000,3.825
1786158099843,200,0.185,0.000,0.185
1786158100843,200,4.033,0.000,4.033
1786158104877,200,4.221,0.000,4.221
1786158109097,000,5.005,0.000,0.000
1786158114102,200,4.361,0.000,4.361
1786158118463,200,2.970,0.000,2.970
1786158121433,200,0.169,0.000,0.169
1786158122433,200,0.458,0.000,0.458
1786158123433,200,0.169,0.000,0.169
1786158124433,200,0.170,0.000,0.170
1786158125434,200,0.662,0.000,0.662
1786158126434,200,0.247,0.000,0.246
1786158127434,200,0.104,0.000,0.104
1786158128434,200,0.224,0.000,0.224
1786158129434,200,0.682,0.000,0.682
1786158130434,200,0.177,0.000,0.177
1786158131434,200,0.160,0.000,0.160
1786158132434,200,0.143,0.000,0.143
1786158133434,200,0.909,0.000,0.909
1786158134434,200,0.179,0.000,0.179
1786158135434,200,0.171,0.000,0.171
1786158136434,200,0.099,0.000,0.099
1786158137434,200,0.116,0.000,0.115
1786158138434,200,0.145,0.000,0.145
1786158139435,200,0.169,0.000,0.169
1786158140435,200,0.142,0.000,0.142
1786158141435,200,0.152,0.000,0.152
1786158142435,200,0.422,0.000,0.422
1786158143435,200,0.170,0.000,0.170
1786158144435,200,0.116,0.000,0.116
1786158145435,200,0.144,0.000,0.144
1786158146435,200,0.811,0.000,0.811
1786158147435,200,0.198,0.000,0.198
1786158148435,200,0.190,0.000,0.190
1786158149435,200,0.247,0.000,0.247
1786158150435,200,0.206,0.000,0.206
1786158151435,200,0.261,0.000,0.261
1786158152436,200,0.102,0.000,0.102
1786158153436,200,0.183,0.000,0.183
1786158154436,200,0.177,0.000,0.177
1786158155436,200,0.781,0.000,0.781
1786158156436,200,0.191,0.000,0.191
1786158157436,200,0.168,0.000,0.168
1786158158436,200,0.164,0.000,0.164
1786158159436,200,0.161,0.000,0.161
1786158160436,200,0.622,0.000,0.622
1786158161436,200,0.099,0.000,0.099
1786158162436,200,0.233,0.000,0.233
1786158163436,200,0.136,0.000,0.136
1786158164436,200,0.133,0.000,0.133
1786158165436,200,0.306,0.000,0.306
1786158166437,200,0.128,0.000,0.128
1786158167437,200,0.184,0.000,0.184
1786158168437,200,0.240,0.000,0.240
1786158169437,200,0.104,0.000,0.104
1786158170437,200,0.186,0.000,0.186
1786158171437,200,0.307,0.000,0.307
1786158172437,200,0.121,0.000,0.120
1786158173437,200,0.099,0.000,0.099
1786158174437,200,0.938,0.000,0.938
1786158175437,200,0.262,0.000,0.262
1786158176437,200,2.652,0.000,2.652
1786158179089,200,1.654,0.000,1.653
1786158180743,200,3.062,0.000,3.062
1786158183805,200,2.124,0.000,2.124
1786158185928,200,0.127,0.000,0.126
1786158186928,200,0.135,0.000,0.135
1786158187929,200,0.494,0.000,0.494
1786158188929,200,0.103,0.000,0.103
1786158189929,200,0.211,0.000,0.211
1786158190929,200,0.119,0.000,0.119
1786158191929,200,0.588,0.000,0.588
1786158192929,200,0.385,0.000,0.385
1786158193929,200,0.178,0.000,0.178
1786158194929,200,0.356,0.000,0.356
1786158195929,200,0.488,0.000,0.488
1786158196929,200,0.110,0.000,0.110
1786158197929,200,0.108,0.000,0.108
1786158198929,200,0.338,0.000,0.338
1786158199929,200,0.189,0.000,0.189
1786158200929,200,0.268,0.000,0.268
1786158201930,200,0.152,0.000,0.152
1786158202930,200,0.214,0.000,0.214
1786158203930,200,0.301,0.000,0.301
1786158204930,200,0.373,0.000,0.373
1786158205930,200,0.139,0.000,0.139
1786158206930,200,0.109,0.000,0.109
1786158207930,200,0.477,0.000,0.477
1786158208930,200,0.113,0.000,0.113
1786158209930,200,0.310,0.000,0.310
1786158210930,200,0.238,0.000,0.237
1786158211930,200,0.212,0.000,0.212
1786158212930,200,0.455,0.000,0.455
1786158213930,200,0.164,0.000,0.164
1786158214930,200,0.181,0.000,0.181
1786158215931,200,0.263,0.000,0.263
1786158216931,200,0.293,0.000,0.293
1786158217931,200,0.256,0.000,0.256
1786158218931,200,0.107,0.000,0.107
1786158219931,200,0.202,0.000,0.202
1786158220931,200,0.360,0.000,0.360
1786158221931,200,0.204,0.000,0.204
1786158222931,200,0.163,0.000,0.163
1786158223931,200,1.095,0.000,1.095
1786158225027,200,0.297,0.000,0.297
1786158226027,200,0.480,0.000,0.480
1786158227027,200,0.356,0.000,0.356
1786158228027,200,0.503,0.000,0.503
1786158229027,200,0.302,0.000,0.302
1786158230027,200,0.121,0.000,0.121
1786158231027,200,0.182,0.000,0.182
1786158232027,200,0.304,0.000,0.304
1786158233027,200,0.288,0.000,0.288
1786158234027,200,0.145,0.000,0.145
1786158235027,200,0.236,0.000,0.236
1786158236027,200,0.160,0.000,0.160
1786158237027,200,0.099,0.000,0.099
1786158238027,200,0.151,0.000,0.151
1786158239028,200,0.243,0.000,0.243
1786158240028,200,0.117,0.000,0.117
1786158241028,200,0.224,0.000,0.224
1786158242028,200,0.214,0.000,0.214
1786158243028,200,0.280,0.000,0.280
1786158244028,200,0.178,0.000,0.178
1786158245028,200,0.343,0.000,0.343
1786158246028,200,0.374,0.000,0.374
1786158247028,200,0.139,0.000,0.139
1786158248028,200,0.119,0.000,0.119
1786158249028,200,0.107,0.000,0.106
1786158250028,200,0.310,0.000,0.309
1786158251028,200,0.105,0.000,0.105
1786158252029,200,0.229,0.000,0.229
1786158253029,200,0.156,0.000,0.156
1786158254029,200,0.169,0.000,0.169
1786158255029,200,0.235,0.000,0.235
1786158256029,200,0.214,0.000,0.214
1786158257029,200,0.238,0.000,0.238
1786158258029,200,0.247,0.000,0.247
1786158259029,200,0.207,0.000,0.207
1786158260029,200,0.306,0.000,0.306
1786158261029,200,0.128,0.000,0.128
1786158262029,200,0.101,0.000,0.101
1786158263029,200,0.119,0.000,0.119
1786158264029,200,0.176,0.000,0.176
1786158265029,200,0.485,0.000,0.484
1786158266030,200,0.216,0.000,0.216
1786158267030,200,0.321,0.000,0.321
1786158268030,200,0.188,0.000,0.187
1786158269030,200,0.302,0.000,0.302
1786158270030,200,0.335,0.000,0.335
1786158271030,200,0.191,0.000,0.191
1786158272030,200,0.498,0.000,0.498
1786158273030,200,0.098,0.000,0.098
1786158274030,200,0.112,0.000,0.112
1786158275030,200,0.193,0.000,0.193
1786158276030,200,0.271,0.000,0.270
1786158277030,200,0.305,0.000,0.305
1786158278030,200,0.176,0.000,0.176
1786158279030,200,0.410,0.000,0.410
1786158280031,200,0.448,0.000,0.448
1786158281031,200,0.295,0.000,0.295
1786158282031,200,0.156,0.000,0.156
1786158283031,200,0.261,0.000,0.261
1786158284031,200,0.374,0.000,0.374
1786158285031,200,0.234,0.000,0.234
1786158286031,200,0.105,0.000,0.105
1786158287031,200,0.199,0.000,0.198
1786158288031,200,0.359,0.000,0.359
1786158289031,200,0.161,0.000,0.160
1786158290031,200,0.303,0.000,0.302
1786158291031,200,0.173,0.000,0.172
1786158292031,200,0.278,0.000,0.278
1786158293032,200,0.324,0.000,0.324
1786158294032,200,0.158,0.000,0.158
1786158295032,200,0.131,0.000,0.130
1786158296032,200,0.102,0.000,0.102
1786158297032,200,0.107,0.000,0.107
1786158298032,200,0.462,0.000,0.462
1786158299032,200,0.299,0.000,0.299
1786158300032,200,0.163,0.000,0.163
1786158301032,200,0.237,0.000,0.237
1786158302032,200,0.357,0.000,0.357
1786158303032,200,0.179,0.000,0.179
1786158304032,200,0.130,0.000,0.130
1786158305032,200,0.209,0.000,0.209
1786158306032,200,0.135,0.000,0.135
1786158307033,200,0.149,0.000,0.149
1786158308033,200,0.161,0.000,0.161
1786158309033,200,0.217,0.000,0.217
1786158310033,200,1.311,0.000,1.311
1786158311344,200,0.291,0.000,0.291
1786158312344,200,0.436,0.000,0.436
1786158313344,200,0.556,0.000,0.556
1786158314344,200,0.354,0.000,0.353
1786158315344,200,0.222,0.000,0.222
1786158316344,200,0.348,0.000,0.348
1786158317344,200,0.147,0.000,0.147
1786158318344,200,0.122,0.000,0.122
1786158319344,200,0.276,0.000,0.276
1786158320344,200,0.356,0.000,0.356
1786158321345,200,0.125,0.000,0.125
1786158322345,200,0.292,0.000,0.292
1786158323345,200,0.435,0.000,0.435
1786158324345,200,0.228,0.000,0.228
1786158325345,200,0.311,0.000,0.311
1786158326345,200,0.107,0.000,0.107
1786158327345,200,0.147,0.000,0.147
1786158328345,200,0.374,0.000,0.374
1786158329345,200,0.208,0.000,0.208
1786158330345,200,0.147,0.000,0.147
1786158331345,200,0.149,0.000,0.149
1786158332345,200,0.242,0.000,0.242
1786158333345,200,0.374,0.000,0.374
1786158334345,200,0.107,0.000,0.107
1786158335346,200,0.122,0.000,0.122
1786158336346,200,0.265,0.000,0.265
1786158337346,200,0.338,0.000,0.338
1786158338346,200,0.163,0.000,0.163
1786158339346,200,0.275,0.000,0.275
1786158340346,200,0.231,0.000,0.231
1786158341346,200,0.243,0.000,0.243
1786158342346,200,0.434,0.000,0.434
1786158343346,200,0.101,0.000,0.101
1786158344346,200,0.136,0.000,0.136
1786158345346,200,0.111,0.000,0.111
1786158346346,200,0.389,0.000,0.389
1786158347346,200,0.176,0.000,0.176
1786158348347,200,0.192,0.000,0.192
1786158349347,200,0.333,0.000,0.333
1786158350347,200,0.247,0.000,0.247
1786158351347,200,0.253,0.000,0.253
1786158352347,200,0.133,0.000,0.133
1786158353347,200,0.322,0.000,0.322
1786158354347,200,0.123,0.000,0.123
1786158355347,200,0.139,0.000,0.139
1786158356347,200,0.109,0.000,0.109
1786158357347,200,0.186,0.000,0.186
1786158358347,200,0.236,0.000,0.236
1786158359347,200,0.155,0.000,0.155
1786158360347,200,0.226,0.000,0.226
1786158361347,200,0.327,0.000,0.327
1786158362348,200,0.177,0.000,0.177
1786158363348,200,0.315,0.000,0.315
1786158364348,200,0.211,0.000,0.211
1786158365348,200,0.222,0.000,0.222
1786158366348,200,0.116,0.000,0.116
1786158367348,200,0.132,0.000,0.132
1786158368348,200,0.101,0.000,0.101
1786158369348,200,0.349,0.000,0.349
1786158370348,200,0.193,0.000,0.192
1786158371348,200,0.318,0.000,0.318
1786158372348,200,0.367,0.000,0.367
1786158373348,200,0.215,0.000,0.215
1786158374348,200,0.118,0.000,0.118
1786158375348,200,0.271,0.000,0.271
1786158376349,200,0.307,0.000,0.307
1786158377349,200,0.167,0.000,0.167
1786158378349,200,0.142,0.000,0.142
1786158379349,200,0.128,0.000,0.128
1786158380349,200,0.175,0.000,0.175
1786158381349,200,0.274,0.000,0.274
1786158382349,200,0.126,0.000,0.126
1786158383349,200,0.352,0.000,0.352
1786158384349,200,0.241,0.000,0.241
1786158385349,200,0.272,0.000,0.272
1786158386349,200,0.400,0.000,0.400
1786158387349,200,0.184,0.000,0.184
1786158388349,200,0.115,0.000,0.115
1786158389350,200,0.110,0.000,0.110
1786158390350,200,0.311,0.000,0.311
1786158391350,200,0.166,0.000,0.166
1786158392350,200,0.145,0.000,0.145
1786158393350,200,0.311,0.000,0.311
1786158394350,200,0.179,0.000,0.179
1786158395350,200,0.415,0.000,0.415
1786158396350,200,0.159,0.000,0.159
1786158397350,200,0.140,0.000,0.140
1786158398350,200,1.347,0.000,1.347
1786158399697,200,0.178,0.000,0.178
1786158400698,200,0.336,0.000,0.336
1786158401698,200,0.504,0.000,0.504
1786158402698,200,0.385,0.000,0.385
1786158403698,200,0.534,0.000,0.534
1786158404698,200,0.199,0.000,0.199
1786158405698,200,0.193,0.000,0.193
1786158406698,200,0.362,0.000,0.362
1786158407698,200,0.165,0.000,0.165
1786158408698,200,0.104,0.000,0.104
1786158409698,200,0.109,0.000,0.109
1786158410698,200,0.193,0.000,0.193
1786158411698,200,0.296,0.000,0.296
1786158412698,200,0.441,0.000,0.441
1786158413699,200,0.152,0.000,0.152
1786158414699,200,0.388,0.000,0.388
1786158415699,200,0.383,0.000,0.383
1786158416699,200,0.386,0.000,0.386
1786158417699,200,0.230,0.000,0.230
1786158418699,200,0.194,0.000,0.194
1786158419699,200,0.251,0.000,0.251
1786158420699,200,0.156,0.000,0.156
1786158421699,200,0.132,0.000,0.132
1786158422699,200,0.111,0.000,0.111
1786158423699,200,0.179,0.000,0.179
1786158424699,200,0.292,0.000,0.292
1786158425699,200,0.305,0.000,0.305
1786158426699,200,0.241,0.000,0.241
1786158427700,200,0.160,0.000,0.160
1786158428700,200,0.173,0.000,0.173
1786158429700,200,0.167,0.000,0.167
1786158430700,200,0.163,0.000,0.163
1786158431700,200,0.262,0.000,0.262
1786158432700,200,0.378,0.000,0.378
1786158433700,200,0.175,0.000,0.175
1786158434700,200,0.120,0.000,0.120
1786158435700,200,0.166,0.000,0.166
1786158436700,200,0.135,0.000,0.135
1786158437700,200,0.331,0.000,0.331
1786158438700,200,0.350,0.000,0.350
1786158439700,200,0.162,0.000,0.162
1786158440700,200,0.419,0.000,0.419
1786158441701,200,0.150,0.000,0.150
1786158442701,200,0.214,0.000,0.214
1786158443701,200,0.183,0.000,0.183
1786158444701,200,0.214,0.000,0.214
1786158445701,200,0.136,0.000,0.136
1786158446701,200,0.155,0.000,0.155
1786158447701,200,0.159,0.000,0.159
1786158448701,200,0.350,0.000,0.350
1786158449701,200,0.425,0.000,0.425
1786158450701,200,0.267,0.000,0.267
1786158451701,200,0.143,0.000,0.143
1786158452701,200,0.226,0.000,0.226
1786158453701,200,0.393,0.000,0.393
1786158454701,200,0.204,0.000,0.204
1786158455702,200,0.223,0.000,0.223
1786158456702,200,0.166,0.000,0.166
1786158457702,200,0.329,0.000,0.329
1786158458702,200,0.121,0.000,0.120
1786158459702,200,0.138,0.000,0.138
1786158460702,200,0.103,0.000,0.103
1786158461702,200,0.381,0.000,0.381
1786158462702,200,0.376,0.000,0.376
1786158463702,200,0.398,0.000,0.398
1786158464702,200,0.261,0.000,0.261
1786158465702,200,0.225,0.000,0.225
1786158466702,200,0.298,0.000,0.298
1786158467702,200,0.329,0.000,0.329
1786158468702,200,0.132,0.000,0.132
1786158469703,200,0.187,0.000,0.186
1786158470703,200,0.261,0.000,0.261
1786158471703,200,0.186,0.000,0.186
1786158472703,200,0.182,0.000,0.182
1786158473703,200,0.137,0.000,0.137
1786158474703,200,0.120,0.000,0.120
1786158475703,200,0.235,0.000,0.235
1786158476703,200,0.266,0.000,0.266
1786158477703,200,0.164,0.000,0.164
1786158478703,200,0.167,0.000,0.167
1786158479703,200,0.209,0.000,0.209
1786158480703,200,0.276,0.000,0.276
1786158481703,200,0.111,0.000,0.110
1786158482703,200,0.392,0.000,0.391
1786158483704,200,0.262,0.000,0.261
1786158484704,200,0.298,0.000,0.298
1786158485704,200,0.131,0.000,0.131
1786158486704,200,0.932,0.000,0.932
1786158487704,200,0.254,0.000,0.254
1786158488704,200,0.495,0.000,0.494
1786158489704,200,0.367,0.000,0.367
1786158490704,200,0.505,0.000,0.505
1786158491704,200,0.299,0.000,0.299
1786158492704,200,0.332,0.000,0.332
1786158493704,200,0.366,0.000,0.366
1786158494704,200,0.165,0.000,0.165
1786158495704,200,0.264,0.000,0.264
1786158496704,200,0.144,0.000,0.144
1786158497705,200,0.195,0.000,0.195
1786158498705,200,0.196,0.000,0.195
1786158499705,200,0.157,0.000,0.156
1786158500705,200,0.248,0.000,0.248
1786158501705,200,0.338,0.000,0.338
1786158502705,200,0.164,0.000,0.164
1786158503705,200,0.332,0.000,0.332
1786158504705,200,0.364,0.000,0.364
1786158505705,200,0.168,0.000,0.168
1786158506705,200,0.102,0.000,0.102
1786158507705,200,0.142,0.000,0.142
1786158508705,200,0.361,0.000,0.361
1786158509705,200,0.871,0.000,0.871
1786158510705,200,2.457,0.000,2.457
1786158513163,200,0.913,0.000,0.913
1786158514163,200,2.844,0.000,2.844
1786158517007,200,0.462,0.000,0.462
1786158518007,200,1.062,0.000,1.062
1786158519069,200,1.505,0.000,1.505
1786158520574,200,1.004,0.000,1.004
1786158521578,200,1.081,0.000,1.081
1786158522658,200,1.056,0.000,1.056
1786158523714,200,1.431,0.000,1.431
1786158525145,200,1.026,0.000,1.026
1786158526171,200,1.226,0.000,1.226
1786158527397,200,1.627,0.000,1.627
1786158529024,200,0.826,0.000,0.826
1786158530024,200,1.051,0.000,1.051
1786158531076,200,1.518,0.000,1.518
1786158532594,200,1.367,0.000,1.367
1786158533961,200,1.173,0.000,1.173
1786158535134,200,1.657,0.000,1.656
1786158536791,200,1.671,0.000,1.671
1786158538462,200,0.942,0.000,0.942
1786158539462,200,1.239,0.000,1.239
1786158540701,200,1.610,0.000,1.610
1786158542311,200,0.978,0.000,0.978
1786158543311,200,1.402,0.000,1.402
1786158544713,200,1.412,0.000,1.412
1786158546125,200,1.744,0.000,1.744
1786158547869,200,1.003,0.000,1.003
1786158548871,200,1.281,0.000,1.280
1786158550152,200,1.581,0.000,1.581
1786158551733,200,1.278,0.000,1.277
1786158553010,200,1.652,0.000,1.652
1786158554662,200,1.601,0.000,1.601
1786158556264,200,1.008,0.000,1.008
1786158557271,200,1.180,0.000,1.180
1786158558451,200,1.224,0.000,1.224
1786158559675,200,1.502,0.000,1.502
1786158561177,200,0.724,0.000,0.724
1786158562177,200,1.143,0.000,1.143
1786158563321,200,2.413,0.000,2.413
1786158565734,200,1.211,0.000,1.211
1786158566945,200,1.803,0.000,1.803
1786158568748,200,1.597,0.000,1.597
1786158570345,200,1.026,0.000,1.026
1786158571371,200,1.408,0.000,1.408
1786158572779,200,1.841,0.000,1.841
1786158574620,200,1.434,0.000,1.434
1786158576054,200,1.038,0.000,1.038
1786158577093,200,1.232,0.000,1.232
1786158578324,200,1.320,0.000,1.320
1786158579645,200,1.283,0.000,1.283
1786158580928,200,0.950,0.000,0.950
1786158581928,200,1.100,0.000,1.100
1786158583028,200,1.764,0.000,1.764
1786158584792,200,0.754,0.000,0.754
1786158585792,200,1.323,0.000,1.323
1786158587115,200,1.319,0.000,1.319
1786158588433,200,1.450,0.000,1.450
1786158589883,200,0.566,0.000,0.566
1786158590883,200,1.344,0.000,1.344
1786158592228,200,1.215,0.000,1.215
1786158593443,200,1.229,0.000,1.229
1786158594672,200,0.486,0.000,0.486
1786158595672,200,1.299,0.000,1.299
1786158596971,200,1.270,0.000,1.270
1786158598241,200,1.177,0.000,1.177
1786158599419,200,1.354,0.000,1.353
1786158600772,200,1.566,0.000,1.566
1786158602338,200,1.417,0.000,1.417
1786158603755,200,0.488,0.000,0.488
1786158604755,200,0.836,0.000,0.836
1786158605755,200,1.902,0.000,1.902
1786158607657,200,1.393,0.000,1.393
1786158609050,200,1.622,0.000,1.622
1786158610672,200,2.035,0.000,2.035
1786158612707,200,0.573,0.000,0.573
1786158613707,200,1.253,0.000,1.253
1786158614960,200,1.688,0.000,1.688
1786158616648,200,1.098,0.000,1.098
1786158617746,200,1.415,0.000,1.415
1786158619161,200,2.001,0.000,2.001
1786158621161,200,1.301,0.000,1.301
1786158622463,200,1.371,0.000,1.371
1786158623834,200,1.480,0.000,1.480
1786158625314,200,1.311,0.000,1.311
1786158626625,200,0.612,0.000,0.612
1786158627625,200,1.302,0.000,1.302
1786158628927,200,1.403,0.000,1.403
1786158630330,200,1.635,0.000,1.635
1786158631966,200,1.059,0.000,1.059
1786158633025,200,1.242,0.000,1.242
1786158634267,200,1.608,0.000,1.608
1786158635875,200,1.280,0.000,1.280
1786158637155,200,1.427,0.000,1.427
1786158638583,200,1.807,0.000,1.807
1786158640390,200,0.890,0.000,0.890
1786158641390,200,1.291,0.000,1.291
1786158642680,200,1.225,0.000,1.225
1786158643906,200,1.287,0.000,1.287
1786158645193,200,0.792,0.000,0.792
1786158646193,200,1.055,0.000,1.055
1786158647248,200,1.509,0.000,1.509
1786158648756,200,1.297,0.000,1.297
1786158650054,200,1.271,0.000,1.271
1786158651324,200,1.675,0.000,1.675
1786158652999,200,1.549,0.000,1.549
1786158654548,200,0.953,0.000,0.953
1786158655548,200,1.211,0.000,1.211
1786158656759,200,1.245,0.000,1.245
1786158658004,200,1.116,0.000,1.116
1786158659119,200,1.246,0.000,1.246
1786158660365,200,1.461,0.000,1.461
1786158661826,200,1.503,0.000,1.503
1786158663330,200,1.003,0.000,1.003
1786158664332,200,1.309,0.000,1.309
1786158665641,200,1.591,0.000,1.591
1786158667232,200,1.065,0.000,1.065
1786158668297,200,2.025,0.000,2.025
1786158670323,200,1.993,0.000,1.993
1786158672316,200,0.735,0.000,0.735
1786158673316,200,0.950,0.000,0.949
1786158674316,200,1.469,0.000,1.469
1786158675785,200,1.206,0.000,1.206
1786158676991,200,0.863,0.000,0.863
1786158677991,200,1.091,0.000,1.091
1786158679083,200,1.768,0.000,1.768
1786158680850,200,1.307,0.000,1.307
1786158682157,200,1.080,0.000,1.080
1786158683238,200,1.226,0.000,1.226
1786158684463,200,1.629,0.000,1.629
1786158686093,200,0.823,0.000,0.823
1786158687093,200,1.329,0.000,1.329
1786158688422,200,1.220,0.000,1.220
1786158689642,200,2.453,0.000,2.453
1786158692095,200,1.425,0.000,1.424
1786158693519,200,0.820,0.000,0.820
1786158694520,200,1.855,0.000,1.855
1786158696375,200,1.079,0.000,1.079
1786158697454,200,1.382,0.000,1.382
1786158698835,200,1.423,0.000,1.423
1786158700259,200,1.252,0.000,1.252
1786158701511,200,0.999,0.000,0.999
1786158702511,200,2.029,0.000,2.029
1786158704540,200,1.136,0.000,1.136
1786158705676,200,1.218,0.000,1.218
1786158706893,200,1.565,0.000,1.565
1786158708458,200,1.308,0.000,1.308
1786158709767,200,0.569,0.000,0.569
1786158710767,200,1.228,0.000,1.228
1786158711995,200,1.899,0.000,1.899
1786158713894,200,1.074,0.000,1.074
1786158714968,200,1.122,0.000,1.122
1786158716090,200,1.257,0.000,1.257
1786158717347,200,1.365,0.000,1.365
1786158718712,200,1.391,0.000,1.391
1786158720103,200,1.727,0.000,1.727
1786158721829,200,2.463,0.000,2.463
1786158724293,200,1.112,0.000,1.112
1786158725405,200,1.244,0.000,1.244
1786158726649,200,1.399,0.000,1.399
1786158728048,200,0.807,0.000,0.807
1786158729048,200,1.009,0.000,1.009
1786158730057,200,1.777,0.000,1.777
1786158731833,200,1.345,0.000,1.345
1786158733179,200,1.138,0.000,1.138
1786158734317,200,1.182,0.000,1.182
1786158735499,200,1.523,0.000,1.523
1786158737022,200,0.890,0.000,0.890
1786158738022,200,1.232,0.000,1.232
1786158739254,200,1.467,0.000,1.467
1786158740721,200,1.538,0.000,1.538
1786158742259,200,1.240,0.000,1.240
1786158743499,200,1.306,0.000,1.306
1786158744804,200,1.278,0.000,1.278
1786158746083,200,1.345,0.000,1.345
1786158747428,200,1.344,0.000,1.344
1786158748772,200,0.615,0.000,0.615
1786158749772,200,1.758,0.000,1.758
1786158751529,200,0.574,0.000,0.574
1786158752530,200,1.149,0.000,1.149
1786158753679,200,2.785,0.000,2.785
1786158756464,200,1.180,0.000,1.180
1786158757644,200,1.537,0.000,1.537
1786158759181,200,1.645,0.000,1.644
1786158760825,200,1.224,0.000,1.224
1786158762049,200,1.254,0.000,1.254
1786158763303,200,1.950,0.000,1.950
1786158765254,200,0.342,0.000,0.342
1786158766254,200,1.223,0.000,1.223
1786158767477,200,2.505,0.000,2.505
1786158769982,200,0.981,0.000,0.981
1786158770982,200,0.912,0.000,0.912
1786158771982,200,1.178,0.000,1.178
1786158773160,200,1.545,0.000,1.545
1786158774706,200,0.799,0.000,0.799
1786158775706,200,1.062,0.000,1.062
1786158776768,200,1.161,0.000,1.161
1786158777929,200,1.309,0.000,1.309
1786158779238,200,0.575,0.000,0.575
1786158780238,200,0.895,0.000,0.895
1786158781238,200,1.724,0.000,1.724
1786158782963,200,0.991,0.000,0.991
1786158783963,200,1.197,0.000,1.197
1786158785160,200,1.487,0.000,1.487
1786158786647,200,1.299,0.000,1.299
1786158787946,200,0.573,0.000,0.573
1786158788946,200,1.170,0.000,1.170
1786158790116,200,1.585,0.000,1.585
1786158791702,200,1.273,0.000,1.273
1786158792975,200,1.109,0.000,1.109
1786158794084,200,1.919,0.000,1.919
1786158796003,200,1.564,0.000,1.564
1786158797567,200,1.073,0.000,1.073
1786158798640,200,1.444,0.000,1.444
1786158800084,200,1.511,0.000,1.511
1786158801595,200,1.047,0.000,1.047
1786158802641,200,1.636,0.000,1.636
1786158804277,200,2.081,0.000,2.081
1786158806358,200,0.722,0.000,0.721
1786158807358,200,1.048,0.000,1.048
1786158808406,200,1.370,0.000,1.370
1786158809776,200,1.629,0.000,1.629
1786158811405,200,0.383,0.000,0.383
1786158812405,200,0.142,0.000,0.142
1786158813405,200,0.346,0.000,0.346
1786158814405,200,0.246,0.000,0.246
1786158815405,200,0.132,0.000,0.132
1786158816405,200,0.139,0.000,0.139
1786158817406,200,0.185,0.000,0.185
1786158818406,200,0.156,0.000,0.156
1786158819406,200,0.134,0.000,0.134
1786158820406,200,0.100,0.000,0.100
1786158821406,200,0.138,0.000,0.138
1786158822406,200,0.094,0.000,0.094
1786158823406,200,0.279,0.000,0.279
1786158824406,200,0.134,0.000,0.133
1786158825406,200,0.263,0.000,0.263
1786158826406,200,0.228,0.000,0.228
1786158827406,200,0.118,0.000,0.118
1786158828406,200,0.346,0.000,0.346
1786158829406,200,0.217,0.000,0.217
1786158830406,200,0.426,0.000,0.426
1786158831407,200,0.210,0.000,0.210
1786158832407,200,0.120,0.000,0.120
1786158833407,200,0.131,0.000,0.131
1786158834407,200,0.355,0.000,0.355
1786158835407,200,0.096,0.000,0.096
1786158836407,200,0.441,0.000,0.441
1786158837407,200,0.280,0.000,0.279
1786158838407,200,0.157,0.000,0.157
1786158839407,200,0.133,0.000,0.133
1786158840407,200,0.135,0.000,0.135
1786158841407,200,0.176,0.000,0.176
1786158842407,200,0.290,0.000,0.290
1786158843407,200,0.342,0.000,0.342
1786158844407,200,0.304,0.000,0.304
1786158845408,200,0.165,0.000,0.165
1786158846408,200,0.137,0.000,0.137
1786158847408,200,0.214,0.000,0.214
1786158848408,200,0.268,0.000,0.268
1786158849408,200,0.193,0.000,0.193
1786158850408,200,0.120,0.000,0.120
1786158851408,200,0.203,0.000,0.203
1786158852408,200,0.258,0.000,0.258
1786158853408,200,0.252,0.000,0.252
1786158854408,200,0.412,0.000,0.412
1786158855408,200,0.147,0.000,0.147
1786158856408,200,0.158,0.000,0.158
1786158857408,200,0.105,0.000,0.105
1786158858409,200,0.121,0.000,0.121
1786158859409,200,0.687,0.000,0.687
1786158860409,200,0.503,0.000,0.503
1786158861409,200,0.158,0.000,0.158
1786158862409,200,0.165,0.000,0.165
1786158863409,200,0.126,0.000,0.126
1786158864409,200,0.165,0.000,0.165
1786158865409,200,0.199,0.000,0.199
1786158866409,200,0.252,0.000,0.252
1786158867409,200,0.158,0.000,0.158
1786158868409,200,0.150,0.000,0.150
1786158869409,200,0.246,0.000,0.246
1786158870409,200,0.459,0.000,0.459
1786158871410,200,0.253,0.000,0.253
1786158872410,200,0.104,0.000,0.104
1786158873410,200,0.241,0.000,0.241
1786158874410,200,0.181,0.000,0.181
1786158875410,200,0.446,0.000,0.446
1786158876410,200,0.188,0.000,0.188
1786158877410,200,0.100,0.000,0.100
1786158878410,200,0.251,0.000,0.251
1786158879410,200,0.508,0.000,0.508
1786158880410,200,0.139,0.000,0.139
1786158881410,200,2.569,0.000,2.569
1786158883979,200,2.887,0.000,2.887
1786158886866,200,4.462,0.000,4.462
1786158891328,200,3.292,0.000,3.292
1786158894621,200,3.219,0.000,3.218
1786158897840,200,3.323,0.000,3.323
1786158901163,200,3.967,0.000,3.967
1786158905130,200,3.770,0.000,3.770
1786158908900,200,0.959,0.000,0.959
1786158909900,200,0.203,0.000,0.203
1786158910900,200,0.378,0.000,0.378
1786158911900,200,0.256,0.000,0.256
1786158912900,200,0.261,0.000,0.261
1786158913900,200,0.224,0.000,0.223
1786158914900,200,0.497,0.000,0.496
1786158915900,200,0.274,0.000,0.274
1786158916900,200,0.097,0.000,0.097
1786158917900,200,0.325,0.000,0.325
1786158918900,200,0.250,0.000,0.250
1786158919900,200,0.236,0.000,0.236
1786158920901,200,0.383,0.000,0.383
1786158921901,200,0.611,0.000,0.611
1786158922901,200,0.122,0.000,0.122
1786158923901,200,0.612,0.000,0.612
1786158924901,200,0.238,0.000,0.238
1786158925901,200,0.252,0.000,0.252
1786158926901,200,0.100,0.000,0.100
1786158927901,200,0.237,0.000,0.237
1786158928901,200,0.478,0.000,0.478
1786158929901,200,0.228,0.000,0.228
1786158930901,200,0.429,0.000,0.429
1786158931901,200,0.207,0.000,0.207
1786158932901,200,0.301,0.000,0.301
1786158933902,200,0.189,0.000,0.189
1786158934902,200,0.265,0.000,0.265
1786158935902,200,0.545,0.000,0.545
1786158936902,200,0.230,0.000,0.230
1786158937902,200,0.505,0.000,0.505
1786158938902,200,0.253,0.000,0.253
1786158939902,200,0.383,0.000,0.383
1786158940902,200,0.145,0.000,0.145
1786158941902,200,0.193,0.000,0.193
1786158942902,200,0.329,0.000,0.329
1786158943902,200,0.396,0.000,0.396
1786158944902,200,0.188,0.000,0.188
1786158945902,200,0.451,0.000,0.451
1786158946903,200,0.102,0.000,0.102
1786158947903,200,0.150,0.000,0.150
1786158948903,200,0.252,0.000,0.252
1786158949903,200,0.391,0.000,0.391
1786158950903,200,0.182,0.000,0.182
1786158951903,200,0.471,0.000,0.471
1786158952903,200,0.101,0.000,0.101
1786158953903,200,0.554,0.000,0.554
1786158954903,200,0.199,0.000,0.199
1786158955903,200,0.667,0.000,0.667
1786158956903,200,0.133,0.000,0.133
1786158957903,200,0.248,0.000,0.248
1786158958903,200,0.097,0.000,0.097
1786158959904,200,0.261,0.000,0.261
1786158960904,200,0.293,0.000,0.293
1786158961904,200,0.229,0.000,0.229
1786158962904,200,0.553,0.000,0.553
1786158963904,200,0.186,0.000,0.186
1786158964904,200,0.637,0.000,0.637
1786158965904,200,0.253,0.000,0.253
1786158966904,200,0.174,0.000,0.174
1786158967904,200,0.229,0.000,0.229
1786158968904,200,0.137,0.000,0.137
1786158969904,200,0.581,0.000,0.581
1786158970904,200,0.169,0.000,0.169
1786158971904,200,0.845,0.000,0.844
1786158972904,200,0.165,0.000,0.165
1786158973905,200,0.222,0.000,0.222
1786158974905,200,0.165,0.000,0.165
1786158975905,200,0.095,0.000,0.095
1786158976905,200,0.545,0.000,0.545
1786158977905,200,0.160,0.000,0.160
1786158978905,200,0.222,0.000,0.222
1786158979905,200,0.174,0.000,0.173
1786158980905,200,0.232,0.000,0.232
1786158981905,200,0.455,0.000,0.455
1786158982905,200,0.139,0.000,0.139
1786158983905,200,0.874,0.000,0.874
1786158984905,200,0.184,0.000,0.184
1786158985905,200,0.127,0.000,0.127
1786158986905,200,0.672,0.000,0.672
1786158987906,200,0.104,0.000,0.104
1786158988906,200,0.186,0.000,0.186
1786158989906,200,0.327,0.000,0.327
1786158990906,200,0.228,0.000,0.228
1786158991906,200,1.868,0.000,1.868
1786158993774,200,1.732,0.000,1.732
1786158995506,200,1.707,0.000,1.707
1786158997213,200,2.040,0.000,2.040
1786158999253,200,1.678,0.000,1.678
1786159000931,200,0.543,0.000,0.543
1786159001931,200,0.121,0.000,0.121
1786159002931,200,0.186,0.000,0.186
1786159003931,200,0.118,0.000,0.118
1786159004931,200,0.485,0.000,0.485
1786159005931,200,0.097,0.000,0.097
1786159006932,200,0.139,0.000,0.139
1786159007932,200,0.099,0.000,0.099
1786159008932,200,0.099,0.000,0.099
1786159009932,200,0.184,0.000,0.184
1786159010932,200,0.227,0.000,0.227
1786159011932,200,0.120,0.000,0.120
1786159012932,200,0.289,0.000,0.289
1786159013932,200,0.097,0.000,0.097
1786159014932,200,0.099,0.000,0.099
1786159015932,200,0.094,0.000,0.094
1786159016932,200,0.197,0.000,0.197
1786159017932,200,0.150,0.000,0.150
1786159018932,200,0.157,0.000,0.157
1786159019933,200,0.209,0.000,0.209
1786159020933,200,0.212,0.000,0.212
1786159021933,200,0.130,0.000,0.130
1786159022933,200,0.152,0.000,0.152
1786159023933,200,0.138,0.000,0.138
1786159024933,200,0.384,0.000,0.384
1786159025933,200,0.105,0.000,0.105
1786159026933,200,0.122,0.000,0.122
1786159027933,200,0.144,0.000,0.144
1786159028933,200,0.151,0.000,0.151
1786159029933,200,0.128,0.000,0.128
1786159030933,200,0.132,0.000,0.132
1786159031933,200,0.153,0.000,0.153
1786159032933,200,0.183,0.000,0.183
1786159033934,200,0.138,0.000,0.138
1786159034934,200,0.189,0.000,0.189
1786159035934,200,0.131,0.000,0.131
1786159036934,200,0.129,0.000,0.129
1786159037934,200,0.129,0.000,0.128
1786159038934,200,0.146,0.000,0.146
1786159039934,200,0.158,0.000,0.158
1786159040934,200,0.141,0.000,0.141
1786159041934,200,0.142,0.000,0.142
1786159042934,200,0.131,0.000,0.131
1786159043934,200,0.149,0.000,0.149
1786159044934,200,0.132,0.000,0.132
1786159045934,200,0.153,0.000,0.153
1786159046935,200,0.155,0.000,0.155
1786159047935,200,0.130,0.000,0.130
1786159048935,200,0.154,0.000,0.154
1786159049935,200,0.134,0.000,0.134
1786159050935,200,0.120,0.000,0.120
1786159051935,200,0.135,0.000,0.135
1786159052935,200,0.124,0.000,0.124
1786159053935,200,0.162,0.000,0.162
1786159054935,200,0.097,0.000,0.097
1786159055935,200,0.143,0.000,0.143
1786159056935,200,0.123,0.000,0.123
1786159057935,200,0.198,0.000,0.198
1786159058935,200,0.104,0.000,0.104
1786159059935,200,0.106,0.000,0.106
1786159060936,200,0.111,0.000,0.111
1786159061936,200,0.104,0.000,0.104
1786159062936,200,0.100,0.000,0.100
1786159063936,200,0.115,0.000,0.114
1786159064936,200,0.119,0.000,0.119
1786159065936,200,0.119,0.000,0.118
1786159066936,200,0.111,0.000,0.111
1786159067936,200,0.150,0.000,0.150
1786159068936,200,0.191,0.000,0.191
1786159069936,200,0.181,0.000,0.181
1786159070936,200,0.708,0.000,0.708
1786159071936,200,0.098,0.000,0.098
1786159072936,200,0.123,0.000,0.123
1786159073937,200,0.126,0.000,0.126
1786159074937,200,0.143,0.000,0.143
1786159075937,200,0.237,0.000,0.237
1786159076937,200,0.121,0.000,0.121
1786159077937,200,0.094,0.000,0.094
1786159078937,200,0.122,0.000,0.122
1786159079937,200,0.117,0.000,0.117
1786159080937,200,0.099,0.000,0.099
1786159081937,200,0.099,0.000,0.099
1786159082937,200,0.098,0.000,0.098
1786159083937,200,0.104,0.000,0.104
1786159084937,200,0.124,0.000,0.124
1786159085937,200,0.125,0.000,0.125
1786159086938,200,0.105,0.000,0.105
1786159087938,200,0.113,0.000,0.113
1786159088938,200,0.100,0.000,0.100
1786159089938,200,0.148,0.000,0.148
1786159090938,200,0.096,0.000,0.096
1786159091938,200,0.116,0.000,0.116
1786159092938,200,0.103,0.000,0.103
1786159093938,200,0.153,0.000,0.153
1786159094938,200,0.263,0.000,0.263
1786159095938,200,0.097,0.000,0.097
1786159096938,200,0.102,0.000,0.101
1786159097938,200,0.102,0.000,0.102
1786159098938,200,0.347,0.000,0.346
1786159099939,200,0.168,0.000,0.168
1786159100939,200,0.124,0.000,0.124
1786159101939,200,0.158,0.000,0.158
1786159102939,200,0.137,0.000,0.137
1786159103939,200,0.099,0.000,0.099
1786159104939,200,0.143,0.000,0.143
1786159105939,200,0.154,0.000,0.154
1786159106939,200,0.143,0.000,0.143
1786159107939,200,0.121,0.000,0.121
1786159108939,200,0.101,0.000,0.101
1786159109939,200,0.146,0.000,0.146
1786159110939,200,0.157,0.000,0.157
1786159111939,200,0.097,0.000,0.097
1786159112939,200,0.114,0.000,0.114
1786159113940,200,0.106,0.000,0.106
1786159114940,200,0.109,0.000,0.109
1786159115940,200,0.145,0.000,0.145
1786159116940,200,0.110,0.000,0.110
1786159117940,200,0.168,0.000,0.168
1786159118940,200,0.105,0.000,0.105
1786159119940,200,0.117,0.000,0.117
1786159120940,200,0.105,0.000,0.105
1786159121940,200,0.098,0.000,0.097
1786159122940,200,0.096,0.000,0.096
1786159123940,200,0.208,0.000,0.208
1786159124940,200,0.283,0.000,0.283
1786159125940,200,0.147,0.000,0.147
1786159126941,200,0.178,0.000,0.178
1786159127941,200,0.323,0.000,0.323
1786159128941,200,0.143,0.000,0.143
1786159129941,200,0.302,0.000,0.302
1786159130941,200,0.242,0.000,0.242
1786159131941,200,0.148,0.000,0.148
1786159132941,200,0.175,0.000,0.175
1786159133941,200,0.166,0.000,0.166
1786159134941,200,0.279,0.000,0.279
1786159135941,200,0.217,0.000,0.216
1786159136941,200,0.209,0.000,0.209
1786159137941,200,0.294,0.000,0.294
1786159138941,200,0.162,0.000,0.162
1786159139942,200,0.318,0.000,0.318
1786159140942,200,0.200,0.000,0.200
1786159141942,200,0.358,0.000,0.358
1786159142942,200,0.244,0.000,0.244
1786159143942,200,0.153,0.000,0.153
1786159144942,200,0.179,0.000,0.179
1786159145942,200,0.350,0.000,0.350
1786159146942,200,0.288,0.000,0.288
1786159147942,200,0.196,0.000,0.196
1786159148942,200,0.125,0.000,0.124
1786159149942,200,0.183,0.000,0.183
1786159150942,200,0.178,0.000,0.178
1786159151942,200,0.218,0.000,0.218
1786159152942,200,0.154,0.000,0.154
1786159153943,200,0.202,0.000,0.201
1786159154943,200,0.148,0.000,0.148
1786159155943,200,0.198,0.000,0.198
1786159156943,200,0.167,0.000,0.167
1786159157943,200,0.190,0.000,0.190
1786159158943,200,0.151,0.000,0.151
1786159159943,200,0.350,0.000,0.350
1786159160943,200,0.322,0.000,0.322
1786159161943,200,0.128,0.000,0.128
1786159162943,200,0.231,0.000,0.231
1786159163943,200,0.143,0.000,0.143
1786159164943,200,0.141,0.000,0.141
1786159165943,200,0.372,0.000,0.372
1786159166944,200,0.532,0.000,0.532
1786159167944,200,0.222,0.000,0.222
1786159168944,200,0.122,0.000,0.122
1786159169944,200,0.213,0.000,0.213
1786159170944,200,0.152,0.000,0.152
1786159171944,200,0.145,0.000,0.145
1786159172944,200,0.180,0.000,0.180
1786159173944,200,0.571,0.000,0.571
1786159174944,200,0.159,0.000,0.159
1786159175944,200,0.116,0.000,0.116
1786159176944,200,0.509,0.000,0.509
1786159177944,200,0.219,0.000,0.219
1786159178944,200,0.171,0.000,0.171
1786159179944,200,0.550,0.000,0.550
1786159180945,200,0.130,0.000,0.130
1786159181945,200,0.331,0.000,0.331
1786159182945,200,0.162,0.000,0.162
1786159183945,200,0.118,0.000,0.118
1786159184945,200,0.467,0.000,0.467
1786159185945,200,0.195,0.000,0.195
1786159186945,200,0.164,0.000,0.164
1786159187945,200,0.191,0.000,0.191
1786159188945,200,0.184,0.000,0.183
1786159189945,200,0.628,0.000,0.627
1786159190945,200,0.211,0.000,0.211
1786159191945,200,0.547,0.000,0.547
1786159192945,200,0.204,0.000,0.204
1786159193946,200,0.444,0.000,0.444
1786159194946,200,0.149,0.000,0.149
1786159195946,200,0.388,0.000,0.388
1786159196946,200,0.150,0.000,0.150
1786159197946,200,0.303,0.000,0.303
1786159198946,200,0.134,0.000,0.134
1786159199946,200,0.340,0.000,0.340
1786159200946,200,0.229,0.000,0.229
1786159201946,200,0.508,0.000,0.508
1786159202946,200,0.232,0.000,0.232
1786159203946,200,0.485,0.000,0.485
1786159204946,200,0.169,0.000,0.169
1786159205946,200,0.573,0.000,0.573
1786159206947,200,0.152,0.000,0.152
1786159207947,200,0.682,0.000,0.682
1786159208947,200,0.149,0.000,0.149
1786159209947,200,0.206,0.000,0.206
1786159210947,200,0.179,0.000,0.179
1786159211947,200,0.125,0.000,0.125
1786159212947,200,0.223,0.000,0.223
1786159213947,200,0.152,0.000,0.152
1786159214947,200,0.618,0.000,0.618
1786159215947,200,0.166,0.000,0.166
1786159216947,200,0.190,0.000,0.190
1786159217947,200,0.218,0.000,0.218
1786159218947,200,0.163,0.000,0.163
1786159219947,200,0.414,0.000,0.414
1786159220948,200,0.221,0.000,0.221
1786159221948,200,0.130,0.000,0.130
1786159222948,200,1.523,0.000,1.523
1786159224470,200,1.139,0.000,1.139
1786159225609,200,0.966,0.000,0.966
1786159226609,200,0.347,0.000,0.347
1786159227609,200,0.946,0.000,0.946
1786159228609,200,0.491,0.000,0.491
1786159229609,200,0.954,0.000,0.954
1786159230609,200,0.097,0.000,0.097
1786159231610,200,0.100,0.000,0.100
1786159232610,200,0.096,0.000,0.096
1786159233610,200,0.098,0.000,0.098
1786159234610,200,0.097,0.000,0.097
1786159235610,200,0.125,0.000,0.125
1786159236610,200,0.197,0.000,0.197
1786159237610,200,0.162,0.000,0.162
1786159238610,200,0.135,0.000,0.135
1786159239610,200,0.099,0.000,0.099
1786159240610,200,0.125,0.000,0.125
1786159241610,200,0.145,0.000,0.145
1786159242610,200,0.154,0.000,0.154
1786159243610,200,0.124,0.000,0.124
1786159244611,200,0.138,0.000,0.138
1786159245611,200,0.138,0.000,0.138
1786159246611,200,0.234,0.000,0.234
1786159247611,200,0.119,0.000,0.119
1786159248611,200,0.117,0.000,0.117
1786159249611,200,0.148,0.000,0.148
1786159250611,200,0.143,0.000,0.143
1786159251611,200,0.133,0.000,0.133
1786159252611,200,0.148,0.000,0.148
1786159253611,200,0.122,0.000,0.122
1786159254611,200,0.122,0.000,0.122
1786159255611,200,0.121,0.000,0.121
1786159256611,200,0.128,0.000,0.128
1786159257611,200,0.111,0.000,0.111
1786159258612,200,0.148,0.000,0.148
1786159259612,200,0.115,0.000,0.115
1786159260612,200,0.121,0.000,0.121
1786159261612,200,0.151,0.000,0.151
1786159262612,200,0.185,0.000,0.185
1786159263612,200,0.148,0.000,0.148
1786159264612,200,0.171,0.000,0.171
1786159265612,200,0.197,0.000,0.197
1786159266612,200,0.127,0.000,0.127
1786159267612,200,0.157,0.000,0.157
1786159268612,200,0.125,0.000,0.125
1786159269612,200,0.239,0.000,0.239
1786159270612,200,0.141,0.000,0.141
1786159271612,200,0.167,0.000,0.167
1786159272613,200,0.123,0.000,0.123
1786159273613,200,0.129,0.000,0.129
1786159274613,200,0.154,0.000,0.154
1786159275613,200,0.096,0.000,0.096
1786159276613,200,0.098,0.000,0.098
1786159277613,200,0.165,0.000,0.165
1786159278613,200,0.111,0.000,0.111
1786159279613,200,0.112,0.000,0.112
1786159280613,200,0.104,0.000,0.104
1786159281613,200,0.097,0.000,0.097
1786159282613,200,0.150,0.000,0.150
1786159283613,200,0.110,0.000,0.110
1786159284613,200,0.159,0.000,0.159
1786159285613,200,0.100,0.000,0.100
1786159286614,200,0.155,0.000,0.155
1786159287614,200,0.187,0.000,0.187
1786159288614,200,0.644,0.000,0.644
1786159289614,200,0.100,0.000,0.100
1786159290614,200,0.107,0.000,0.107
1786159291614,200,0.097,0.000,0.097
1786159292614,200,0.095,0.000,0.095
1786159293614,200,0.162,0.000,0.162
1786159294614,200,0.126,0.000,0.126
1786159295614,200,0.130,0.000,0.130
1786159296614,200,0.135,0.000,0.135
1786159297614,200,0.097,0.000,0.096
1786159298615,200,0.095,0.000,0.095
1786159299615,200,0.096,0.000,0.096
1786159300615,200,0.095,0.000,0.094
1786159301615,200,0.097,0.000,0.097
1786159302615,200,0.095,0.000,0.095
1786159303615,200,0.096,0.000,0.096
1786159304615,200,0.094,0.000,0.094
1786159305615,200,0.095,0.000,0.095
1786159306615,200,0.094,0.000,0.094
1786159307615,200,0.094,0.000,0.094
1786159308615,200,0.094,0.000,0.094
1786159309615,200,0.095,0.000,0.095
1786159310616,200,0.095,0.000,0.095
1786159311616,200,0.095,0.000,0.095
1786159312616,200,0.095,0.000,0.095
1786159313616,200,0.096,0.000,0.096
1786159314616,200,0.093,0.000,0.093
1786159315616,200,0.094,0.000,0.094
1786159316616,200,0.127,0.000,0.127
1786159317616,200,0.094,0.000,0.094
1786159318616,200,0.116,0.000,0.116
1786159319616,200,0.095,0.000,0.095
1786159320616,200,0.097,0.000,0.097
1786159321617,200,0.095,0.000,0.095
1786159322617,200,0.093,0.000,0.093
1786159323617,200,0.096,0.000,0.096
1786159324617,200,0.096,0.000,0.096
1786159325617,200,0.095,0.000,0.095
1786159326617,200,0.092,0.000,0.092
1786159327617,200,0.096,0.000,0.096
1786159328617,200,0.095,0.000,0.095
1786159329617,200,0.093,0.000,0.093
1786159330617,200,0.091,0.000,0.091
1786159331617,200,0.095,0.000,0.095
1786159332617,200,0.098,0.000,0.098
1786159333618,200,0.092,0.000,0.092
