wall_ts,http_status,elapsed_s,error,in_window
1786567973.416,200,0.0047,,0
1786567974.421,200,0.0628,,0
1786567975.484,200,0.0150,,0
1786567976.499,200,0.0361,,1
1786567977.535,200,0.0070,,1
1786567978.543,200,0.0612,,1
1786567979.604,200,0.0042,,1
1786567980.608,200,0.0039,,1
1786567981.612,200,0.0043,,1
1786567982.617,200,0.0268,,1
1786567983.643,200,0.0070,,1
1786567984.651,200,0.0047,,1
1786567985.655,200,0.0081,,1
1786567986.664,200,0.0241,,1
1786567987.688,200,0.0370,,1
1786567988.725,200,0.0461,,1
1786567989.771,200,0.0341,,1
1786567990.805,200,0.0034,,1
1786567991.809,200,0.1959,,1
1786567993.005,200,0.0038,,1
1786567994.009,200,0.0580,,1
1786567995.067,200,0.2087,,1
1786567996.276,200,0.0078,,1
1786567997.283,200,0.2090,,1
1786567998.493,200,0.0047,,1
1786567999.497,200,0.1557,,1
1786568000.653,200,0.2223,,1
1786568001.875,200,0.0042,,1
1786568002.880,200,0.0052,,1
1786568003.885,200,0.2086,,1
1786568005.094,200,0.0028,,1
1786568006.097,200,0.0045,,1
1786568007.101,200,0.0042,,1
1786568008.106,200,0.0042,,1
1786568009.110,200,0.0099,,1
1786568010.120,200,0.2032,,1
1786568011.323,200,0.2286,,1
1786568012.552,200,0.1680,,1
1786568013.720,200,0.2081,,1
1786568014.928,200,0.0088,,1
1786568015.937,200,0.0838,,1
1786568017.021,200,0.1515,,1
1786568018.172,200,0.2056,,1
1786568019.378,200,0.1213,,1
1786568020.500,200,0.1714,,1
1786568021.671,200,0.1520,,1
1786568022.823,200,0.0091,,1
1786568023.832,200,0.0463,,1
1786568024.879,200,0.0640,,1
1786568025.943,200,0.0442,,1
1786568026.987,200,0.0117,,1
1786568027.999,200,0.0494,,1
1786568029.049,200,0.0558,,1
1786568030.105,200,0.0754,,1
1786568031.180,200,0.0679,,1
1786568032.248,200,0.0597,,1
1786568033.308,200,0.0666,,1
1786568034.374,200,0.1560,,1
1786568035.531,200,0.0348,,1
1786568036.566,200,0.0763,,1
1786568037.642,200,0.1687,,1
1786568038.811,200,0.2374,,1
1786568040.048,200,0.2310,,1
1786568041.279,200,0.1559,,1
1786568042.435,200,0.1709,,1
1786568043.606,200,0.1859,,1
1786568044.792,200,0.2107,,1
1786568046.003,200,0.1715,,1
1786568047.175,200,0.2392,,1
1786568048.414,200,0.2434,,1
1786568049.658,200,0.5293,,1
1786568051.187,200,0.2632,,1
1786568052.450,200,0.2363,,1
1786568053.687,200,0.2051,,1
1786568054.892,200,0.1181,,1
1786568056.010,200,0.1604,,1
1786568057.171,200,0.2613,,1
1786568058.432,200,0.2246,,1
1786568059.657,200,0.2343,,1
1786568060.891,200,0.0861,,1
1786568061.977,200,0.2842,,1
1786568063.262,200,0.0037,,1
1786568064.265,200,0.0226,,1
1786568065.288,200,0.3093,,1
1786568066.598,200,0.0044,,1
1786568067.602,200,0.0031,,1
1786568068.605,200,0.0059,,1
1786568069.611,200,0.2133,,1
1786568070.825,200,0.0064,,1
1786568071.831,200,0.0046,,1
1786568072.836,200,0.3304,,1
1786568074.166,200,0.0039,,1
1786568075.170,200,0.2944,,1
1786568076.465,200,0.0243,,1
1786568077.489,200,0.3270,,1
1786568078.816,200,0.0045,,1
1786568079.821,200,0.0092,,1
1786568080.830,200,0.3354,,1
1786568082.166,200,0.0044,,1
1786568083.170,200,0.3553,,1
1786568084.526,200,0.0403,,1
1786568085.566,200,0.0039,,1
1786568086.570,200,0.0049,,1
1786568087.575,200,0.3286,,1
1786568088.904,200,0.0039,,1
1786568089.908,200,0.3480,,1
1786568091.256,200,0.0068,,1
1786568092.263,200,0.0038,,1
1786568093.267,200,0.0062,,1
1786568094.273,200,0.3763,,1
1786568095.649,200,0.0448,,1
1786568096.694,200,0.3776,,1
1786568098.072,200,0.1415,,1
1786568099.214,200,0.1305,,1
1786568100.344,200,0.0065,,1
1786568101.351,200,0.0683,,1
1786568102.419,200,0.0345,,1
1786568103.454,200,0.0976,,1
1786568104.552,200,0.2547,,1
1786568105.806,200,0.0032,,1
1786568106.810,200,0.0041,,1
1786568107.814,200,0.0296,,1
1786568108.844,200,0.0415,,1
1786568109.885,200,0.0046,,1
1786568110.890,200,0.1485,,1
1786568112.038,200,0.0059,,1
1786568113.044,200,0.1462,,1
1786568114.191,200,0.0074,,1
1786568115.198,200,0.0642,,1
1786568116.263,200,0.0269,,1
1786568117.290,200,0.0952,,1
1786568118.385,200,0.0187,,1
1786568119.404,200,0.0736,,1
1786568120.477,200,0.1437,,1
1786568121.621,200,0.0049,,1
1786568122.626,200,0.0770,,1
1786568123.703,200,0.1030,,1
1786568124.807,200,0.0900,,1
1786568125.897,200,0.0897,,1
1786568126.986,200,0.0038,,1
1786568127.990,200,0.1129,,1
1786568129.103,200,0.1087,,1
1786568130.212,200,0.1333,,1
1786568131.346,200,0.0048,,1
1786568132.351,200,0.0509,,1
1786568133.402,200,0.0672,,1
1786568134.469,200,0.1101,,1
1786568135.579,200,0.1274,,1
1786568136.707,200,0.0890,,1
1786568137.796,200,0.1146,,1
1786568138.910,200,0.1454,,1
1786568140.056,200,0.0049,,1
1786568141.061,200,0.0460,,1
1786568142.107,200,0.1609,,1
1786568143.268,200,0.0589,,1
1786568144.327,200,0.0051,,1
1786568145.332,200,0.1242,,1
1786568146.456,200,0.1487,,1
1786568147.605,200,0.1228,,1
1786568148.728,200,0.1151,,1
1786568149.843,200,0.1467,,1
1786568150.990,200,0.0039,,1
1786568151.994,200,0.1758,,1
1786568153.170,200,0.0462,,1
1786568154.216,200,0.1557,,1
1786568155.372,200,0.1636,,1
1786568156.536,200,0.0582,,1
1786568157.594,200,0.0192,,1
1786568158.613,200,0.0030,,1
1786568159.616,200,0.0041,,1
1786568160.621,200,0.1644,,1
1786568161.785,200,0.0891,,1
1786568162.874,200,0.1445,,1
1786568164.019,200,0.3621,,1
1786568165.381,200,0.0403,,1
1786568166.422,200,0.2264,,1
1786568167.648,200,0.2871,,1
1786568168.935,200,0.1924,,1
1786568170.128,200,0.2343,,1
1786568171.362,200,0.0583,,1
1786568172.421,200,0.3040,,1
1786568173.725,200,0.1727,,1
1786568174.898,200,0.1820,,1
1786568176.080,200,0.3400,,1
1786568177.420,200,0.0039,,1
1786568178.424,200,0.3019,,1
1786568179.726,200,0.2623,,1
1786568180.988,200,0.1218,,1
1786568182.110,200,0.2289,,1
1786568183.339,200,0.2241,,1
1786568184.563,200,0.1704,,1
1786568185.734,200,0.2217,,1
1786568186.956,200,0.2825,,1
1786568188.238,200,0.1527,,1
1786568189.391,200,0.3968,,1
1786568190.788,200,0.0927,,1
1786568191.881,200,0.1564,,1
1786568193.037,200,0.3429,,1
1786568194.380,200,0.1564,,1
1786568195.537,200,0.1457,,1
1786568196.683,200,0.2818,,1
1786568197.965,200,0.1624,,1
1786568199.127,200,0.1567,,1
1786568200.284,200,0.3954,,1
1786568201.679,200,0.0493,,1
1786568202.729,200,0.2475,,1
1786568203.976,200,0.2465,,1
1786568205.223,200,0.2097,,1
1786568206.433,200,0.2015,,1
1786568207.635,200,0.2412,,1
1786568208.876,200,0.4002,,1
1786568210.276,200,0.0037,,1
1786568211.280,200,0.0632,,1
1786568212.343,200,0.0058,,1
1786568213.349,200,0.0051,,1
1786568214.354,200,0.3659,,1
1786568215.720,200,0.2068,,1
1786568216.927,200,0.3719,,1
1786568218.299,200,0.0030,,1
1786568219.302,200,0.3436,,1
1786568220.646,200,0.2830,,1
1786568221.929,200,0.3412,,1
1786568223.270,200,0.0044,,1
1786568224.275,200,0.0640,,1
1786568225.339,200,0.3034,,1
1786568226.643,200,0.0081,,1
1786568227.651,200,0.1389,,1
1786568228.790,200,0.0050,,1
1786568229.795,200,0.1542,,1
1786568230.949,200,0.0058,,1
1786568231.955,200,0.0154,,1
1786568232.971,200,0.2211,,1
1786568234.192,200,0.0049,,1
1786568235.197,200,0.0096,,1
1786568236.206,200,0.3640,,1
1786568237.570,200,0.2117,,1
1786568238.782,200,0.3818,,1
1786568240.164,200,0.2230,,1
1786568241.387,200,0.3194,,1
1786568242.707,200,0.2914,,1
1786568243.998,200,0.0051,,1
1786568245.003,200,0.0510,,1
1786568246.055,200,0.3425,,1
1786568247.397,200,0.2580,,1
1786568248.655,200,0.0053,,1
1786568249.661,200,0.1710,,1
1786568250.832,200,0.2897,,1
1786568252.122,200,0.0042,,1
1786568253.126,200,0.2402,,1
1786568254.366,200,0.4122,,1
1786568255.778,200,0.0133,,1
1786568256.792,200,0.1631,,1
1786568257.955,200,0.4183,,1
1786568259.373,200,0.3396,,1
1786568260.713,200,0.0046,,1
1786568261.718,200,0.2765,,1
1786568262.994,200,0.4190,,1
1786568264.413,200,0.0043,,1
1786568265.418,200,0.2503,,1
1786568266.668,200,0.0049,,1
1786568267.673,200,0.1977,,1
1786568268.871,200,0.0038,,1
1786568269.875,200,0.2110,,1
1786568271.086,200,0.0131,,1
1786568272.099,200,0.4022,,1
1786568273.502,200,0.3814,,1
1786568274.883,200,0.0052,,1
1786568275.889,200,0.0043,,1
1786568276.893,200,0.0702,,1
1786568277.963,200,0.0047,,1
1786568278.968,200,0.0039,,1
1786568279.972,200,0.0036,,1
1786568280.976,200,0.4735,,1
1786568282.449,200,0.3625,,1
1786568283.812,200,0.0037,,1
1786568284.816,200,0.0047,,1
1786568285.820,200,0.0042,,1
1786568286.825,200,0.3726,,1
1786568288.197,200,0.0039,,1
1786568289.201,200,0.4369,,1
1786568290.638,200,0.0040,,1
1786568291.642,200,0.0040,,1
1786568292.647,200,0.0038,,1
1786568293.650,200,0.0048,,1
1786568294.655,200,0.3513,,1
1786568296.007,200,0.0040,,1
1786568297.011,200,0.0035,,1
1786568298.014,200,0.4033,,1
1786568299.418,200,0.0043,,1
1786568300.422,200,0.0319,,1
1786568301.454,200,0.0326,,1
1786568302.487,200,0.4924,,1
1786568303.979,200,0.0037,,1
1786568304.983,200,0.0045,,1
1786568305.988,200,0.0059,,1
1786568306.994,200,0.3701,,1
1786568308.364,200,0.0034,,1
1786568309.367,200,0.0040,,1
1786568310.371,200,0.0228,,1
1786568311.394,200,0.0039,,1
1786568312.398,200,0.0037,,1
1786568313.402,200,0.0050,,1
1786568314.407,200,0.4783,,1
1786568315.885,200,0.0040,,1
1786568316.890,200,0.0373,,1
1786568317.927,200,0.0066,,1
1786568318.934,200,0.0174,,1
1786568319.951,200,0.0039,,1
1786568320.955,200,0.0039,,1
1786568321.959,200,0.0032,,1
1786568322.962,200,0.4731,,1
1786568324.435,200,0.0044,,1
1786568325.440,200,0.0598,,1
1786568326.500,200,0.0032,,1
1786568327.503,200,0.0037,,1
1786568328.507,200,0.0041,,1
1786568329.511,200,0.0057,,1
1786568330.517,200,0.0043,,1
1786568331.521,200,0.0044,,1
1786568332.526,200,0.0037,,1
1786568333.529,200,0.0086,,1
1786568334.538,200,0.0055,,1
1786568335.544,200,0.0041,,1
1786568336.548,200,0.0039,,1
1786568337.552,200,0.0043,,1
1786568338.556,200,0.0042,,1
1786568339.560,200,0.0234,,1
1786568340.584,200,0.2782,,1
1786568341.862,200,0.0041,,1
1786568342.866,200,0.0608,,1
1786568343.927,200,0.0036,,1
1786568344.931,200,0.3300,,1
1786568346.261,200,0.0034,,1
1786568347.264,200,0.0063,,1
1786568348.271,200,0.1140,,1
1786568349.385,200,0.0351,,1
1786568350.420,200,0.3858,,1
1786568351.806,200,0.1326,,1
1786568352.939,200,0.2471,,1
1786568354.186,200,0.2925,,1
1786568355.478,200,0.0044,,1
1786568356.483,200,0.0031,,1
1786568357.486,200,0.0037,,1
1786568358.490,200,0.3631,,1
1786568359.853,200,0.0234,,1
1786568360.877,200,0.0043,,1
1786568361.881,200,0.0933,,1
1786568362.974,200,0.1186,,1
1786568364.093,200,0.2594,,1
1786568365.353,200,0.0688,,1
1786568366.422,200,0.3100,,1
1786568367.732,200,0.0033,,1
1786568368.735,200,0.0211,,1
1786568369.756,200,0.4473,,1
1786568371.204,200,0.0150,,1
1786568372.219,200,0.3653,,1
1786568373.584,200,0.0038,,1
1786568374.588,200,0.0037,,1
1786568375.592,200,0.3314,,1
1786568376.923,200,0.0345,,1
1786568377.958,200,0.3617,,1
1786568379.320,200,0.0033,,1
1786568380.323,200,0.5029,,1
1786568381.826,200,0.0303,,1
1786568382.856,200,0.0053,,1
1786568383.862,200,0.3991,,1
1786568385.261,200,0.0249,,1
1786568386.286,200,0.2248,,1
1786568387.511,200,0.1512,,1
1786568388.662,200,0.5148,,1
1786568390.177,200,0.0059,,1
1786568391.183,200,0.2717,,1
1786568392.455,200,0.1213,,1
1786568393.576,200,0.3264,,1
1786568394.903,200,0.0677,,1
1786568395.971,200,0.0040,,1
1786568396.975,200,0.4764,,1
1786568398.451,200,0.0058,,1
1786568399.457,200,0.0039,,1
1786568400.461,200,0.0038,,1
1786568401.465,200,0.1058,,1
1786568402.571,200,0.1244,,1
1786568403.695,200,0.1906,,1
1786568404.886,200,0.4666,,1
1786568406.353,200,0.3914,,1
1786568407.744,200,0.2945,,1
1786568409.039,200,0.2788,,1
1786568410.318,200,0.0085,,1
1786568411.326,200,0.0042,,1
1786568412.331,200,0.0243,,1
1786568413.355,200,0.2971,,1
1786568414.652,200,0.3900,,1
1786568416.042,200,0.1475,,1
1786568417.190,200,0.3687,,1
1786568418.559,200,0.2859,,1
1786568419.845,200,0.4967,,1
1786568421.341,200,0.2157,,1
1786568422.557,200,0.4092,,1
1786568423.967,200,0.3466,,1
1786568425.313,200,0.5240,,1
1786568426.837,200,0.0544,,1
1786568427.892,200,0.1608,,1
1786568429.053,200,0.4459,,1
1786568430.499,200,0.0039,,1
1786568431.503,200,0.0331,,1
1786568432.536,200,0.0042,,1
1786568433.540,200,0.0038,,1
1786568434.544,200,0.4158,,1
1786568435.960,200,0.3525,,1
1786568437.313,200,0.5208,,1
1786568438.834,200,0.2201,,1
1786568440.054,200,0.0037,,1
1786568441.058,200,0.0157,,1
1786568442.073,200,0.0056,,1
1786568443.079,200,0.3668,,1
1786568444.446,200,0.2014,,1
1786568445.647,200,0.0032,,1
1786568446.651,200,0.0041,,1
1786568447.655,200,0.0050,,1
1786568448.660,200,0.4764,,1
1786568450.136,200,0.2472,,1
1786568451.384,200,0.5215,,1
1786568452.905,200,0.0050,,1
1786568453.910,200,0.0043,,1
1786568454.915,200,0.0034,,1
1786568455.918,200,0.5927,,1
1786568457.511,200,0.0035,,1
1786568458.515,200,0.0050,,1
1786568459.520,200,0.0034,,1
1786568460.523,200,0.2257,,1
1786568461.749,200,0.3940,,1
1786568463.143,200,0.0401,,1
1786568464.183,200,0.1179,,1
1786568465.301,200,0.0061,,1
1786568466.307,200,0.4774,,1
1786568467.785,200,0.0049,,1
1786568468.790,200,0.0079,,1
1786568469.798,200,0.0054,,1
1786568470.803,200,0.0036,,1
1786568471.807,200,0.3914,,1
1786568473.199,200,0.0048,,1
1786568474.203,200,0.5463,,1
1786568475.750,200,0.0101,,1
1786568476.760,200,0.1595,,1
1786568477.920,200,0.0089,,1
1786568478.929,200,0.5249,,1
1786568480.453,200,0.0072,,1
1786568481.461,200,0.1228,,1
1786568482.584,200,0.0053,,1
1786568483.589,200,0.0788,,1
1786568484.668,200,0.0057,,1
1786568485.674,200,0.0043,,1
1786568486.678,200,0.0056,,1
1786568487.684,200,0.3905,,1
1786568489.074,200,0.0078,,1
1786568490.082,200,0.0037,,1
1786568491.086,200,0.0051,,1
1786568492.091,200,0.1174,,1
1786568493.209,200,0.0056,,1
1786568494.215,200,0.3942,,1
1786568495.609,200,0.0071,,1
1786568496.616,200,0.1133,,1
1786568497.729,200,0.0497,,1
1786568498.779,200,0.2308,,1
1786568500.010,200,0.0066,,1
1786568501.017,200,0.3188,,1
1786568502.336,200,0.0052,,1
1786568503.341,200,0.6769,,1
1786568505.018,200,0.6784,,1
1786568506.696,200,0.5604,,1
1786568508.257,200,0.0052,,1
1786568509.262,200,0.0032,,1
1786568510.265,200,0.0050,,1
1786568511.270,200,0.5201,,1
1786568512.791,200,0.0443,,1
1786568513.835,200,0.0040,,1
1786568514.839,200,0.0090,,1
1786568515.848,200,0.3253,,1
1786568517.174,200,0.0154,,1
1786568518.189,200,0.5352,,1
1786568519.724,200,0.0111,,1
1786568520.736,200,0.3244,,1
1786568522.060,200,0.0056,,1
1786568523.066,200,0.5780,,1
1786568524.644,200,0.0058,,1
1786568525.650,200,0.0044,,1
1786568526.654,200,0.0077,,1
1786568527.662,200,0.0059,,1
1786568528.668,200,0.0047,,1
1786568529.673,200,0.0045,,1
1786568530.677,200,0.2824,,1
1786568531.960,200,0.0054,,1
1786568532.965,200,0.6334,,1
1786568534.599,200,0.0060,,1
1786568535.605,200,0.1556,,1
1786568536.761,200,0.0047,,1
1786568537.765,200,0.4708,,1
1786568539.236,200,0.0063,,1
1786568540.243,200,0.6827,,1
1786568541.925,200,0.0050,,1
1786568542.931,200,0.0045,,1
1786568543.935,200,0.0054,,1
1786568544.941,200,0.0057,,1
1786568545.946,200,0.0038,,1
1786568546.950,200,0.0344,,1
1786568547.985,200,0.0043,,1
1786568548.989,200,0.0052,,1
1786568549.995,200,0.5498,,1
1786568551.544,200,0.0051,,1
1786568552.550,200,0.0060,,1
1786568553.556,200,0.0041,,1
1786568554.560,200,0.0074,,1
1786568555.567,200,0.1845,,1
1786568556.752,200,0.0055,,1
1786568557.757,200,0.0690,,1
1786568558.827,200,0.0061,,1
1786568559.833,200,0.3352,,1
1786568561.168,200,0.0053,,1
1786568562.173,200,0.0062,,1
1786568563.180,200,0.2297,,1
1786568564.409,200,0.6928,,1
1786568566.102,200,0.0153,,1
1786568567.118,200,0.0058,,1
1786568568.124,200,0.0046,,1
1786568569.128,200,0.0054,,1
1786568570.134,200,0.2198,,1
1786568571.354,200,0.0053,,1
1786568572.359,200,0.2682,,1
1786568573.627,200,0.0056,,1
1786568574.633,200,0.0057,,1
1786568575.639,200,0.0352,,1
1786568576.674,200,0.0056,,1
1786568577.680,200,0.0043,,1
1786568578.684,200,0.0329,,1
1786568579.717,200,0.5779,,1
1786568581.295,200,0.0053,,1
1786568582.301,200,0.0063,,1
1786568583.307,200,0.0049,,1
1786568584.312,200,0.0364,,1
1786568585.348,200,0.0355,,1
1786568586.384,200,0.0063,,1
1786568587.390,200,0.0051,,1
1786568588.396,200,0.0232,,1
1786568589.419,200,0.0053,,1
1786568590.424,200,0.1142,,1
1786568591.539,200,0.0053,,1
1786568592.544,200,0.7437,,1
1786568594.288,200,0.0052,,1
1786568595.293,200,0.0056,,1
1786568596.299,200,0.2399,,1
1786568597.539,200,0.0055,,1
1786568598.544,200,0.0150,,1
1786568599.560,200,0.0055,,1
1786568600.565,200,0.0051,,1
1786568601.570,200,0.0720,,1
1786568602.642,200,0.0153,,1
1786568603.658,200,0.1884,,1
1786568604.846,200,0.0050,,1
1786568605.851,200,0.7168,,1
1786568607.568,200,0.0059,,1
1786568608.574,200,0.3675,,1
1786568609.942,200,0.0278,,1
1786568610.970,200,0.6680,,1
1786568612.638,200,0.0053,,1
1786568613.643,200,0.7320,,1
1786568615.375,200,0.0053,,1
1786568616.381,200,0.2088,,1
1786568617.590,200,0.0062,,1
1786568618.596,200,0.0057,,1
1786568619.602,200,0.0051,,1
1786568620.607,200,0.0054,,1
1786568621.613,200,0.3274,,1
1786568622.940,200,0.0056,,1
1786568623.946,200,0.0058,,1
1786568624.952,200,0.0043,,1
1786568625.956,200,0.0052,,1
1786568626.961,200,0.1393,,1
1786568628.101,200,0.0054,,1
1786568629.106,200,0.5210,,1
1786568630.627,200,0.0193,,1
1786568631.647,200,0.0055,,1
1786568632.652,200,0.0057,,1
1786568633.658,200,0.0052,,1
1786568634.663,200,0.5599,,1
1786568636.223,200,0.0055,,1
1786568637.229,200,0.6918,,1
1786568638.921,200,0.0107,,1
1786568639.932,200,0.0052,,1
1786568640.937,200,0.1358,,1
1786568642.073,200,0.0057,,1
1786568643.079,200,0.0994,,1
1786568644.178,200,0.0373,,1
1786568645.216,200,0.4918,,1
1786568646.707,200,0.0064,,1
1786568647.714,200,0.6815,,1
1786568649.395,200,0.1837,,1
1786568650.579,200,0.1408,,1
1786568651.720,200,0.1251,,1
1786568652.845,200,0.1790,,1
1786568654.024,200,0.1784,,1
1786568655.203,200,0.0261,,1
1786568656.229,200,0.0058,,1
1786568657.235,200,0.0153,,1
1786568658.250,200,0.5358,,1
1786568659.786,200,0.0056,,1
1786568660.792,200,0.0065,,1
1786568661.798,200,0.0060,,1
1786568662.804,200,0.0061,,1
1786568663.811,200,0.0040,,1
1786568664.815,200,0.0071,,1
1786568665.822,200,0.5982,,1
1786568667.420,200,0.0051,,1
1786568668.425,200,0.2989,,1
1786568669.724,200,0.0052,,1
1786568670.730,200,0.0051,,1
1786568671.735,200,0.0049,,1
1786568672.740,200,0.0063,,1
1786568673.746,200,0.0056,,1
1786568674.752,200,0.3109,,1
1786568676.063,200,0.0062,,1
1786568677.069,200,0.3114,,1
1786568678.381,200,0.0077,,1
1786568679.388,200,0.0080,,1
1786568680.396,200,0.0618,,1
1786568681.458,200,0.0064,,1
1786568682.465,200,0.2609,,1
1786568683.726,200,0.0055,,1
1786568684.731,200,0.0481,,1
1786568685.780,200,0.0259,,1
1786568686.805,200,0.0055,,1
1786568687.811,200,0.4652,,1
1786568689.276,200,0.0056,,1
1786568690.282,200,0.7096,,1
1786568691.992,200,0.0063,,1
1786568692.998,200,0.5575,,1
1786568694.556,200,0.0069,,1
1786568695.563,200,0.8062,,1
1786568697.369,200,0.0058,,1
1786568698.375,200,0.5356,,1
1786568699.911,200,0.0078,,1
1786568700.918,200,0.0058,,1
1786568701.924,200,0.2736,,1
1786568703.198,200,0.0067,,1
1786568704.205,200,0.5209,,1
1786568705.726,200,0.0056,,1
1786568706.732,200,0.0190,,1
1786568707.751,200,0.4123,,1
1786568709.163,200,0.0050,,1
1786568710.168,200,0.5093,,1
1786568711.678,200,0.0245,,1
1786568712.702,200,0.0058,,1
1786568713.708,200,0.0049,,1
1786568714.713,200,0.0235,,1
1786568715.737,200,0.2936,,1
1786568717.030,200,0.0064,,1
1786568718.037,200,0.0065,,1
1786568719.043,200,0.0065,,1
1786568720.050,200,0.0047,,1
1786568721.055,200,0.5475,,1
1786568722.602,200,0.0058,,1
1786568723.608,200,0.0150,,1
1786568724.623,200,0.0056,,1
1786568725.629,200,0.0053,,1
1786568726.634,200,0.0226,,1
1786568727.657,200,0.6367,,1
1786568729.294,200,0.0206,,1
1786568730.315,200,0.0188,,1
1786568731.333,200,0.0051,,1
1786568732.339,200,0.0480,,1
1786568733.387,200,0.0062,,1
1786568734.393,200,0.4255,,1
1786568735.818,200,0.0062,,1
1786568736.825,200,0.6373,,1
1786568738.462,200,0.0083,,1
1786568739.470,200,0.0051,,1
1786568740.476,200,0.0044,,1
1786568741.480,200,0.0098,,1
1786568742.490,200,0.0053,,1
1786568743.495,200,0.0034,,1
1786568744.499,200,0.0064,,1
1786568745.505,200,0.0076,,1
1786568746.513,200,0.1503,,1
1786568747.663,200,0.0062,,1
1786568748.670,200,0.0056,,1
1786568749.676,200,0.2093,,1
1786568750.885,200,0.0080,,1
1786568751.893,200,0.0064,,1
1786568752.899,200,0.0048,,1
1786568753.904,200,0.0084,,1
1786568754.913,200,0.0058,,1
1786568755.919,200,0.3481,,1
1786568757.267,200,0.0051,,1
1786568758.272,200,0.0082,,1
1786568759.280,200,0.0151,,1
1786568760.295,200,0.0060,,1
1786568761.302,200,0.0065,,1
1786568762.308,200,0.0046,,1
1786568763.313,200,0.0069,,1
1786568764.320,200,0.7840,,1
1786568766.104,200,0.0066,,1
1786568767.111,200,0.0066,,1
1786568768.117,200,0.5506,,1
1786568769.668,200,0.0064,,1
1786568770.675,200,0.0070,,1
1786568771.682,200,0.6861,,1
1786568773.368,200,0.0081,,1
1786568774.376,200,0.7481,,1
1786568776.124,200,0.0059,,1
1786568777.130,200,0.0064,,1
1786568778.137,200,0.1037,,1
1786568779.240,200,0.0061,,1
1786568780.247,200,0.0059,,1
1786568781.253,200,0.1916,,1
1786568782.444,200,0.0057,,1
1786568783.450,200,0.0228,,1
1786568784.473,200,0.0057,,1
1786568785.479,200,0.0052,,1
1786568786.484,200,0.8676,,1
1786568788.352,200,0.0055,,1
1786568789.357,200,0.0061,,1
1786568790.363,200,0.7426,,1
1786568792.106,200,0.0061,,1
1786568793.112,200,0.8410,,1
1786568794.953,200,0.0053,,1
1786568795.959,200,0.0053,,1
1786568796.964,200,0.0156,,1
1786568797.980,200,0.0168,,1
1786568798.996,200,0.0064,,1
1786568800.003,200,0.6162,,1
1786568801.619,200,0.0077,,1
1786568802.627,200,0.5333,,1
1786568804.161,200,0.0107,,1
1786568805.171,200,0.0058,,1
1786568806.177,200,0.5642,,1
1786568807.742,200,0.0055,,1
1786568808.747,200,0.0065,,1
1786568809.754,200,0.5501,,1
1786568811.304,200,0.0056,,1
1786568812.310,200,0.0062,,1
1786568813.316,200,0.0038,,1
1786568814.320,200,0.0060,,1
1786568815.326,200,0.0061,,1
1786568816.332,200,0.3403,,1
1786568817.672,200,0.0060,,1
1786568818.678,200,0.0066,,1
1786568819.685,200,0.0312,,1
1786568820.716,200,0.0067,,1
1786568821.723,200,0.0073,,1
1786568822.731,200,0.1592,,1
1786568823.890,200,0.0241,,1
1786568824.914,200,0.0399,,1
1786568825.954,200,0.0503,,1
1786568827.005,200,0.0218,,1
1786568828.026,200,0.0057,,1
1786568829.032,200,0.6859,,1
1786568830.718,200,0.0050,,1
1786568831.723,200,0.0052,,1
1786568832.729,200,0.1453,,1
1786568833.874,200,0.0216,,1
1786568834.896,200,0.0054,,1
1786568835.901,200,0.0035,,1
1786568836.905,200,0.0060,,1
1786568837.911,200,0.0058,,1
1786568838.917,200,0.0052,,1
1786568839.922,200,0.0044,,1
1786568840.926,200,0.0060,,1
1786568841.932,200,0.0065,,1
1786568842.939,200,0.4217,,1
1786568844.361,200,0.0057,,1
1786568845.367,200,0.0058,,1
1786568846.373,200,0.5526,,1
1786568847.925,200,0.0060,,1
1786568848.931,200,0.0529,,1
1786568849.984,200,0.1740,,1
1786568851.158,200,0.0535,,1
1786568852.212,200,0.0056,,1
1786568853.218,200,0.1532,,1
1786568854.371,200,0.0066,,1
1786568855.378,200,0.0052,,1
1786568856.383,200,0.0058,,1
1786568857.389,200,0.1860,,1
1786568858.575,200,0.0062,,1
1786568859.581,200,0.0480,,1
1786568860.629,200,0.1437,,1
1786568861.773,200,0.0059,,1
1786568862.779,200,0.0064,,1
1786568863.786,200,0.0068,,1
1786568864.793,200,0.0343,,1
1786568865.827,200,0.0052,,1
1786568866.832,200,0.7658,,1
1786568868.598,200,0.0293,,1
1786568869.628,200,0.0447,,1
1786568870.673,200,0.4058,,1
1786568872.078,200,0.0061,,1
1786568873.085,200,0.8612,,1
1786568874.946,200,0.0061,,1
1786568875.952,200,0.0059,,1
1786568876.958,200,0.0078,,1
1786568877.966,200,0.1196,,1
1786568879.086,200,0.0059,,1
1786568880.092,200,0.0061,,1
1786568881.098,200,0.6876,,1
1786568882.786,200,0.0181,,1
1786568883.804,200,0.0230,,1
1786568884.827,200,0.4590,,1
1786568886.286,200,0.0057,,1
1786568887.292,200,0.0063,,1
1786568888.298,200,0.6456,,1
1786568889.944,200,0.0068,,1
1786568890.951,200,0.0076,,1
1786568891.959,200,0.6618,,1
1786568893.621,200,0.0578,,1
1786568894.678,200,0.0052,,1
1786568895.684,200,0.6549,,1
1786568897.339,200,0.0064,,1
1786568898.345,200,0.0063,,1
1786568899.352,200,0.2669,,1
1786568900.619,200,0.0056,,1
1786568901.624,200,0.0067,,1
1786568902.631,200,0.0061,,1
1786568903.637,200,0.4192,,1
1786568905.057,200,0.0060,,1
1786568906.063,200,0.8790,,1
1786568907.942,200,0.0058,,1
1786568908.948,200,0.0271,,1
1786568909.975,200,0.6675,,1
1786568911.642,200,0.0062,,1
1786568912.649,200,0.0051,,1
1786568913.654,200,0.7262,,1
1786568915.380,200,0.0077,,1
1786568916.388,200,0.0208,,1
1786568917.409,200,0.6665,,1
1786568919.076,200,0.0068,,1
1786568920.082,200,0.0060,,1
1786568921.089,200,0.1355,,1
1786568922.224,200,0.0056,,1
1786568923.230,200,0.0205,,1
1786568924.250,200,0.3759,,1
1786568925.626,200,0.0051,,1
1786568926.632,200,0.0051,,1
1786568927.637,200,0.8176,,1
1786568929.454,200,0.0062,,1
1786568930.461,200,0.0059,,1
1786568931.467,200,0.6362,,1
1786568933.103,200,0.0053,,1
1786568934.108,200,0.0527,,1
1786568935.161,200,0.0063,,1
1786568936.167,200,0.0046,,1
1786568937.172,200,0.0425,,1
1786568938.215,200,0.6812,,1
1786568939.896,200,0.0064,,1
1786568940.903,200,0.0303,,1
1786568941.933,200,0.0056,,1
1786568942.939,200,0.1290,,1
1786568944.068,200,0.0055,,1
1786568945.073,200,0.0061,,1
1786568946.079,200,0.5838,,1
1786568947.663,200,0.0083,,1
1786568948.672,200,0.0067,,1
1786568949.678,200,0.2205,,1
1786568950.899,200,0.0059,,1
1786568951.905,200,0.0068,,1
1786568952.912,200,0.0070,,1
1786568953.919,200,0.0651,,1
1786568954.984,200,0.0081,,1
1786568955.992,200,0.0168,,1
1786568957.009,200,0.5765,,1
1786568958.586,200,0.0113,,1
1786568959.597,200,0.0073,,1
1786568960.604,200,0.0065,,1
1786568961.611,200,0.0244,,1
1786568962.635,200,0.0548,,1
1786568963.690,200,0.0061,,1
1786568964.697,200,0.1083,,1
1786568965.805,200,0.0068,,1
1786568966.812,200,0.0091,,1
1786568967.821,200,0.0069,,1
1786568968.828,200,0.0251,,1
1786568969.853,200,0.0059,,1
1786568970.859,200,0.0073,,1
1786568971.867,200,0.4201,,1
1786568973.287,200,0.0065,,1
1786568974.293,200,0.0091,,1
1786568975.303,200,0.8669,,1
1786568977.169,200,0.0073,,1
1786568978.177,200,0.0073,,1
1786568979.184,200,0.4546,,1
1786568980.639,200,0.0055,,1
1786568981.644,200,0.0071,,1
1786568982.652,200,0.7779,,1
1786568984.430,200,0.0140,,1
1786568985.444,200,0.0077,,1
1786568986.452,200,0.6172,,1
1786568988.069,200,0.0060,,1
1786568989.075,200,0.0055,,1
1786568990.081,200,0.7826,,1
1786568991.863,200,0.0073,,1
1786568992.871,200,0.0058,,1
1786568993.877,200,0.8233,,1
1786568995.700,200,0.0591,,1
1786568996.759,200,0.0058,,1
1786568997.765,200,0.4366,,1
1786568999.202,200,0.0129,,1
1786569000.215,200,0.0499,,1
1786569001.265,200,0.4745,,1
1786569002.739,200,0.0063,,1
1786569003.746,200,0.0548,,1
1786569004.800,200,0.6256,,1
1786569006.426,200,0.0063,,1
1786569007.433,200,0.0057,,1
1786569008.438,200,0.0061,,1
1786569009.444,200,0.4847,,1
1786569010.929,200,0.0290,,1
1786569011.958,200,0.0065,,1
1786569012.965,200,0.7969,,1
1786569014.762,200,0.0063,,1
1786569015.768,200,0.0064,,1
1786569016.775,200,0.4821,,1
1786569018.257,200,0.0058,,1
1786569019.263,200,0.0072,,1
1786569020.270,200,0.6695,,1
1786569021.940,200,0.0217,,1
1786569022.961,200,0.0095,,1
1786569023.971,200,0.0073,,1
1786569024.978,200,0.6603,,1
1786569026.639,200,0.0058,,1
1786569027.645,200,0.6539,,1
1786569029.299,200,0.0088,,1
1786569030.308,200,0.0064,,1
1786569031.314,200,0.0056,,1
1786569032.320,200,0.5714,,1
1786569033.891,200,0.0082,,1
1786569034.900,200,0.0053,,1
1786569035.905,200,0.1875,,1
1786569037.093,200,0.0058,,1
1786569038.099,200,0.0477,,1
1786569039.146,200,0.0066,,1
1786569040.153,200,0.1842,,1
1786569041.337,200,0.0056,,1
1786569042.343,200,0.0066,,1
1786569043.350,200,0.2844,,1
1786569044.634,200,0.0077,,1
1786569045.642,200,0.0056,,1
1786569046.648,200,0.0052,,1
1786569047.653,200,0.6391,,1
1786569049.292,200,0.0060,,1
1786569050.298,200,0.0066,,1
1786569051.305,200,0.0058,,1
1786569052.311,200,0.1498,,1
1786569053.461,200,0.0066,,1
1786569054.467,200,0.0055,,1
1786569055.473,200,0.4479,,1
1786569056.921,200,0.0107,,1
1786569057.932,200,0.0071,,1
1786569058.939,200,0.9677,,1
1786569060.907,200,0.0062,,1
1786569061.913,200,0.0364,,1
1786569062.950,200,0.0207,,1
1786569063.970,200,0.4427,,1
1786569065.413,200,0.0057,,1
1786569066.419,200,0.0064,,1
1786569067.425,200,0.0078,,1
1786569068.433,200,0.2161,,1
1786569069.649,200,0.0065,,1
1786569070.656,200,0.0065,,1
1786569071.663,200,0.3376,,1
1786569073.000,200,0.0480,,1
1786569074.048,200,0.0080,,1
1786569075.056,200,0.6352,,1
1786569076.692,200,0.0062,,1
1786569077.698,200,0.0058,,1
1786569078.704,200,0.0060,,1
1786569079.710,200,0.2965,,1
1786569081.007,200,0.0058,,1
1786569082.012,200,0.0054,,1
1786569083.018,200,0.6724,,1
1786569084.690,200,0.0208,,1
1786569085.711,200,0.0058,,1
1786569086.717,200,0.9023,,1
1786569088.620,200,0.0061,,1
1786569089.626,200,0.0064,,1
1786569090.632,200,0.7501,,1
1786569092.382,200,0.0075,,1
1786569093.390,200,0.0066,,1
1786569094.397,200,0.0068,,1
1786569095.404,200,0.1945,,1
1786569096.598,200,0.0093,,1
1786569097.608,200,0.0080,,1
1786569098.616,200,0.0067,,1
1786569099.622,200,0.6058,,1
1786569101.228,200,0.0058,,1
1786569102.234,200,0.0067,,1
1786569103.241,200,0.5522,,1
1786569104.793,200,0.0224,,1
1786569105.816,200,0.0689,,1
1786569106.885,200,0.0065,,1
1786569107.891,200,0.0908,,1
1786569108.982,200,0.0057,,1
1786569109.988,200,0.0590,,1
1786569111.047,200,0.9057,,1
1786569112.953,200,0.0066,,1
1786569113.960,200,0.0277,,1
1786569114.987,200,0.8681,,1
1786569116.856,200,0.0268,,1
1786569117.882,200,0.0071,,1
1786569118.890,200,0.0347,,1
1786569119.924,200,0.3551,,1
1786569121.280,200,0.0066,,1
1786569122.286,200,0.0053,,1
1786569123.292,200,0.0194,,1
1786569124.311,200,0.3763,,1
1786569125.687,200,0.0059,,1
1786569126.693,200,0.0068,,1
1786569127.700,200,0.0072,,1
1786569128.708,200,0.5419,,1
1786569130.250,200,0.0178,,1
1786569131.267,200,0.0063,,1
1786569132.274,200,0.7981,,1
1786569134.072,200,0.0051,,1
1786569135.077,200,0.0073,,1
1786569136.085,200,0.0050,,1
1786569137.090,200,0.3606,,1
1786569138.450,200,0.0124,,1
1786569139.463,200,0.0049,,1
1786569140.468,200,0.3945,,1
1786569141.862,200,0.0069,,1
1786569142.869,200,0.0106,,1
1786569143.880,200,0.0056,,1
1786569144.886,200,0.5871,,1
1786569146.473,200,0.0363,,1
1786569147.509,200,0.0061,,1
1786569148.516,200,0.7615,,1
1786569150.277,200,0.0060,,1
1786569151.283,200,0.0052,,1
1786569152.289,200,0.0501,,1
1786569153.339,200,0.3367,,1
1786569154.676,200,0.0055,,1
1786569155.681,200,0.0268,,1
1786569156.708,200,0.0056,,1
1786569157.714,200,0.7090,,1
1786569159.423,200,0.0062,,1
1786569160.429,200,0.0060,,1
1786569161.435,200,0.0256,,1
1786569162.461,200,0.3314,,1
1786569163.792,200,0.0074,,1
1786569164.800,200,0.0059,,1
1786569165.806,200,0.0085,,1
1786569166.814,200,0.4673,,1
1786569168.282,200,0.0051,,1
1786569169.287,200,0.0061,,1
1786569170.293,200,0.8265,,1
1786569172.120,200,0.0053,,1
1786569173.125,200,0.0056,,1
1786569174.131,200,0.0068,,1
1786569175.137,200,0.6205,,1
1786569176.758,200,0.0054,,1
1786569177.763,200,0.0056,,1
1786569178.769,200,0.6019,,1
1786569180.371,200,0.0063,,1
1786569181.377,200,0.0475,,1
1786569182.425,200,0.0063,,1
1786569183.431,200,0.0464,,1
1786569184.478,200,0.0078,,1
1786569185.486,200,0.0070,,1
1786569186.493,200,0.0070,,1
1786569187.500,200,0.5231,,1
1786569189.023,200,0.0052,,1
1786569190.028,200,0.0593,,1
1786569191.088,200,0.0065,,1
1786569192.095,200,0.4383,,1
1786569193.533,200,0.0059,,1
1786569194.539,200,0.0058,,1
1786569195.545,200,0.0055,,1
1786569196.550,200,0.3444,,1
1786569197.895,200,0.0065,,1
1786569198.901,200,0.0078,,1
1786569199.909,200,0.0059,,1
1786569200.915,200,0.4235,,1
1786569202.339,200,0.0061,,1
1786569203.345,200,0.0068,,1
1786569204.352,200,0.0060,,1
1786569205.358,200,0.4035,,1
1786569206.762,200,0.0159,,1
1786569207.778,200,0.0064,,1
1786569208.784,200,0.0067,,1
1786569209.791,200,0.3656,,1
1786569211.157,200,0.0069,,1
1786569212.164,200,0.0058,,1
1786569213.169,200,0.7443,,1
1786569214.914,200,0.0074,,1
1786569215.921,200,0.0121,,1
1786569216.933,200,0.0062,,1
1786569217.940,200,0.5803,,1
1786569219.520,200,0.0061,,1
1786569220.526,200,0.0066,,1
1786569221.533,200,0.0058,,1
1786569222.539,200,0.5766,,1
1786569224.116,200,0.0219,,1
1786569225.137,200,0.0069,,1
1786569226.144,200,0.0062,,1
1786569227.151,200,0.3506,,1
1786569228.501,200,0.0059,,1
1786569229.507,200,0.0061,,1
1786569230.514,200,0.0062,,1
1786569231.520,200,0.7071,,1
1786569233.227,200,0.0061,,1
1786569234.233,200,0.0057,,1
1786569235.239,200,0.0059,,1
1786569236.245,200,0.6555,,1
1786569237.901,200,0.0056,,1
1786569238.906,200,0.0602,,1
1786569239.967,200,0.0078,,1
1786569240.975,200,0.0067,,1
1786569241.981,200,0.0358,,1
1786569243.017,200,0.0056,,1
1786569244.023,200,0.0233,,1
1786569245.046,200,0.0058,,1
1786569246.052,200,0.5824,,1
1786569247.635,200,0.0094,,1
1786569248.644,200,0.0085,,1
1786569249.653,200,0.0058,,1
1786569250.659,200,0.6275,,1
1786569252.286,200,0.0070,,1
1786569253.293,200,0.0055,,1
1786569254.299,200,0.0060,,1
1786569255.305,200,0.4998,,1
1786569256.805,200,0.0058,,1
1786569257.811,200,0.0049,,1
1786569258.816,200,0.0062,,1
1786569259.822,200,0.8015,,1
1786569261.624,200,0.0067,,1
1786569262.630,200,0.0064,,1
1786569263.637,200,0.0060,,1
1786569264.643,200,0.2429,,1
1786569265.886,200,0.0279,,1
1786569266.914,200,0.0062,,1
1786569267.920,200,0.0078,,1
1786569268.928,200,0.0050,,1
1786569269.933,200,0.0688,,1
1786569271.002,200,0.0065,,1
1786569272.009,200,0.0061,,1
1786569273.015,200,0.0064,,1
1786569274.021,200,0.0057,,1
1786569275.027,200,0.2708,,1
1786569276.298,200,0.0227,,1
1786569277.321,200,0.0067,,1
1786569278.328,200,0.0071,,1
1786569279.335,200,0.4132,,1
1786569280.748,200,0.0056,,1
1786569281.754,200,0.0346,,1
1786569282.788,200,0.0065,,1
1786569283.795,200,0.4235,,1
1786569285.219,200,0.0067,,1
1786569286.225,200,0.0062,,1
1786569287.232,200,0.0063,,1
1786569288.238,200,0.0064,,1
1786569289.244,200,0.5113,,1
1786569290.756,200,0.0061,,1
1786569291.762,200,0.0062,,1
1786569292.768,200,0.0067,,1
1786569293.775,200,0.4082,,1
1786569295.183,200,0.0055,,1
1786569296.189,200,0.0062,,1
1786569297.195,200,0.9261,,1
1786569299.121,200,0.0063,,1
1786569300.128,200,0.0309,,1
1786569301.159,200,0.0466,,1
1786569302.205,200,0.7933,,1
1786569303.999,200,0.0712,,1
1786569305.070,200,0.0056,,1
1786569306.076,200,0.0067,,1
1786569307.082,200,0.7732,,1
1786569308.856,200,0.0069,,1
1786569309.863,200,0.0058,,1
1786569310.869,200,0.0062,,1
1786569311.875,200,1.0148,,1
1786569313.890,200,0.0058,,1
1786569314.896,200,0.0063,,1
1786569315.902,200,0.0068,,1
1786569316.909,200,0.9482,,1
1786569318.857,200,0.0058,,1
1786569319.863,200,0.0147,,1
1786569320.878,200,0.0057,,1
1786569321.884,200,0.1460,,1
1786569323.030,200,0.0067,,1
1786569324.037,200,0.0069,,1
1786569325.044,200,0.0060,,1
1786569326.050,200,1.0421,,1
1786569328.092,200,0.0062,,1
1786569329.098,200,0.0059,,1
1786569330.104,200,0.0058,,1
1786569331.110,200,0.7830,,1
1786569332.893,200,0.0060,,1
1786569333.899,200,0.0059,,1
1786569334.905,200,0.0064,,1
1786569335.912,200,0.5086,,1
1786569337.420,200,0.0067,,1
1786569338.427,200,0.0354,,1
1786569339.463,200,0.0083,,1
1786569340.471,200,0.9579,,1
1786569342.429,200,0.0050,,1
1786569343.434,200,0.0050,,1
1786569344.439,200,0.0061,,1
1786569345.445,200,0.3978,,1
1786569346.843,200,0.0060,,1
1786569347.849,200,0.0074,,1
1786569348.857,200,0.0058,,1
1786569349.863,200,0.5364,,1
1786569351.399,200,0.0067,,1
1786569352.406,200,0.0064,,1
1786569353.413,200,0.0061,,1
1786569354.419,200,0.7140,,1
1786569356.133,200,0.3183,,1
1786569357.451,200,0.9311,,1
1786569359.383,200,0.2774,,1
1786569360.660,200,0.0430,,1
1786569361.703,200,0.0648,,1
1786569362.768,200,0.0080,,1
1786569363.776,200,0.0058,,1
1786569364.782,200,0.0052,,1
1786569365.787,200,0.7239,,1
1786569367.511,200,0.0174,,1
1786569368.529,200,0.0071,,1
1786569369.536,200,0.0055,,1
1786569370.542,200,0.1241,,1
1786569371.666,200,0.0058,,1
1786569372.672,200,0.0163,,1
1786569373.688,200,0.0086,,1
1786569374.697,200,0.0203,,1
1786569375.717,200,0.4161,,1
1786569377.133,200,0.0065,,1
1786569378.140,200,0.0242,,1
1786569379.164,200,0.0061,,1
1786569380.170,200,1.0536,,1
1786569382.224,200,0.0060,,1
1786569383.230,200,0.0059,,1
1786569384.236,200,0.0059,,1
1786569385.242,200,0.0054,,1
1786569386.247,200,0.1682,,1
1786569387.416,200,0.0068,,1
1786569388.422,200,0.0063,,1
1786569389.429,200,0.0054,,1
1786569390.434,200,0.7128,,1
1786569392.147,200,0.0056,,1
1786569393.153,200,0.0054,,1
1786569394.158,200,0.0057,,1
1786569395.164,200,1.0208,,1
1786569397.185,200,0.0055,,1
1786569398.191,200,0.0049,,1
1786569399.196,200,0.0071,,1
1786569400.203,200,0.2228,,1
1786569401.425,200,0.0284,,1
1786569402.454,200,0.0061,,1
1786569403.460,200,0.0058,,1
1786569404.466,200,0.8116,,1
1786569406.278,200,0.0264,,1
1786569407.304,200,0.0057,,1
1786569408.310,200,0.0055,,1
1786569409.316,200,0.0060,,1
1786569410.322,200,0.0858,,1
1786569411.408,200,0.0068,,1
1786569412.414,200,0.0065,,1
1786569413.421,200,0.0242,,1
1786569414.445,200,0.8087,,1
1786569416.254,200,0.0066,,1
1786569417.261,200,0.0058,,1
1786569418.267,200,0.0059,,1
1786569419.273,200,0.0053,,1
1786569420.278,200,0.0747,,1
1786569421.353,200,0.0103,,1
1786569422.363,200,0.0155,,1
1786569423.379,200,0.0058,,1
1786569424.385,200,1.0367,,1
1786569426.422,200,0.0059,,1
1786569427.428,200,0.0056,,1
1786569428.433,200,0.0066,,1
1786569429.440,200,0.7532,,1
1786569431.193,200,0.0348,,1
1786569432.228,200,0.0057,,1
1786569433.234,200,0.0101,,1
1786569434.244,200,0.0055,,1
1786569435.250,200,0.4971,,1
1786569436.747,200,0.0077,,1
1786569437.755,200,0.0059,,1
1786569438.761,200,0.0596,,1
1786569439.820,200,0.7815,,1
1786569441.602,200,0.0065,,1
1786569442.609,200,0.0178,,1
1786569443.626,200,0.0055,,1
1786569444.632,200,0.9512,,1
1786569446.583,200,0.0077,,1
1786569447.591,200,0.0546,,1
1786569448.646,200,0.0064,,1
1786569449.652,200,0.0057,,1
1786569450.658,200,0.2142,,1
1786569451.872,200,0.0058,,1
1786569452.878,200,0.0060,,1
1786569453.884,200,0.0062,,1
1786569454.890,200,0.0054,,1
1786569455.896,200,0.1191,,1
1786569457.015,200,0.0066,,1
1786569458.022,200,0.0257,,1
1786569459.048,200,0.0061,,1
1786569460.054,200,0.0064,,1
1786569461.060,200,0.0790,,1
1786569462.139,200,0.0291,,1
1786569463.169,200,0.0131,,1
1786569464.182,200,0.0054,,1
1786569465.187,200,0.0197,,1
1786569466.207,200,0.2654,,1
1786569467.473,200,0.0068,,1
1786569468.479,200,0.0054,,1
1786569469.485,200,0.0062,,1
1786569470.491,200,0.0069,,1
1786569471.498,200,0.3049,,1
1786569472.803,200,0.0072,,1
1786569473.811,200,0.0057,,1
1786569474.816,200,0.0064,,1
1786569475.823,200,0.0053,,1
1786569476.828,200,0.4448,,1
1786569478.273,200,0.0618,,1
1786569479.335,200,0.0065,,1
1786569480.341,200,0.0108,,1
1786569481.352,200,0.0061,,1
1786569482.358,200,0.4140,,1
1786569483.773,200,0.0059,,1
1786569484.779,200,0.0063,,1
1786569485.785,200,0.0180,,1
1786569486.803,200,0.0059,,1
1786569487.809,200,0.4125,,1
1786569489.222,200,0.0056,,1
1786569490.227,200,0.0127,,1
1786569491.240,200,0.0056,,1
1786569492.246,200,0.0059,,1
1786569493.252,200,0.0056,,1
1786569494.257,200,0.3267,,1
1786569495.584,200,0.0715,,1
1786569496.656,200,0.0048,,1
1786569497.661,200,0.0054,,1
1786569498.666,200,0.6711,,1
1786569500.337,200,0.0059,,1
1786569501.343,200,0.0062,,1
1786569502.350,200,0.0051,,1
1786569503.355,200,0.0056,,1
1786569504.360,200,0.7320,,1
1786569506.093,200,0.0064,,1
1786569507.099,200,0.0063,,1
1786569508.105,200,0.0050,,1
1786569509.110,200,0.0065,,1
1786569510.117,200,0.2181,,1
1786569511.335,200,0.0058,,1
1786569512.341,200,0.0052,,1
1786569513.346,200,0.0582,,1
1786569514.405,200,0.0059,,1
1786569515.411,200,0.0081,,1
1786569516.419,200,0.3413,,1
1786569517.760,200,0.0060,,1
1786569518.766,200,0.0074,,1
1786569519.774,200,0.0064,,1
1786569520.780,200,1.0213,,1
1786569522.802,200,0.0196,,1
1786569523.821,200,0.0080,,1
1786569524.829,200,0.0074,,1
1786569525.837,200,0.0267,,1
1786569526.864,200,0.9740,,1
1786569528.838,200,0.0129,,1
1786569529.851,200,0.0060,,1
1786569530.857,200,0.0056,,1
1786569531.863,200,0.8649,,1
1786569533.728,200,0.0063,,1
1786569534.734,200,0.0065,,1
1786569535.741,200,0.0058,,1
1786569536.746,200,0.0057,,1
1786569537.752,200,0.3552,,1
1786569539.108,200,0.0067,,1
1786569540.114,200,0.0062,,1
1786569541.121,200,0.0366,,1
1786569542.157,200,1.1290,,1
1786569544.286,200,0.0105,,1
1786569545.297,200,0.0065,,1
1786569546.304,200,0.0074,,1
1786569547.311,200,0.0058,,1
1786569548.317,200,0.3525,,1
1786569549.669,200,0.0074,,1
1786569550.677,200,0.0064,,1
1786569551.683,200,0.0066,,1
1786569552.690,200,0.0054,,1
1786569553.696,200,0.6685,,1
1786569555.364,200,0.0070,,1
1786569556.371,200,0.0072,,1
1786569557.379,200,0.0068,,1
1786569558.385,200,1.1252,,1
1786569560.511,200,0.0059,,1
1786569561.517,200,0.0069,,1
1786569562.524,200,0.0071,,1
1786569563.531,200,0.0051,,1
1786569564.536,200,0.1699,,1
1786569565.706,200,0.0052,,1
1786569566.711,200,0.0068,,1
1786569567.718,200,0.0527,,1
1786569568.771,200,0.0076,,1
1786569569.779,200,0.2617,,1
1786569571.040,200,0.0062,,1
1786569572.047,200,0.0078,,1
1786569573.055,200,0.0153,,1
1786569574.070,200,1.0705,,1
1786569576.141,200,0.0071,,1
1786569577.148,200,0.0074,,1
1786569578.155,200,0.0076,,1
1786569579.163,200,0.0176,,1
1786569580.181,200,0.4788,,1
1786569581.659,200,0.0064,,1
1786569582.666,200,0.0059,,1
1786569583.672,200,0.0065,,1
1786569584.679,200,0.0332,,1
1786569585.712,200,1.0105,,1
1786569587.722,200,0.0080,,1
1786569588.731,200,0.0248,,1
1786569589.756,200,0.0557,,1
1786569590.811,200,0.9286,,1
1786569592.740,200,0.0064,,1
1786569593.746,200,0.0059,,1
1786569594.752,200,0.0064,,1
1786569595.759,200,0.0066,,1
1786569596.766,200,0.4590,,1
1786569598.225,200,0.0636,,1
1786569599.288,200,0.0075,,1
1786569600.296,200,0.0056,,1
1786569601.301,200,0.0053,,1
1786569602.307,200,0.6608,,1
1786569603.968,200,0.0301,,1
1786569604.998,200,0.0060,,1
1786569606.004,200,0.0050,,1
1786569607.009,200,0.0100,,1
1786569608.019,200,0.1801,,1
1786569609.200,200,0.0058,,1
1786569610.205,200,0.0165,,1
1786569611.222,200,0.0057,,1
1786569612.228,200,0.0149,,1
1786569613.243,200,0.6825,,1
1786569614.925,200,0.0358,,1
1786569615.961,200,0.0063,,1
1786569616.968,200,0.0064,,1
1786569617.974,200,0.0055,,1
1786569618.980,200,0.3634,,1
1786569620.343,200,0.0063,,1
1786569621.350,200,0.0079,,1
1786569622.358,200,0.0080,,1
1786569623.366,200,0.0189,,1
1786569624.385,200,0.1956,,1
1786569625.580,200,0.0510,,1
1786569626.631,200,0.0057,,1
1786569627.637,200,0.0062,,1
1786569628.643,200,0.0637,,1
1786569629.707,200,0.2081,,1
1786569630.915,200,0.0056,,1
1786569631.921,200,0.0064,,1
1786569632.927,200,0.0066,,1
1786569633.934,200,0.0055,,1
1786569634.940,200,0.8573,,1
1786569636.797,200,0.0048,,1
1786569637.802,200,0.0051,,1
1786569638.807,200,0.0081,,1
1786569639.815,200,0.0073,,1
1786569640.823,200,0.9744,,1
1786569642.797,200,0.0055,,1
1786569643.803,200,0.0065,,1
1786569644.809,200,0.0054,,1
1786569645.815,200,0.0056,,1
1786569646.820,200,0.6923,,1
1786569648.513,200,0.0200,,1
1786569649.533,200,0.0052,,1
1786569650.538,200,0.0054,,1
1786569651.544,200,0.0052,,1
1786569652.549,200,0.5265,,1
1786569654.076,200,0.0064,,1
1786569655.082,200,0.0056,,1
1786569656.088,200,0.0064,,1
1786569657.094,200,0.0067,,1
1786569658.101,200,0.0066,,1
1786569659.108,200,0.5308,,1
1786569660.639,200,0.0067,,1
1786569661.645,200,0.0065,,1
1786569662.652,200,0.0087,,1
1786569663.661,200,0.0050,,1
1786569664.666,200,0.6164,,1
1786569666.282,200,0.0060,,1
1786569667.289,200,0.0056,,1
1786569668.294,200,0.0060,,1
1786569669.300,200,0.0058,,1
1786569670.306,200,0.8897,,1
1786569672.196,200,0.0059,,1
1786569673.202,200,0.0075,,1
1786569674.210,200,0.0059,,1
1786569675.216,200,0.0066,,1
1786569676.222,200,1.0600,,1
1786569678.282,200,0.0061,,1
1786569679.288,200,0.0071,,1
1786569680.296,200,0.0080,,1
1786569681.304,200,0.0058,,1
1786569682.310,200,1.0212,,1
1786569684.331,200,0.0060,,1
1786569685.337,200,0.0157,,1
1786569686.353,200,0.0051,,1
1786569687.358,200,0.0160,,1
1786569688.374,200,0.8683,,1
1786569690.243,200,0.0055,,1
1786569691.248,200,0.0067,,1
1786569692.255,200,0.0085,,1
1786569693.264,200,0.0060,,1
1786569694.270,200,0.0111,,1
1786569695.281,200,0.2216,,1
1786569696.502,200,0.0058,,1
1786569697.508,200,0.0054,,1
1786569698.514,200,0.0061,,1
1786569699.520,200,0.0059,,1
1786569700.526,200,0.5877,,1
1786569702.114,200,0.0058,,1
1786569703.120,200,0.0479,,1
1786569704.168,200,0.0060,,1
1786569705.174,200,0.0064,,1
1786569706.180,200,0.4771,,1
1786569707.657,200,0.0059,,1
1786569708.663,200,0.0128,,1
1786569709.676,200,0.0067,,1
1786569710.683,200,0.0062,,1
1786569711.689,200,0.7590,,1
1786569713.448,200,0.0056,,1
1786569714.454,200,0.0072,,1
1786569715.461,200,0.0242,,1
1786569716.486,200,0.0074,,1
1786569717.493,200,0.5884,,1
1786569719.082,200,0.0056,,1
1786569720.087,200,0.0076,,1
1786569721.095,200,0.0054,,1
1786569722.101,200,0.0050,,1
1786569723.106,200,0.0049,,1
1786569724.111,200,0.3385,,1
1786569725.449,200,0.0059,,1
1786569726.455,200,0.0055,,1
1786569727.461,200,0.0055,,1
1786569728.466,200,0.0065,,1
1786569729.473,200,0.6106,,1
1786569731.084,200,0.0063,,1
1786569732.090,200,0.0052,,1
1786569733.095,200,0.0059,,1
1786569734.101,200,0.0055,,1
1786569735.107,200,1.0998,,1
1786569737.207,200,0.0608,,1
1786569738.268,200,0.0105,,1
1786569739.278,200,0.0057,,1
1786569740.284,200,0.0054,,1
1786569741.290,200,0.1833,,1
1786569742.473,200,0.0163,,1
1786569743.489,200,0.0062,,1
1786569744.496,200,0.0064,,1
1786569745.502,200,0.0058,,1
1786569746.508,200,0.0054,,1
1786569747.513,200,0.4331,,1
1786569748.947,200,0.0062,,1
1786569749.953,200,0.0254,,1
1786569750.978,200,0.0064,,1
1786569751.985,200,0.0620,,1
1786569753.047,200,0.4790,,1
1786569754.526,200,0.0051,,1
1786569755.531,200,0.0059,,1
1786569756.537,200,0.0103,,1
1786569757.548,200,0.0067,,1
1786569758.554,200,0.9698,,1
1786569760.524,200,0.0119,,1
1786569761.536,200,0.0057,,1
1786569762.542,200,0.0066,,1
1786569763.549,200,0.0058,,1
1786569764.555,200,0.0057,,1
1786569765.560,200,0.2543,,1
1786569766.815,200,0.0061,,1
1786569767.821,200,0.0219,,1
1786569768.843,200,0.0057,,1
1786569769.849,200,0.0053,,1
1786569770.854,200,0.0279,,1
1786569771.882,200,0.9223,,1
1786569773.804,200,0.0062,,1
1786569774.811,200,0.0054,,1
1786569775.816,200,0.0452,,1
1786569776.862,200,0.0352,,0
1786569777.897,200,0.0096,,0
1786569778.907,200,0.3899,,0
1786569780.296,200,0.0056,,0
1786569781.302,200,0.0051,,0
1786569782.307,200,0.0125,,0
1786569783.320,200,0.0062,,0
1786569784.326,200,0.0055,,0
1786569785.332,200,0.7102,,0
1786569787.042,200,0.0254,,0
1786569788.068,200,0.0059,,0
1786569789.074,200,0.0543,,0
1786569790.128,200,0.0083,,0
1786569791.136,200,0.0069,,0
