epoch_ms,vmpeak_kb,vmhwm_kb,vmrss_kb,vmsize_kb
1786421276920,769296,191816,191816,756040
1786421277920,967500,393804,393804,967500
1786421278920,1081968,511468,504788,1073900
1786421279920,1159884,595972,595972,1159884
1786421280920,1236256,676704,676704,1236256
1786421281920,1360156,803708,783508,1337776
1786421282920,1597212,982864,982864,1597212
1786421283920,1729004,1122140,1113220,1706476
1786421284921,1750528,1142336,1142336,1750528
1786421285921,1889792,1229540,1229540,1839616
1786421286921,1980928,1260548,1260548,1928704
1786421287921,1980928,1291840,1291840,1952256
1786421288921,1980928,1322132,1322132,1974784
1786421289921,1995264,1350712,1350712,1995264
1786421290921,2015744,1377848,1377848,2015744
1786421291921,2077188,1445340,1426424,2056704
1786421292922,2080224,1458012,1458012,2080224
1786421293922,2090464,1484668,1484668,2084300
1786421294922,2103756,1510924,1510924,2103756
1786421295922,2311632,1655084,1602492,2254284
1786421296922,2311632,1655084,1628000,2273740
1786421297922,2311632,1655084,1650856,2290124
1786421298922,2311632,1679796,1679796,2311628
1786421299922,2328012,1700708,1700708,2328012
1786421300922,2346444,1725888,1725888,2346444
1786421301923,2366924,1752996,1752996,2366924
1786421302923,2382284,1773812,1773812,2382284
1786421303923,2399692,1796016,1796016,2399692
1786421304923,2420172,1824540,1824540,2420172
1786421305923,2559436,1846032,1846032,2502092
1786421306923,2559436,1866944,1866944,2517452
1786421307923,2559436,1887300,1887300,2532812
1786421308923,2559436,1911836,1911836,2551244
1786421309923,2568652,1935556,1935556,2568652
1786421310923,2586060,1959628,1959628,2586060
1786421311923,2602444,1980852,1980852,2602444
1786421312924,2616780,2001352,2001352,2616780
1786421313924,2634188,2023992,2023992,2634188
1786421314924,2655692,2051156,2051156,2655692
1786421315924,2682316,2085904,2085904,2682316
1786421316924,2819532,2116728,2116728,2771404
1786421317924,2819532,2144204,2144204,2792908
1786421318924,2819532,2170904,2170904,2813388
1786421319924,2838988,2203884,2203884,2838988
1786421320924,2864588,2236100,2236100,2864588
1786421321924,2887116,2266100,2266100,2887116
1786421322925,2908620,2293152,2293152,2908620
1786421323925,2929100,2319772,2319772,2929100
1786421324925,2950604,2347388,2347388,2950604
1786421325925,2974156,2377280,2377280,2974156
1786421326925,3112396,2407372,2407372,3062220
1786421327925,3112396,2437552,2437552,3085772
1786421328925,3112396,2464776,2464776,3107276
1786421329925,3129804,2493344,2493344,3129804
1786421330925,3151308,2521848,2521848,3151308
1786421331925,3173836,2549756,2549756,3173836
1786421332926,3195340,2577304,2577304,3195340
1786421333926,3458492,2808668,2808668,3458492
1786421334926,3458492,2860644,2749440,3341752
1786421335926,3458492,2860644,2776860,3363272
1786421336926,3458492,2860644,2803884,3384776
1786421337926,3523016,2860644,2824924,3466696
1786421338926,3523016,2860644,2844512,3482056
1786421339926,3523016,2871652,2871652,3502536
1786421340926,3524040,2898424,2898424,3524040
1786421341927,3536328,2915268,2915268,3536328
1786421342927,3555784,2939220,2939220,3555784
1786421343927,3577288,2966728,2966728,3577288
1786421344927,3594696,2988452,2988452,3594696
1786421345927,3610056,3007684,3007684,3610056
1786421346927,3631560,3034884,3034884,3631560
1786421347927,3649992,3059652,3059652,3649992
1786421348927,3663304,3075468,3075468,3663304
1786421349927,3682760,3101888,3101888,3682760
1786421350927,3822024,3124672,3124672,3766728
1786421351928,3822024,3142692,3142692,3781064
1786421352928,3822024,3169584,3169584,3801544
1786421353928,3822024,3189268,3189268,3816904
1786421354928,3829192,3202928,3163272,3788228
1786421355928,3829192,3202928,3163300,3804648
1786421356928,4062696,3421736,3421736,4062696
1786421357928,4062696,3420180,3377704,4018664
1786421358928,4062696,3420180,3367464,4008424
1786421359928,4062696,3420180,3367464,4008424
1786421360928,4062696,3421688,3421688,4062696
1786421361929,4062696,3421700,3421700,4062696
1786421362929,4089320,3448232,3448232,4089320
1786421363929,4100584,3459396,3459396,4100584
1786421364929,4100584,3458144,3420896,4061672
1786421365929,4100584,3458144,3415660,4051432
1786421366929,4100584,3458144,3418776,4051432
1786421367929,4100584,3458144,3423196,4051432
1786421368929,4100584,3458144,3426676,4051432
1786421369929,4100584,3458144,3431164,4051432
1786421370929,4100584,3458144,3434472,4051432
1786421371929,4100584,3458144,3438528,4051432
1786421372929,4100584,3458144,3441484,4051432
1786421373930,4100584,3458144,3446388,4051432
1786421374930,4100584,3458144,3448872,4051432
1786421375930,4100584,3458144,3449272,4051416
1786421376930,4100584,3458144,3449272,4051416
1786421377930,4100584,3458144,3449304,4052440
1786421378930,4100584,3458144,3455504,4058584
1786421379930,4100584,3466600,3466600,4068824
1786421380930,4100584,3475192,3475192,4075992
1786421381931,4215256,3493884,3493884,4153816
1786421382931,4215256,3505532,3505532,4160984
1786421383931,4215256,3531520,3531520,4178392
1786421384931,4215256,3539940,3539940,4183512
1786421385931,4215256,3567040,3567040,4200920
1786421386931,4215256,3581160,3581160,4211160
1786421387931,4221400,3596740,3596740,4221400
1786421388931,4240856,3626632,3626632,4240856
1786421389931,4253144,3645388,3645388,4253144
1786421390932,4265416,3664864,3664864,4265416
1786421391932,4405704,3683288,3683288,4343240
1786421392932,4405704,3708336,3708336,4359624
1786421393932,4405704,3731636,3731636,4374984
1786421394932,4405704,3757328,3757328,4392392
1786421395932,4410824,3784812,3784812,4410824
1786421396932,4427208,3810608,3810608,4427208
1786421397932,4443592,3835612,3835612,4443592
1786421398932,4461000,3862040,3862040,4461000
1786421399932,4601288,3883008,3883008,4542920
1786421400933,4601288,3908688,3908688,4562376
1786421401933,4601288,3938972,3938972,4584920
1786421402933,4606424,3969076,3969076,4606424
1786421403933,4633048,4003540,4003540,4633048
1786421404933,4649432,4025520,4025520,4649432
1786421405933,4664792,4045348,4045348,4664792
1786421406933,4691416,4080544,4080544,4691416
1786421407933,4723160,4121880,4121880,4723160
1786421408933,4739544,4142808,4142808,4739544
1786421409934,4870616,4165464,4165464,4822488
1786421410934,4870616,4194732,4194732,4843992
1786421411934,4870616,4196620,4196620,4846040
1786421412934,4870616,4201720,4201720,4849112
1786421413934,4883928,4240360,4240360,4883928
1786421414934,4925912,4281832,4281832,4925912
1786421415934,4948440,4304324,4304324,4948440
1786421416934,4968920,4325720,4325720,4968920
1786421417934,5010904,4367604,4367604,5010904
1786421418934,5034456,4391040,4391040,5034456
1786421419935,5058008,4414128,4414128,5058008
1786421420935,5104088,4460756,4460756,5104088
1786421421935,5122520,4478640,4478640,5122520
1786421422935,5165528,4522024,4522024,5165528
1786421423935,5203416,4560332,4560332,5203416
1786421424935,5267928,4624396,4624396,5267928
1786421425935,5310936,4667196,4667196,5310936
1786421426935,5378520,4735152,4735152,5378520
1786421427935,5418456,4775248,4775248,5418456
1786421428935,5491160,4847888,4847888,5491160
1786421429936,5522904,4879540,4879540,5522904
1786421430936,5603784,4959712,4959712,5603784
1786421431936,5623240,4979556,4979556,5623240
1786421432936,5703112,5060040,5060040,5703112
1786421433936,5756360,5112264,5112264,5756360
1786421434936,5804488,5160700,5160700,5804488
1786421435936,5883336,5248512,5248512,5883336
1786421436936,5901784,5267332,5267332,5901784
1786421437936,5972440,5338204,5338204,5972440
1786421438936,5972440,5338204,5338204,5972440
1786421439937,5972456,5338224,5338224,5972456
1786421440937,5972456,5336964,5257552,5891560
1786421441937,5972456,5336964,5196208,5830120
1786421442937,5972456,5336964,5196208,5830120
1786421443937,5972456,5336964,5196208,5830120
1786421444937,5972456,5336964,5196208,5830120
1786421445937,5972456,5336964,5196212,5830120
1786421446937,5972456,5336964,5196212,5830120
1786421447937,5972456,5336964,5196212,5830120
1786421448937,5972456,5336964,5196556,5830120
1786421449938,5972456,5336964,5196624,5830120
1786421450938,5972456,5336964,5196624,5830120
1786421451938,5972456,5336964,5216728,5830120
1786421452938,5972456,5336964,5216728,5830120
1786421453938,5972456,5336964,5216728,5830120
1786421454938,5972456,5336964,5216728,5830120
1786421455938,5972456,5336964,5216740,5830120
1786421456938,5972456,5336964,5216740,5830120
1786421457938,5972456,5336964,5216740,5830120
1786421458938,5972456,5336964,5216740,5830120
1786421459939,5972456,5336964,5216740,5830120
1786421460939,5972456,5336964,5216744,5830120
1786421461939,5972456,5336964,5216748,5830120
1786421462939,5972456,5336964,5216748,5830120
1786421463939,5972456,5336964,5216752,5846492
1786421464939,5972456,5336964,5216756,5846492
1786421465939,5972456,5336964,5216756,5846492
1786421466939,5972456,5336964,5216756,5846492
1786421467939,5977564,5336964,5303400,5952992
1786421468940,5977564,5336964,5323040,5952992
1786421469940,5977564,5336964,5327468,5952992
1786421470940,5977564,5336964,5327528,5953008
1786421471940,5977564,5336964,5327528,5953008
1786421472940,5977564,5336964,5327528,5953008
1786421473940,5977564,5336964,5327528,5953008
1786421474940,5977564,5336964,5327528,5953008
1786421475940,5977564,5336964,5327528,5953008
1786421476940,5977564,5336964,5330044,5953008
1786421477940,5977564,5336964,5330044,5953008
1786421478940,5977564,5336964,5330044,5953008
1786421479940,5977564,5336964,5330044,5953008
1786421480941,5977564,5336964,5158280,5804488
1786421481941,5977564,5336964,5152232,5798344
1786421482941,5977564,5336964,5156776,5798344
1786421483941,5977564,5336964,5160016,5798344
1786421484941,5977564,5336964,5160200,5798344
1786421485941,5977564,5336964,5160272,5798344
1786421486941,5977564,5336964,5160272,5798344
1786421487941,5977564,5336964,5160272,5798344
1786421488942,5977564,5336964,5160272,5798344
1786421489942,5977564,5336964,5160272,5798344
1786421490942,5977564,5336964,5160224,5765536
1786421491942,5977564,5336964,5160224,5765536
1786421492942,5977564,5336964,5160224,5765536
1786421493942,5977564,5336964,5160224,5765536
1786421494942,5977564,5336964,5160224,5765536
1786421495942,5977564,5336964,5160224,5765536
1786421496942,5977564,5336964,5160224,5765536
1786421497942,5977564,5336964,5163188,5765536
1786421498943,5977564,5336964,5163248,5765536
1786421499943,5977564,5336964,5163512,5765536
1786421500943,5977564,5336964,5163744,5765536
1786421501943,5977564,5336964,5163796,5765536
1786421502943,5977564,5336964,5164100,5765536
1786421503943,5977564,5336964,5107824,5709212
1786421504943,5977564,5336964,5107828,5709228
1786421505943,5977564,5336964,5107828,5709228
1786421506943,5977564,5336964,5098612,5700012
1786421507944,5977564,5336964,4981876,5583276
1786421508944,5977564,5336964,4981876,5583276
1786421509944,5977564,5336964,4981876,5583276
1786421510944,5977564,5336964,4981876,5583276
1786421511944,5977564,5336964,4981884,5583292
1786421512944,5977564,5336964,4981884,5583292
1786421513944,5977564,5336964,4981884,5583292
1786421514944,5977564,5336964,4981972,5583292
1786421515944,5977564,5336964,4982176,5583292
1786421516945,5977564,5336964,4982360,5583292
1786421517945,5977564,5336964,4982576,5583292
1786421518945,5977564,5336964,4982752,5583292
1786421519945,5977564,5336964,4982860,5583292
1786421520945,5977564,5336964,4983144,5583292
1786421521945,5977564,5336964,4983212,5583292
1786421522945,5977564,5336964,4983520,5583292
1786421523945,5977564,5336964,4983536,5583292
1786421524945,5977564,5336964,4983792,5583260
1786421525946,5977564,5336964,4983924,5583260
1786421526946,5977564,5336964,4984068,5583260
1786421527946,5977564,5336964,4984332,5583260
1786421528946,5977564,5336964,4984344,5583260
1786421529946,5977564,5336964,4984612,5583260
1786421530946,5977564,5336964,4984744,5583260
1786421531946,5977564,5336964,4984948,5583260
1786421532946,5977564,5336964,4985172,5583260
1786421533946,5977564,5336964,4995224,5583276
1786421534947,5977564,5336964,4893320,5516716
1786421535947,5977564,5336964,4917400,5516716
1786421536947,5977564,5336964,4917400,5516716
1786421537947,5977564,5336964,4917400,5516716
1786421538947,5977564,5336964,4917400,5516716
1786421539947,5977564,5336964,4917400,5516716
1786421540947,5977564,5336964,4917400,5516716
1786421541947,5977564,5336964,4917400,5516716
1786421542947,5977564,5336964,4917400,5516716
1786421543947,5977564,5336964,4917400,5516716
1786421544948,5977564,5336964,4917396,5516700
1786421545948,5977564,5336964,4917396,5516700
1786421546948,5977564,5336964,4917396,5516700
1786421547948,5977564,5336964,4917396,5516700
1786421548948,5977564,5336964,4917396,5516700
1786421549948,5977564,5336964,4917396,5516700
1786421550948,5977564,5336964,4917396,5516700
1786421551948,5977564,5336964,4917396,5516700
1786421552948,5977564,5336964,4917396,5516700
1786421553948,5977564,5336964,4917396,5516700
1786421554949,5977564,5336964,4866196,5465500
1786421555949,5977564,5336964,4866196,5465500
1786421556949,5977564,5336964,4866200,5465516
1786421557949,5977564,5336964,4862104,5461420
1786421558949,5977564,5336964,4798616,5397932
1786421559949,5977564,5336964,4798616,5397932
1786421560949,5977564,5336964,4798616,5397932
1786421561949,5977564,5336964,4798616,5397932
1786421562949,5977564,5336964,4798616,5397932
1786421563949,5977564,5336964,4798616,5397932
1786421564950,5977564,5336964,4798616,5397932
1786421565950,5977564,5336964,4797592,5396908
1786421566950,5977564,5336964,4797592,5396908
1786421567950,5977564,5336964,4797592,5396908
1786421568950,5977564,5336964,4797592,5396908
1786421569950,5977564,5336964,4797592,5396908
1786421570950,5977564,5336964,4797592,5396908
1786421571950,5977564,5336964,4797592,5396908
1786421572950,5977564,5336964,4797592,5396908
1786421573951,5977564,5336964,4797592,5396908
1786421574951,5977564,5336964,4797592,5396908
1786421575951,5977564,5336964,4797592,5396908
1786421576951,5977564,5336964,4797592,5396908
1786421577951,5977564,5336964,4797596,5396908
1786421578951,5977564,5336964,4838560,5437872
1786421579951,5977564,5336964,4838560,5437872
1786421580951,5977564,5336964,4838560,5437872
1786421581951,5977564,5336964,4838560,5437872
1786421582952,5977564,5336964,4838560,5437872
1786421583952,5977564,5336964,4838560,5437872
1786421584952,5977564,5336964,4838560,5437872
1786421585952,5977564,5336964,4838560,5437872
1786421586952,5977564,5336964,4838560,5437872
1786421587952,5977564,5336964,4838552,5437856
1786421588952,5977564,5336964,4838552,5437856
1786421589952,5977564,5336964,4838552,5437856
1786421590952,5977564,5336964,4838552,5437856
1786421591952,5977564,5336964,4838552,5437856
1786421592952,5977564,5336964,4838552,5437856
1786421593953,5977564,5336964,4846932,5437856
1786421594953,5977564,5336964,4847232,5437872
1786421595953,5977564,5336964,4847336,5437872
1786421596953,5977564,5336964,4847632,5437872
1786421597953,5977564,5336964,4847744,5437872
1786421598953,5977564,5336964,4848004,5437872
1786421599953,5977564,5336964,4848164,5437872
1786421600953,5977564,5336964,4848476,5437872
1786421601953,5977564,5336964,4848588,5437872
1786421602953,5977564,5336964,4858608,5437888
1786421603953,5977564,5336964,4858608,5437888
1786421604954,5977564,5336964,4858608,5437888
1786421605954,5977564,5336964,4817644,5396924
1786421606954,5977564,5336964,4815596,5394876
1786421607954,5977564,5336964,4815596,5394876
1786421608954,5977564,5336964,4815596,5394876
1786421609954,5977564,5336964,4813548,5392828
1786421610954,5977564,5336964,4813548,5392828
1786421611954,5977564,5336964,4813548,5392828
1786421612954,5977564,5336964,4813548,5392828
1786421613955,5977564,5336964,4813544,5392812
1786421614955,5977564,5336964,4813544,5392812
1786421615955,5977564,5336964,4813544,5392812
1786421616955,5977564,5336964,4596508,5175724
1786421617955,5977564,5336964,4538156,5117356
1786421618955,5977564,5336964,4537132,5116332
1786421619955,5977564,5336964,4537132,5116332
1786421620955,5977564,5336964,4536108,5115308
1786421621955,5977564,5336964,4536108,5115308
1786421622955,5977564,5336964,4535084,5114284
1786421623955,5977564,5336964,4535084,5114284
1786421624956,5977564,5336964,4535084,5114284
1786421625956,5977564,5336964,4535084,5114284
1786421626956,5977564,5336964,4535076,5114268
1786421627956,5977564,5336964,4535076,5114268
1786421628956,5977564,5336964,4535076,5114268
1786421629956,5977564,5336964,4535076,5114268
1786421630956,5977564,5336964,4535076,5114268
1786421631956,5977564,5336964,4535076,5114268
1786421632956,5977564,5336964,4535076,5114268
1786421633956,5977564,5336964,4535076,5114268
1786421634956,5977564,5336964,4535084,5114284
1786421635957,5977564,5336964,4535084,5114284
1786421636957,5977564,5336964,4535084,5114284
1786421637957,5977564,5336964,4535084,5114284
1786421638957,5977564,5336964,4535084,5114284
1786421639957,5977564,5336964,4535084,5114284
1786421640957,5977564,5336964,4535084,5114284
1786421641957,5977564,5336964,4535084,5114284
1786421642957,5977564,5336964,4535084,5114284
1786421643957,5977564,5336964,4535084,5114284
1786421644957,5977564,5336964,4535076,5114268
1786421645957,5977564,5336964,4535076,5114268
1786421646957,5977564,5336964,4535076,5114268
1786421647958,5977564,5336964,4535076,5114268
1786421648958,5977564,5336964,4535076,5114268
1786421649958,5977564,5336964,4535076,5114268
1786421650958,5977564,5336964,4535076,5114268
1786421651958,5977564,5336964,4535076,5114268
1786421652958,5977564,5336964,4535076,5114268
1786421653958,5977564,5336964,4535076,5114268
1786421654958,5977564,5336964,4535076,5114268
1786421655958,5977564,5336964,4535076,5114268
1786421656958,5977564,5336964,4535076,5114268
1786421657958,5977564,5336964,4535080,5114268
1786421658958,5977564,5336964,4535080,5114268
1786421659959,5977564,5336964,4530984,5110172
1786421660959,5977564,5336964,4530988,5110188
1786421661959,5977564,5336964,4530988,5110188
1786421662959,5977564,5336964,4530988,5110188
1786421663959,5977564,5336964,4530996,5110204
1786421664959,5977564,5336964,4531020,5126608
1786421665959,5977564,5336964,4531020,5126608
1786421666959,5977564,5336964,4531020,5126608
1786421667959,5977564,5336964,4531020,5126608
1786421668959,5977564,5336964,4531020,5126608
1786421669960,5977564,5336964,4531020,5126608
1786421670960,5977564,5336964,4531020,5126608
1786421671960,5977564,5336964,4531288,5126608
1786421672960,5977564,5336964,4531288,5126608
1786421673960,5977564,5336964,4531288,5126608
1786421674960,5977564,5336964,4530264,5125584
1786421675960,5977564,5336964,4530260,5125568
1786421676960,5977564,5336964,4530252,5125552
1786421677960,5977564,5336964,4530252,5125552
1786421678960,5977564,5336964,4530252,5125552
1786421679960,5977564,5336964,4530252,5125552
1786421680960,5977564,5336964,4530252,5125552
1786421681960,5977564,5336964,4530252,5125552
1786421682961,5977564,5336964,4530224,5109148
1786421683961,5977564,5336964,4530224,5109148
1786421684961,5977564,5336964,4530224,5109148
1786421685961,5977564,5336964,4530224,5109148
1786421686961,5977564,5336964,4530224,5109148
1786421687961,5977564,5336964,4530224,5109148
1786421688961,5977564,5336964,4530224,5109148
1786421689961,5977564,5336964,4530224,5109148
1786421690961,5977564,5336964,4530224,5109148
1786421691961,5977564,5336964,4530224,5109148
1786421692961,5977564,5336964,4530224,5109148
1786421693962,5977564,5336964,4530224,5109148
1786421694962,5977564,5336964,4530224,5109148
1786421695962,5977564,5336964,4530224,5109148
1786421696962,5977564,5336964,4530224,5109148
1786421697962,5977564,5336964,4530224,5109148
1786421698962,5977564,5336964,4530224,5109148
1786421699962,5977564,5336964,4530224,5109148
1786421700962,5977564,5336964,4530224,5109148
1786421701962,5977564,5336964,4530224,5109148
1786421702962,5977564,5336964,4530224,5109148
1786421703962,5977564,5336964,4530224,5109148
1786421704962,5977564,5336964,4530224,5109148
1786421705963,5977564,5336964,4530224,5109148
1786421706963,5977564,5336964,4530224,5109148
1786421707963,5977564,5336964,4530224,5109148
1786421708963,5977564,5336964,4530224,5109148
1786421709963,5977564,5336964,4530224,5109148
1786421710963,5977564,5336964,4528176,5107100
1786421711963,5977564,5336964,4528184,5107116
1786421712963,5977564,5336964,4528184,5107116
1786421713963,5977564,5336964,4528184,5107116
1786421714964,5977564,5336964,4527160,5106092
1786421715964,5977564,5336964,4527160,5106092
1786421716964,5977564,5336964,4527160,5106092
1786421717964,5977564,5336964,4527160,5106092
1786421718964,5977564,5336964,4527160,5106092
1786421719964,5977564,5336964,4527160,5106092
1786421720964,5977564,5336964,4527160,5106092
1786421721964,5977564,5336964,4527160,5106092
1786421722964,5977564,5336964,4527160,5106092
1786421723964,5977564,5336964,4527160,5106092
1786421724965,5977564,5336964,4527160,5106092
1786421725965,5977564,5336964,4527160,5106092
1786421726965,5977564,5336964,4527160,5106092
1786421727965,5977564,5336964,4527160,5106092
1786421728965,5977564,5336964,4527160,5106092
1786421729965,5977564,5336964,4527160,5106092
1786421730965,5977564,5336964,4527152,5106076
1786421731965,5977564,5336964,4527152,5106076
1786421732965,5977564,5336964,4527152,5106076
1786421733966,5977564,5336964,4568116,5147040
1786421734966,5977564,5336964,4568116,5147040
1786421735966,5977564,5336964,4568116,5147040
1786421736966,5977564,5336964,4568116,5147040
1786421737966,5977564,5336964,4568116,5147040
1786421738966,5977564,5336964,4568120,5147056
1786421739966,5977564,5336964,4568120,5147056
1786421740966,5977564,5336964,4568120,5147056
1786421741966,5977564,5336964,4568120,5147056
1786421742966,5977564,5336964,4568120,5147056
1786421743967,5977564,5336964,4568120,5147056
1786421744967,5977564,5336964,4567180,5146116
1786421745967,5977564,5336964,4567180,5146116
1786421746967,5977564,5336964,4567180,5146116
1786421747967,5977564,5336964,4567180,5146116
1786421748967,5977564,5336964,4567176,5146100
1786421749967,5977564,5336964,4567176,5146100
1786421750967,5977564,5336964,4567176,5146100
1786421751967,5977564,5336964,4567176,5146100
1786421752968,5977564,5336964,4567176,5146100
1786421753968,5977564,5336964,4567176,5146100
1786421754968,5977564,5336964,4567176,5146100
1786421755968,5977564,5336964,4567176,5146100
1786421756968,5977564,5336964,4567176,5146100
1786421757968,5977564,5336964,4567176,5146100
1786421758968,5977564,5336964,4567176,5146100
1786421759968,5977564,5336964,4567176,5146100
1786421760968,5977564,5336964,4567176,5146100
1786421761968,5977564,5336964,4525188,5104112
1786421762968,5977564,5336964,4525188,5104112
1786421763969,5977564,5336964,4525196,5104128
1786421764969,5977564,5336964,4525196,5104128
1786421765969,5977564,5336964,4525196,5104128
1786421766969,5977564,5336964,4525196,5104128
1786421767969,5977564,5336964,4525196,5104128
1786421768969,5977564,5336964,4525196,5104128
1786421769969,5977564,5336964,4525196,5104128
1786421770969,5977564,5336964,4525196,5104128
1786421771969,5977564,5336964,4525196,5104128
1786421772970,5977564,5336964,4525196,5104128
1786421773970,5977564,5336964,4525196,5104128
1786421774970,5977564,5336964,4525196,5104128
1786421775970,5977564,5336964,4525196,5104128
1786421776970,5977564,5336964,4525196,5104128
1786421777970,5977564,5336964,4525196,5104128
1786421778970,5977564,5336964,4525196,5104128
1786421779970,5977564,5336964,4525196,5104128
1786421780970,5977564,5336964,4525196,5104128
1786421781970,5977564,5336964,4525188,5104112
1786421782971,5977564,5336964,4525188,5104112
1786421783971,5977564,5336964,4525188,5104112
1786421784971,5977564,5336964,4525188,5104112
1786421785971,5977564,5336964,4525188,5104112
1786421786971,5977564,5336964,4525188,5104112
1786421787971,5977564,5336964,4525196,5104128
1786421788971,5977564,5336964,4525196,5104128
1786421789971,5977564,5336964,4525196,5104128
1786421790971,5977564,5336964,4525196,5104128
1786421791971,5977564,5336964,4525196,5104128
1786421792972,5977564,5336964,4525196,5104128
1786421793972,5977564,5336964,4525196,5104128
1786421794972,5977564,5336964,4525196,5104128
1786421795972,5977564,5336964,4525196,5104128
1786421796972,5977564,5336964,4525196,5104128
1786421797972,5977564,5336964,4525188,5104112
1786421798972,5977564,5336964,4525188,5104112
1786421799972,5977564,5336964,4525188,5104112
1786421800972,5977564,5336964,4525188,5104112
1786421801972,5977564,5336964,4525188,5104112
1786421802973,5977564,5336964,4525188,5104112
1786421803973,5977564,5336964,4525192,5104128
1786421804973,5977564,5336964,4525192,5104128
1786421805973,5977564,5336964,4525192,5104128
1786421806973,5977564,5336964,4525192,5104128
1786421807973,5977564,5336964,4525192,5104128
1786421808973,5977564,5336964,4525192,5104128
1786421809973,5977564,5336964,4525192,5104128
1786421810973,5977564,5336964,4525192,5104128
1786421811973,5977564,5336964,4525192,5104128
1786421812974,5977564,5336964,4525192,5104128
1786421813974,5977564,5336964,4525192,5104128
1786421814974,5977564,5336964,4525188,5104112
1786421815974,5977564,5336964,4525192,5104128
1786421816974,5977564,5336964,4525200,5104144
1786421817974,5977564,5336964,4524212,5135928
1786421818974,5977564,5336964,4524216,5135928
1786421819974,5977564,5336964,4524216,5135928
1786421820974,5977564,5336964,4524216,5135928
1786421821974,5977564,5336964,4524216,5135928
1786421822975,5977564,5336964,4524216,5135928
1786421823975,5977564,5336964,4524216,5135928
1786421824975,5977564,5336964,4524216,5135928
1786421825975,5977564,5336964,4524216,5135928
1786421826975,5977564,5336964,4524216,5135928
1786421827975,5977564,5336964,4524216,5135928
1786421828975,5977564,5336964,4524212,5135912
1786421829975,5977564,5336964,4524176,5119492
1786421830975,5977564,5336964,4524176,5119492
1786421831976,5977564,5336964,4565140,5160456
1786421832976,5977564,5336964,4565140,5160456
1786421833976,5977564,5336964,4565140,5160456
1786421834976,5977564,5336964,4565120,5144052
1786421835976,5977564,5336964,4565120,5144052
1786421836976,5977564,5336964,4565120,5144052
1786421837976,5977564,5336964,4565120,5144052
1786421838976,5977564,5336964,4565120,5144052
1786421839976,5977564,5336964,4565120,5144052
1786421840977,5977564,5336964,4524156,5103088
1786421841977,5977564,5336964,4524160,5103104
1786421842977,5977564,5336964,4524160,5103104
1786421843977,5977564,5336964,4524160,5103104
1786421844977,5977564,5336964,4514944,5093888
1786421845977,5977564,5336964,4514944,5093888
1786421846977,5977564,5336964,4514944,5093888
1786421847977,5977564,5336964,4514944,5093888
1786421848977,5977564,5336964,4514944,5093888
1786421849977,5977564,5336964,4514952,5093904
1786421850978,5977564,5336964,4514952,5093904
1786421851978,5977564,5336964,4381848,4960784
1786421852978,5977564,5336964,4381856,4960784
1786421853978,5977564,5336964,4381856,4960784
1786421854978,5977564,5336964,4381856,4960784
1786421855978,5977564,5336964,4381856,4960784
1786421856978,5977564,5336964,4380832,4959760
1786421857978,5977564,5336964,4380832,4959760
1786421858978,5977564,5336964,4380832,4959760
1786421859979,5977564,5336964,4380832,4959760
1786421860979,5977564,5336964,4380832,4959760
1786421861979,5977564,5336964,4380820,4959728
1786421862979,5977564,5336964,4380820,4959728
1786421863979,5977564,5336964,4380820,4959728
1786421864979,5977564,5336964,4380796,4943340
1786421865979,5977564,5336964,4380796,4943340
1786421866979,5977564,5336964,4380796,4943340
1786421867979,5977564,5336964,4380796,4943340
1786421868980,5977564,5336964,4380796,4943340
1786421869980,5977564,5336964,4380796,4943340
1786421870980,5977564,5336964,4380796,4943340
1786421871980,5977564,5336964,4380796,4943340
1786421872980,5977564,5336964,4380800,4943340
1786421873980,5977564,5336964,4380800,4943340
1786421874980,5977564,5336964,4380800,4943340
1786421875980,5977564,5336964,4380800,4943340
1786421876980,5977564,5336964,4380800,4943340
1786421877981,5977564,5336964,4380948,4943340
1786421878981,5977564,5336964,4379924,4942316
1786421879981,5977564,5336964,4378900,4941292
1786421880981,5977564,5336964,4378900,4941292
1786421881981,5977564,5336964,4378900,4941292
1786421882981,5977564,5336964,4378900,4941292
1786421883981,5977564,5336964,4378900,4941292
1786421884981,5977564,5336964,4388336,4941292
1786421885981,5977564,5336964,4388336,4941292
1786421886981,5977564,5336964,4392816,4941292
1786421887982,5977564,5336964,4392952,4941292
1786421888982,5977564,5336964,4393000,4941292
1786421889982,5977564,5336964,4393240,4941292
1786421890982,5977564,5336964,4396652,5006828
1786421891982,5977564,5336964,4396764,5006828
1786421892982,5977564,5336964,4396804,5006828
1786421893982,5977564,5336964,4404484,5006828
1786421894982,5977564,5336964,4404484,5006828
1786421895982,5977564,5336964,4411980,5006828
1786421896982,5977564,5336964,4412168,5006828
1786421897983,5977564,5336964,4412376,5006828
1786421898983,5977564,5336964,4412820,5006828
1786421899983,5977564,5336964,4412868,5006828
1786421900983,5977564,5336964,4419264,5006828
1786421901983,5977564,5336964,4419396,5006828
1786421902983,5977564,5336964,4424564,5006828
1786421903983,5977564,5336964,4424660,5006828
1786421904983,5977564,5336964,4429248,5006828
1786421905983,5977564,5336964,4429352,5006828
1786421906984,5977564,5336964,4429440,5006828
1786421907984,5977564,5336964,4434288,5006828
1786421908984,5977564,5336964,4436800,5006828
1786421909984,5977564,5336964,4436940,5006828
1786421910984,5977564,5336964,4439588,5006828
1786421911984,5977564,5336964,4442168,5006828
1786421912984,5977564,5336964,4447320,5006828
1786421913984,5977564,5336964,4447416,5006828
1786421914984,5977564,5336964,4447516,5006828
1786421915984,5977564,5336964,4447548,5006828
1786421916985,5977564,5336964,4447548,5006828
1786421917985,5977564,5336964,4447548,5006828
1786421918985,5977564,5336964,4459064,5072364
1786421919985,5977564,5336964,4459268,5072364
1786421920985,5977564,5336964,4459384,5072364
1786421921985,5977564,5336964,4458456,5071340
1786421922985,5977564,5336964,4458644,5071340
1786421923985,5977564,5336964,4464804,5071340
1786421924985,5977564,5336964,4464896,5071340
1786421925986,5977564,5336964,4464992,5071340
1786421926986,5977564,5336964,4471528,5071340
1786421927986,5977564,5336964,4474852,5071340
1786421928986,5977564,5336964,4473868,5070316
1786421929986,5977564,5336964,4474004,5070316
1786421930986,5977564,5336964,4474144,5070316
1786421931986,5977564,5336964,4481136,5070316
1786421932986,5977564,5336964,4481264,5070316
1786421933986,5977564,5336964,4480332,5069292
1786421934987,5977564,5336964,4480428,5069292
1786421935987,5977564,5336964,4480472,5069292
1786421936987,5977564,5336964,4478492,5067244
1786421937987,5977564,5336964,4489580,5067244
1786421938987,5977564,5336964,4489764,5067244
1786421939987,5977564,5336964,4489948,5067244
1786421940987,5977564,5336964,4490156,5067244
1786421941987,5977564,5336964,4490320,5067244
1786421942987,5977564,5336964,4494228,5067244
1786421943987,5977564,5336964,4494252,5067244
1786421944987,5977564,5336964,4494288,5067244
1786421945987,5977564,5336964,4494336,5067244
1786421946988,5977564,5336964,4494388,5067244
1786421947988,5977564,5336964,4494420,5067244
1786421948988,5977564,5336964,4494420,5067244
1786421949988,5977564,5336964,4494420,5067244
1786421950988,5977564,5336964,4494420,5067244
1786421951988,5977564,5336964,4494420,5067244
1786421952988,5977564,5336964,4494420,5067244
1786421953988,5977564,5336964,4506860,5067244
1786421954988,5977564,5336964,4511380,5067244
1786421955989,5977564,5336964,4511568,5067244
1786421956989,5977564,5336964,4510608,5066220
1786421957989,5977564,5336964,4510816,5066220
1786421958989,5977564,5336964,4511004,5066220
1786421959989,5977564,5336964,4511180,5066220
1786421960989,5977564,5336964,4515916,5131756
1786421961989,5977564,5336964,4520640,5131756
1786421962989,5977564,5336964,4520692,5131756
1786421963989,5977564,5336964,4520744,5131756
1786421964989,5977564,5336964,4520848,5131756
1786421965990,5977564,5336964,4520932,5131740
1786421966990,5977564,5336964,4521020,5131740
1786421967990,5977564,5336964,4531012,5131740
1786421968990,5977564,5336964,4531108,5131740
1786421969990,5977564,5336964,4531204,5131756
1786421970990,5977564,5336964,4531300,5131756
1786421971990,5977564,5336964,4530292,5130732
1786421972990,5977564,5336964,4530388,5130732
1786421973990,5977564,5336964,4530480,5130732
1786421974990,5977564,5336964,4546308,5130732
1786421975990,5977564,5336964,4546448,5130732
1786421976990,5977564,5336964,4546584,5130732
1786421977991,5977564,5336964,4546740,5130732
1786421978991,5977564,5336964,4546880,5130732
1786421979991,5977564,5336964,4546936,5130732
1786421980991,5977564,5336964,4547028,5130732
1786421981991,5977564,5336964,4547172,5130732
1786421982991,5977564,5336964,4558380,5130732
1786421983991,5977564,5336964,4564080,5130732
1786421984991,5977564,5336964,4564220,5130732
1786421985991,5977564,5336964,4564376,5130732
1786421986991,5977564,5336964,4564516,5130732
1786421987991,5977564,5336964,4564648,5130716
1786421988991,5977564,5336964,4564684,5130716
1786421989991,5977564,5336964,4563792,5129692
1786421990992,5977564,5336964,4563844,5129692
1786421991992,5977564,5336964,4563844,5129692
1786421992992,5977564,5336964,4563852,5129708
1786421993992,5977564,5336964,4563852,5129708
1786421994992,5977564,5336964,4564580,5129708
1786421995992,5977564,5336964,4564596,5129708
1786421996992,5977564,5336964,4564620,5129708
1786421997992,5977564,5336964,4564664,5129708
1786421998992,5977564,5336964,4583592,5195244
1786421999992,5977564,5336964,4596408,5195244
1786422000992,5977564,5336964,4596720,5195244
1786422001993,5977564,5336964,4596876,5195244
1786422002993,5977564,5336964,4597008,5195244
1786422003993,5977564,5336964,4597296,5195244
1786422004993,5977564,5336964,4597576,5195244
1786422005993,5977564,5336964,4597804,5195244
1786422006993,5977564,5336964,4598040,5195244
1786422007993,5977564,5336964,4611608,5195244
1786422008993,5977564,5336964,4611712,5195244
1786422009993,5977564,5336964,4618516,5195244
1786422010993,5977564,5336964,4618600,5195244
1786422011994,5977564,5336964,4618672,5195244
1786422012994,5977564,5336964,4618812,5195244
1786422013994,5977564,5336964,4618956,5195244
1786422014994,5977564,5336964,4619112,5195244
1786422015994,5977564,5336964,4619248,5195244
1786422016994,5977564,5336964,4619388,5195244
1786422017994,5977564,5336964,4647936,5260780
1786422018994,5977564,5336964,4648160,5260780
1786422019994,5977564,5336964,4648256,5260780
1786422020995,5977564,5336964,4648352,5260780
1786422021994,5977564,5336964,4648540,5260780
1786422022995,5977564,5336964,4648740,5260780
1786422023995,5977564,5336964,4648928,5260780
1786422024995,5977564,5336964,4649132,5260780
1786422025995,5977564,5336964,4649316,5260780
1786422026995,5977564,5336964,4649504,5260780
1786422027995,5977564,5336964,4664668,5260780
1786422028995,5977564,5336964,4672292,5260780
1786422029995,5977564,5336964,4672340,5260780
1786422030995,5977564,5336964,4672484,5260780
1786422031995,5977564,5336964,4671600,5259756
1786422032996,5977564,5336964,4671736,5259756
1786422033996,5977564,5336964,4671888,5259756
1786422034996,5977564,5336964,4672032,5259756
1786422035996,5977564,5336964,4672168,5259756
1786422036996,5977564,5336964,4672324,5259756
1786422037996,5977564,5336964,4672444,5259756
1786422038996,5977564,5336964,4672468,5259756
1786422039996,5977564,5336964,4696648,5259756
1786422040996,5977564,5336964,4704820,5325292
1786422041996,5977564,5336964,4705004,5325292
1786422042997,5977564,5336964,4705196,5325292
1786422043997,5977564,5336964,4705404,5325292
1786422044997,5977564,5336964,4721656,5325292
1786422045997,5977564,5336964,4721940,5325292
1786422046997,5977564,5336964,4722236,5325292
1786422047997,5977564,5336964,4722236,5325292
1786422048997,5977564,5336964,4722492,5325292
1786422049997,5977564,5336964,4722804,5325292
1786422050997,5977564,5336964,4740012,5325292
1786422051997,5977564,5336964,4748784,5325292
1786422052997,5977564,5336964,4757560,5325292
1786422053998,5977564,5336964,4757844,5325292
1786422054998,5977564,5336964,4758120,5325292
1786422055998,5977564,5336964,4758388,5325292
1786422056998,5977564,5336964,4758464,5325292
1786422057998,5977564,5336964,4758580,5325292
1786422058998,5977564,5336964,4757744,5324268
1786422059998,5977564,5336964,4757940,5324268
1786422060998,5977564,5336964,4758132,5324268
1786422061998,5977564,5336964,4758320,5324268
1786422062998,5977564,5336964,4758468,5324268
1786422063998,5977564,5336964,4767596,5389804
1786422064999,5977564,5336964,4767648,5389804
1786422065999,5977564,5336964,4767692,5389804
1786422066999,5977564,5336964,4766668,5388780
1786422067999,5977564,5336964,4766712,5388780
1786422068999,5977564,5336964,4766760,5388780
1786422069999,5977564,5336964,4766812,5388780
1786422070999,5977564,5336964,4766860,5388780
1786422071999,5977564,5336964,4766908,5388780
1786422072999,5977564,5336964,4766960,5388780
1786422073999,5977564,5336964,4767004,5388780
1786422075000,5977564,5336964,4767052,5388780
1786422076000,5977564,5336964,4795884,5388780
1786422077000,5977564,5336964,4795992,5388780
1786422078000,5977564,5336964,4805740,5388780
1786422079000,5977564,5336964,4805924,5388780
1786422080000,5977564,5336964,4806112,5388780
1786422081000,5977564,5336964,4806304,5388780
1786422082000,5977564,5336964,4806500,5388780
1786422083000,5977564,5336964,4806684,5388780
1786422084000,5977564,5336964,4806828,5388780
1786422085001,5977564,5336964,4807020,5388780
1786422086001,5977564,5336964,4766236,5347820
1786422087001,5977564,5336964,4766236,5347820
1786422088001,5977564,5336964,4766236,5347820
1786422089001,5977564,5336964,4766236,5347820
1786422090001,5977564,5336964,4766240,5347836
1786422091001,5977564,5336964,4766240,5347836
1786422092001,5977564,5336964,4766244,5347836
1786422093001,5977564,5336964,4766244,5347836
1786422094001,5977564,5336964,4766244,5347836
1786422095001,5977564,5336964,4766244,5347836
1786422096002,5977564,5336964,4766244,5347836
1786422097002,5977564,5336964,4766244,5347836
1786422098002,5977564,5336964,4766244,5347836
1786422099002,5977564,5336964,4766244,5347836
1786422100002,5977564,5336964,4766244,5347836
1786422101002,5977564,5336964,4766244,5347836
1786422102002,5977564,5336964,4766244,5347836
1786422103002,5977564,5336964,4766244,5347836
1786422104002,5977564,5336964,4766244,5347836
1786422105002,5977564,5336964,4766244,5347836
1786422106003,5977564,5336964,4766244,5347836
1786422107003,5977564,5336964,4786172,5413372
1786422108003,5977564,5336964,4806092,5413372
1786422109003,5977564,5336964,4816052,5413372
1786422110003,5977564,5336964,4816052,5413372
1786422111003,5977564,5336964,4816052,5413372
1786422112003,5977564,5336964,4776208,5347836
1786422113003,5977564,5336964,4776208,5347836
1786422114003,5977564,5336964,4776208,5347836
1786422115003,5977564,5336964,4776208,5347836
1786422116003,5977564,5336964,4776208,5347836
1786422117004,5977564,5336964,4776208,5347836
1786422118004,5977564,5336964,4776208,5347836
1786422119004,5977564,5336964,4776208,5347836
1786422120004,5977564,5336964,4776200,5347820
1786422121004,5977564,5336964,4776200,5347820
1786422122004,5977564,5336964,4776200,5347820
1786422123004,5977564,5336964,4776224,5364240
1786422124004,5977564,5336964,4776224,5364240
1786422125004,5977564,5336964,4776232,5364240
1786422126004,5977564,5336964,4776232,5364240
1786422127005,5977564,5336964,4776232,5364240
1786422128005,5977564,5336964,4776232,5364240
1786422129005,5977564,5336964,4776232,5364240
1786422130005,5977564,5336964,4776232,5364240
1786422131005,5977564,5336964,4776232,5364240
1786422132005,5977564,5336964,4776232,5364240
1786422133005,5977564,5336964,4776232,5364240
1786422134005,5977564,5336964,4776232,5364240
1786422135005,5977564,5336964,4776224,5364224
1786422136005,5977564,5336964,4776224,5364224
1786422137005,5977564,5336964,4776224,5364224
1786422138005,5977564,5336964,4776224,5364224
1786422139006,5977564,5336964,4786188,5429760
1786422140006,5977564,5336964,4806108,5429760
1786422141006,5977564,5336964,4806108,5429760
1786422142006,5977564,5336964,4816068,5429760
1786422143006,5977564,5336964,4816068,5429760
1786422144006,5977564,5336964,4776224,5364224
1786422145006,5977564,5336964,4776224,5364224
1786422146006,5977564,5336964,4776224,5364224
1786422147006,5977564,5336964,4776224,5364224
1786422148006,5977564,5336964,4776224,5364224
1786422149007,5977564,5336964,4776224,5364224
1786422150007,5977564,5336964,4776224,5364224
1786422151007,5977564,5336964,4776224,5364224
1786422152007,5977564,5336964,4776224,5364224
1786422153007,5977564,5336964,4776216,5364208
1786422154007,5977564,5336964,4776224,5364224
1786422155007,5977564,5336964,4776224,5364224
1786422156007,5977564,5336964,4776224,5364224
1786422157007,5977564,5336964,4776224,5364224
1786422158007,5977564,5336964,4776224,5364224
1786422159007,5977564,5336964,4776224,5364224
1786422160008,5977564,5336964,4776224,5364224
1786422161008,5977564,5336964,4776224,5364224
1786422162008,5977564,5336964,4776224,5364224
1786422163008,5977564,5336964,4776224,5364224
1786422164008,5977564,5336964,4776224,5364224
1786422165008,5977564,5336964,4776224,5364224
1786422166008,5977564,5336964,4776224,5364224
1786422167008,5977564,5336964,4776224,5364224
1786422168008,5977564,5336964,4776216,5364208
1786422169008,5977564,5336964,4776216,5364208
1786422170009,5977564,5336964,4776216,5364208
1786422171009,5977564,5336964,4776220,5364224
1786422172009,5977564,5336964,4776224,5364224
1786422173009,5977564,5336964,4786188,5429760
1786422174009,5977564,5336964,4806108,5429760
1786422175009,5977564,5336964,4806108,5429760
1786422176009,5977564,5336964,4816068,5429760
1786422177009,5977564,5336964,4816068,5429760
1786422178009,5977564,5336964,4776224,5364224
1786422179009,5977564,5336964,4776224,5364224
1786422180010,5977564,5336964,4775200,5363200
1786422181010,5977564,5336964,4775200,5363200
1786422182010,5977564,5336964,4775192,5363184
1786422183010,5977564,5336964,4775192,5363184
1786422184010,5977564,5336964,4775192,5363184
1786422185010,5977564,5336964,4775196,5363200
1786422186010,5977564,5336964,4775200,5363200
1786422187010,5977564,5336964,4775200,5363200
1786422188010,5977564,5336964,4775200,5363200
1786422189010,5977564,5336964,4775200,5363200
1786422190011,5977564,5336964,4775200,5363200
1786422191011,5977564,5336964,4775200,5363200
1786422192011,5977564,5336964,4775200,5363200
1786422193011,5977564,5336964,4775200,5363200
1786422194011,5977564,5336964,4775200,5363200
1786422195011,5977564,5336964,4775200,5363200
1786422196011,5977564,5336964,4775200,5363200
1786422197011,5977564,5336964,4775192,5363184
1786422198011,5977564,5336964,4775192,5363184
1786422199011,5977564,5336964,4775196,5363200
1786422200012,5977564,5336964,4775196,5363200
1786422201012,5977564,5336964,4775196,5363200
1786422202012,5977564,5336964,4775196,5363200
1786422203012,5977564,5336964,4775196,5363200
1786422204012,5977564,5336964,4775196,5363200
1786422205012,5977564,5336964,4775196,5363200
1786422206012,5977564,5336964,4785084,5428736
1786422207012,5977564,5336964,4804852,5428736
1786422208012,5977564,5336964,4804852,5428736
1786422209013,5977564,5336964,4814732,5428720
1786422210013,5977564,5336964,4814740,5428736
1786422211013,5977564,5336964,4775200,5363200
1786422212013,5977564,5336964,4775200,5363200
1786422213013,5977564,5336964,4775200,5363200
1786422214013,5977564,5336964,4775200,5363200
1786422215013,5977564,5336964,4775200,5363200
1786422216013,5977564,5336964,4775200,5363200
1786422217013,5977564,5336964,4775200,5363200
1786422218013,5977564,5336964,4775200,5363200
1786422219014,5977564,5336964,4775204,5363216
1786422220014,5977564,5336964,4775204,5363216
1786422221014,5977564,5336964,4775204,5363216
1786422222014,5977564,5336964,4775204,5363216
1786422223014,5977564,5336964,4775204,5363216
1786422224014,5977564,5336964,4775204,5363216
1786422225014,5977564,5336964,4775204,5363216
1786422226014,5977564,5336964,4775204,5363216
1786422227014,5977564,5336964,4775204,5363216
1786422228014,5977564,5336964,4775204,5363216
1786422229015,5977564,5336964,4775192,5363184
1786422230015,5977564,5336964,4775192,5363184
1786422231015,5977564,5336964,4775192,5363184
1786422232015,5977564,5336964,4775192,5363184
1786422233015,5977564,5336964,4775192,5363184
1786422234015,5977564,5336964,4775192,5363184
1786422235015,5977564,5336964,4775192,5363184
1786422236015,5977564,5336964,4775192,5363184
1786422237015,5977564,5336964,4775192,5363184
1786422238015,5977564,5336964,4775192,5363184
1786422239015,5977564,5336964,4785156,5428720
1786422240016,5977564,5336964,4805076,5428720
1786422241016,5977564,5336964,4805076,5428720
1786422242016,5977564,5336964,4815036,5428720
1786422243016,5977564,5336964,4815040,5428736
1786422244016,5977564,5336964,4775196,5363200
1786422245016,5977564,5336964,4775200,5363200
1786422246016,5977564,5336964,4775200,5363200
1786422247016,5977564,5336964,4775200,5363200
1786422248016,5977564,5336964,4775200,5363200
1786422249016,5977564,5336964,4775200,5363200
1786422250017,5977564,5336964,4775200,5363200
1786422251017,5977564,5336964,4775200,5363200
1786422252017,5977564,5336964,4775200,5363200
1786422253017,5977564,5336964,4775200,5363200
1786422254017,5977564,5336964,4775200,5363200
1786422255017,5977564,5336964,4775200,5363200
1786422256017,5977564,5336964,4775200,5363200
1786422257017,5977564,5336964,4775200,5363200
1786422258017,5977564,5336964,4775200,5363200
1786422259017,5977564,5336964,4775200,5363200
1786422260018,5977564,5336964,4775200,5363200
1786422261018,5977564,5336964,4775200,5363200
1786422262018,5977564,5336964,4775200,5363200
1786422263018,5977564,5336964,4775200,5363200
1786422264018,5977564,5336964,4775200,5363200
1786422265018,5977564,5336964,4775196,5363200
1786422266018,5977564,5336964,4775196,5363200
1786422267018,5977564,5336964,4775200,5363200
1786422268018,5977564,5336964,4775200,5363200
1786422269018,5977564,5336964,4775200,5363200
1786422270019,5977564,5336964,4775200,5363200
1786422271019,5977564,5336964,4785144,5428736
1786422272019,5977564,5336964,4805028,5428736
1786422273019,5977564,5336964,4805028,5428736
1786422274019,5977564,5336964,4814968,5428736
1786422275019,5977564,5336964,4814960,5428720
1786422276019,5977564,5336964,4775192,5363184
1786422277019,5977564,5336964,4775196,5363200
1786422278019,5977564,5336964,4775204,5363216
1786422279020,5977564,5336964,4775208,5363216
1786422280020,5977564,5336964,4775208,5363216
1786422281020,5977564,5336964,4775208,5363216
1786422282020,5977564,5336964,4775208,5363216
1786422283020,5977564,5336964,4775208,5363216
1786422284020,5977564,5336964,4775208,5363216
1786422285020,5977564,5336964,4775208,5363216
1786422286020,5977564,5336964,4775208,5363216
1786422287020,5977564,5336964,4775208,5363216
1786422288020,5977564,5336964,4775200,5363200
1786422289021,5977564,5336964,4775200,5363200
1786422290021,5977564,5336964,4775200,5363200
1786422291021,5977564,5336964,4775200,5363200
1786422292021,5977564,5336964,4775192,5363184
1786422293021,5977564,5336964,4775192,5363184
1786422294021,5977564,5336964,4775192,5363184
1786422295021,5977564,5336964,4775192,5363184
1786422296021,5977564,5336964,4775192,5363184
1786422297021,5977564,5336964,4775192,5363184
1786422298021,5977564,5336964,4775192,5363184
1786422299022,5977564,5336964,4775192,5363184
1786422300022,5977564,5336964,4775192,5363184
1786422301022,5977564,5336964,4775192,5363184
1786422302022,5977564,5336964,4775196,5363200
1786422303022,5977564,5336964,4775196,5363200
1786422304022,5977564,5336964,4785160,5428736
1786422305022,5977564,5336964,4805080,5428736
1786422306022,5977564,5336964,4805080,5428736
1786422307022,5977564,5336964,4815040,5428736
1786422308023,5977564,5336964,4815044,5428736
1786422309023,5977564,5336964,4775200,5363200
1786422310023,5977564,5336964,4775200,5363200
1786422311023,5977564,5336964,4775200,5363200
1786422312023,5977564,5336964,4775200,5363200
1786422313023,5977564,5336964,4775200,5363200
1786422314023,5977564,5336964,4775200,5363200
1786422315023,5977564,5336964,4775200,5363200
1786422316023,5977564,5336964,4775200,5363200
1786422317024,5977564,5336964,4775200,5363200
1786422318024,5977564,5336964,4775200,5363200
1786422319024,5977564,5336964,4775200,5363200
1786422320024,5977564,5336964,4775200,5363200
1786422321024,5977564,5336964,4775200,5363200
1786422322024,5977564,5336964,4775200,5363200
1786422323024,5977564,5336964,4775200,5363200
1786422324024,5977564,5336964,4775200,5363200
1786422325024,5977564,5336964,4775200,5363200
1786422326024,5977564,5336964,4775200,5363200
1786422327024,5977564,5336964,4775192,5363184
1786422328025,5977564,5336964,4775192,5363184
1786422329025,5977564,5336964,4775192,5363184
1786422330025,5977564,5336964,4775192,5363184
1786422331025,5977564,5336964,4775192,5363184
1786422332025,5977564,5336964,4775192,5363184
1786422333025,5977564,5336964,4775192,5363184
1786422334025,5977564,5336964,4775192,5363184
1786422335025,5977564,5336964,4775196,5363200
1786422336025,5977564,5336964,4775196,5363200
1786422337025,5977564,5336964,4785160,5428736
1786422338026,5977564,5336964,4805080,5428736
1786422339026,5977564,5336964,4805080,5428736
1786422340026,5977564,5336964,4815040,5428736
1786422341026,5977564,5336964,4815040,5428736
1786422342026,5977564,5336964,4775196,5363200
1786422343026,5977564,5336964,4775196,5363200
1786422344026,5977564,5336964,4775196,5363200
1786422345026,5977564,5336964,4775196,5363200
1786422346026,5977564,5336964,4775196,5363200
1786422347026,5977564,5336964,4775196,5363200
1786422348026,5977564,5336964,4775196,5363200
1786422349027,5977564,5336964,4775196,5363200
1786422350027,5977564,5336964,4775196,5363200
1786422351027,5977564,5336964,4775196,5363200
1786422352027,5977564,5336964,4775196,5363200
1786422353027,5977564,5336964,4775196,5363200
1786422354027,5977564,5336964,4775192,5363184
1786422355027,5977564,5336964,4775192,5363184
1786422356027,5977564,5336964,4775192,5363184
1786422357027,5977564,5336964,4775192,5363184
1786422358028,5977564,5336964,4775192,5363184
1786422359028,5977564,5336964,4775200,5363200
1786422360028,5977564,5336964,4775200,5363200
1786422361028,5977564,5336964,4775200,5363200
1786422362028,5977564,5336964,4775200,5363200
1786422363028,5977564,5336964,4775200,5363200
1786422364028,5977564,5336964,4775200,5363200
1786422365028,5977564,5336964,4775200,5363200
1786422366028,5977564,5336964,4775200,5363200
1786422367029,5977564,5336964,4775200,5363200
1786422368029,5977564,5336964,4775200,5363200
1786422369029,5977564,5336964,4785156,5428720
1786422370029,5977564,5336964,4794988,5428720
1786422371029,5977564,5336964,4805076,5428720
1786422372029,5977564,5336964,4805076,5428720
1786422373029,5977564,5336964,4815036,5428720
1786422374029,5977564,5336964,4815048,5428752
1786422375029,5977564,5336964,4775204,5363216
1786422376030,5977564,5336964,4775204,5363216
1786422377030,5977564,5336964,4775204,5363216
1786422378030,5977564,5336964,4775204,5363216
1786422379030,5977564,5336964,4775204,5363216
1786422380030,5977564,5336964,4775204,5363216
1786422381030,5977564,5336964,4775204,5363216
1786422382030,5977564,5336964,4775204,5363216
1786422383030,5977564,5336964,4775204,5363216
1786422384030,5977564,5336964,4775196,5363200
1786422385030,5977564,5336964,4775196,5363200
1786422386030,5977564,5336964,4775196,5363200
1786422387031,5977564,5336964,4775196,5363200
1786422388031,5977564,5336964,4775200,5363200
1786422389031,5977564,5336964,4775200,5363200
1786422390031,5977564,5336964,4775200,5363200
1786422391031,5977564,5336964,4775200,5363200
1786422392031,5977564,5336964,4775200,5363200
1786422393031,5977564,5336964,4775200,5363200
1786422394031,5977564,5336964,4775200,5363200
1786422395031,5977564,5336964,4775192,5363184
1786422396032,5977564,5336964,4775196,5363200
1786422397032,5977564,5336964,4775196,5363200
1786422398032,5977564,5336964,4775196,5363200
1786422399032,5977564,5336964,4775196,5363200
1786422400032,5977564,5336964,4775196,5363200
1786422401032,5977564,5336964,4775196,5363200
1786422402032,5977564,5336964,4785160,5428736
1786422403032,5977564,5336964,4805080,5428736
1786422404032,5977564,5336964,4805080,5428736
1786422405033,5977564,5336964,4815040,5428736
1786422406033,5977564,5336964,4815040,5428736
1786422407033,5977564,5336964,4815040,5428736
1786422408033,5977564,5336964,4775196,5363200
1786422409033,5977564,5336964,4774172,5362176
1786422410033,5977564,5336964,4774172,5362176
1786422411033,5977564,5336964,4774172,5362176
1786422412033,5977564,5336964,4774172,5362176
1786422413033,5977564,5336964,4774172,5362176
1786422414034,5977564,5336964,4774172,5362176
1786422415034,5977564,5336964,4774172,5362176
1786422416034,5977564,5336964,4774172,5362176
1786422417034,5977564,5336964,4774172,5362176
1786422418034,5977564,5336964,4772124,5360128
1786422419034,5977564,5336964,4772124,5360128
1786422420034,5977564,5336964,4772124,5360128
1786422421034,5977564,5336964,4772124,5360128
1786422422034,5977564,5336964,4772124,5360128
1786422423034,5977564,5336964,4772124,5360128
1786422424035,5977564,5336964,4772124,5360128
1786422425035,5977564,5336964,4772124,5360128
1786422426035,5977564,5336964,4772124,5360128
1786422427035,5977564,5336964,4772124,5360128
1786422428035,5977564,5336964,4772124,5360128
1786422429035,5977564,5336964,4772124,5360128
1786422430035,5977564,5336964,4772124,5360128
1786422431035,5977564,5336964,4772124,5360128
1786422432035,5977564,5336964,4772120,5360112
1786422433035,5977564,5336964,4772128,5360128
1786422434036,5977564,5336964,4772128,5360128
1786422435036,5977564,5336964,4782092,5425664
1786422436036,5977564,5336964,4802012,5425664
1786422437036,5977564,5336964,4802020,5425680
1786422438036,5977564,5336964,4811980,5425680
1786422439036,5977564,5336964,4811980,5425680
1786422440036,5977564,5336964,4772136,5360144
1786422441036,5977564,5336964,4772136,5360144
1786422442036,5977564,5336964,4772136,5360144
1786422443037,5977564,5336964,4772136,5360144
1786422444037,5977564,5336964,4772136,5360144
1786422445037,5977564,5336964,4772136,5360144
1786422446037,5977564,5336964,4337004,4901392
1786422447037,5977564,5336964,4336996,4901376
1786422448037,5977564,5336964,4336996,4901376
1786422449037,5977564,5336964,4336996,4901376
1786422450037,5977564,5336964,4399912,4966912
1786422451037,5977564,5336964,4402472,4966912
1786422452037,5977564,5336964,4405680,5032448
1786422453038,5977564,5336964,4405680,5032448
1786422454038,5977564,5336964,4470652,5097968
1786422455038,5977564,5336964,4502244,5097968
1786422456038,5977564,5336964,4502244,5097968
1786422457038,5977564,5336964,4502532,5097968
1786422458038,5977564,5336964,4507652,5097968
1786422459038,5977564,5336964,4507652,5097968
1786422460038,5977564,5336964,4507652,5097968
1786422461039,5977564,5336964,4507652,5097968
1786422462039,5977564,5336964,4507652,5097968
1786422463039,5977564,5336964,4507652,5097968
1786422464039,5977564,5336964,4507652,5097968
1786422465039,5977564,5336964,4507628,5081564
1786422466039,5977564,5336964,4507628,5081564
1786422467039,5977564,5336964,4507628,5081564
1786422468039,5977564,5336964,4507628,5081564
1786422469039,5977564,5336964,4508380,5081564
1786422470040,5977564,5336964,4510476,5081564
1786422471040,5977564,5336964,4521488,5081564
1786422472040,5977564,5336964,4586208,5147100
1786422473040,5977564,5336964,4586208,5147100
1786422474040,5977564,5336964,4586208,5147100
1786422475040,5977564,5336964,4586208,5147100
1786422476040,5977564,5336964,4586288,5147100
1786422477040,5977564,5336964,4586288,5147100
1786422478040,5977564,5336964,4586288,5147100
1786422479041,5977564,5336964,4586348,5147100
1786422480041,5977564,5336964,4683648,5278172
1786422481041,5977564,5336964,4683704,5278172
1786422482041,5977564,5336964,4683704,5278172
1786422483041,5977564,5336964,4683708,5278188
1786422484041,5977564,5336964,4686092,5278188
1786422485041,5977564,5336964,4686092,5278188
1786422486041,5977564,5336964,4686092,5278188
1786422487041,5977564,5336964,4686092,5278188
1786422488042,5977564,5336964,4686092,5278188
1786422489042,5977564,5336964,4687976,5278188
1786422490042,5977564,5336964,4688088,5278188
1786422491042,5977564,5336964,4688088,5278188
1786422492042,5977564,5336964,4688088,5278188
1786422493042,5977564,5336964,4688088,5278188
1786422494042,5977564,5336964,4688088,5278188
1786422495042,5977564,5336964,4688088,5278188
1786422496042,5977564,5336964,4688088,5278188
1786422497043,5977564,5336964,4688088,5278188
1786422498043,5977564,5336964,4688088,5278188
1786422499043,5977564,5336964,4688084,5278172
1786422500043,5977564,5336964,4688084,5278172
1786422501043,5977564,5336964,4688084,5278172
1786422502043,5977564,5336964,4688084,5278172
1786422503043,5977564,5336964,4688084,5278172
1786422504043,5977564,5336964,4688084,5278172
1786422505043,5977564,5336964,4688084,5278172
1786422506043,5977564,5336964,4688084,5278172
1786422507044,5977564,5336964,4688084,5278172
1786422508044,5977564,5336964,4688084,5278172
1786422509044,5977564,5336964,4688084,5278172
1786422510044,5977564,5336964,4688084,5278172
1786422511044,5977564,5336964,4688084,5278172
1786422512044,5977564,5336964,4688108,5278172
1786422513044,5977564,5336964,4688108,5278172
1786422514044,5977564,5336964,4688108,5278172
1786422515044,5977564,5336964,4690668,5278172
1786422516045,5977564,5336964,4690672,5278188
1786422517045,5977564,5336964,4690672,5278188
1786422518045,5977564,5336964,4690672,5278188
1786422519045,5977564,5336964,4690672,5278188
1786422520045,5977564,5336964,4690672,5278188
1786422521045,5977564,5336964,4690672,5278188
1786422522045,5977564,5336964,4690672,5278188
1786422523045,5977564,5336964,4690672,5278188
1786422524045,5977564,5336964,4690672,5278188
1786422525045,5977564,5336964,4690672,5278188
1786422526046,5977564,5336964,4690672,5278188
1786422527046,5977564,5336964,4690672,5278188
1786422528046,5977564,5336964,4690668,5278172
1786422529046,5977564,5336964,4691304,5278172
1786422530046,5977564,5336964,4691304,5278172
1786422531046,5977564,5336964,4691304,5278172
1786422532046,5977564,5336964,4691312,5278188
1786422533046,5977564,5336964,4691312,5278188
1786422534046,5977564,5336964,4691312,5278188
1786422535047,5977564,5336964,4691312,5278188
1786422536047,5977564,5336964,4691312,5278188
1786422537047,5977564,5336964,4691312,5278188
1786422538047,5977564,5336964,4691312,5278188
1786422539047,5977564,5336964,4691312,5278188
1786422540047,5977564,5336964,4691312,5278188
1786422541047,5977564,5336964,4691312,5278188
1786422542047,5977564,5336964,4691312,5278188
1786422543047,5977564,5336964,4691304,5278172
1786422544048,5977564,5336964,4690280,5277148
1786422545048,5977564,5336964,4690280,5277148
1786422546048,5977564,5336964,4690280,5277148
1786422547048,5977564,5336964,4690280,5277148
1786422548048,5977564,5336964,4690280,5277148
1786422549048,5977564,5336964,4692204,5277148
1786422550048,5977564,5336964,4692204,5277148
1786422551048,5977564,5336964,4692204,5277148
1786422552048,5977564,5336964,4692204,5277148
1786422553049,5977564,5336964,4692208,5277164
1786422554049,5977564,5336964,4692208,5277164
1786422555049,5977564,5336964,4692208,5277164
1786422556049,5977564,5336964,4693480,5277164
1786422557049,5977564,5336964,4693480,5277164
1786422558049,5977564,5336964,4693480,5277164
1786422559049,5977564,5336964,4697152,5277164
1786422560049,5977564,5336964,4697152,5277164
1786422561049,5977564,5336964,4697152,5277164
1786422562050,5977564,5336964,4697152,5277164
1786422563050,5977564,5336964,4697152,5277164
1786422564050,5977564,5336964,4697152,5277164
1786422565050,5977564,5336964,4697152,5277164
1786422566050,5977564,5336964,4697152,5277164
1786422567050,5977564,5336964,4697152,5277164
1786422568050,5977564,5336964,4697152,5277164
1786422569050,5977564,5336964,4697144,5277148
1786422570050,5977564,5336964,4697144,5277148
1786422571050,5977564,5336964,4697144,5277148
1786422572051,5977564,5336964,4697144,5277148
1786422573051,5977564,5336964,4697144,5277148
1786422574051,5977564,5336964,4697144,5277148
1786422575051,5977564,5336964,4697144,5277148
1786422576051,5977564,5336964,4697144,5277148
1786422577051,5977564,5336964,4697144,5277148
1786422578051,5977564,5336964,4697144,5277148
1786422579051,5977564,5336964,4697144,5277148
1786422580052,5977564,5336964,4697144,5277148
1786422581052,5977564,5336964,4697144,5277148
1786422582052,5977564,5336964,4697144,5277148
1786422583052,5977564,5336964,4697144,5277148
1786422584052,5977564,5336964,4697144,5277148
1786422585052,5977564,5336964,4697144,5277148
1786422586052,5977564,5336964,4697144,5277148
1786422587052,5977564,5336964,4697144,5277148
1786422588052,5977564,5336964,4697144,5277148
1786422589053,5977564,5336964,4697144,5277148
1786422590053,5977564,5336964,4697144,5277148
1786422591053,5977564,5336964,4697144,5277148
1786422592053,5977564,5336964,4697144,5277148
1786422593053,5977564,5336964,4697144,5277148
1786422594053,5977564,5336964,4697152,5277164
1786422595053,5977564,5336964,4697152,5277164
1786422596053,5977564,5336964,4697152,5277164
1786422597053,5977564,5336964,4697152,5277164
1786422598054,5977564,5336964,4697152,5277164
1786422599054,5977564,5336964,4697152,5277164
1786422600054,5977564,5336964,4697152,5277164
1786422601054,5977564,5336964,4697152,5277164
1786422602054,5977564,5336964,4697152,5277164
1786422603054,5977564,5336964,4699888,5277164
1786422604054,5977564,5336964,4699888,5277164
1786422605054,5977564,5336964,4700864,5277164
1786422606054,5977564,5336964,4700864,5277164
1786422607055,5977564,5336964,4700864,5277164
1786422608055,5977564,5336964,4703424,5277164
1786422609055,5977564,5336964,4703424,5277164
1786422610055,5977564,5336964,4703424,5277164
1786422611055,5977564,5336964,4703424,5277164
1786422612055,5977564,5336964,4705984,5277164
1786422613055,5977564,5336964,4705984,5277164
1786422614055,5977564,5336964,4705984,5277164
1786422615055,5977564,5336964,4705984,5277164
1786422616055,5977564,5336964,4705984,5277164
1786422617056,5977564,5336964,4705984,5277164
1786422618056,5977564,5336964,4705984,5277164
1786422619056,5977564,5336964,4705984,5277164
1786422620056,5977564,5336964,4705984,5277164
1786422621056,5977564,5336964,4705984,5277164
1786422622056,5977564,5336964,4705984,5277164
1786422623056,5977564,5336964,4705984,5277164
1786422624056,5977564,5336964,4705984,5277164
1786422625056,5977564,5336964,4705984,5277164
1786422626057,5977564,5336964,4705984,5277164
1786422627057,5977564,5336964,4705984,5277164
1786422628057,5977564,5336964,4705984,5277164
1786422629057,5977564,5336964,4705984,5277164
1786422630057,5977564,5336964,4705984,5277164
1786422631057,5977564,5336964,4705984,5277164
1786422632057,5977564,5336964,4707244,5277164
1786422633057,5977564,5336964,4709872,5277164
1786422634057,5977564,5336964,4709964,5277164
1786422635057,5977564,5336964,4710048,5277164
1786422636058,5977564,5336964,4710100,5277164
1786422637058,5977564,5336964,4710100,5277164
1786422638058,5977564,5336964,4710100,5277164
1786422639058,5977564,5336964,4710100,5277164
1786422640058,5977564,5336964,4710100,5277164
1786422641058,5977564,5336964,4710100,5277164
1786422642058,5977564,5336964,4710100,5277164
1786422643058,5977564,5336964,4710100,5277164
1786422644058,5977564,5336964,4710100,5277164
1786422645059,5977564,5336964,4710100,5277164
1786422646059,5977564,5336964,4710100,5277164
1786422647059,5977564,5336964,4710100,5277164
1786422648059,5977564,5336964,4710100,5277164
1786422649059,5977564,5336964,4710100,5277164
1786422650059,5977564,5336964,4710100,5277164
1786422651059,5977564,5336964,4710100,5277164
1786422652059,5977564,5336964,4710100,5277164
1786422653059,5977564,5336964,4710100,5277164
1786422654059,5977564,5336964,4710100,5277164
1786422655060,5977564,5336964,4710100,5277164
1786422656060,5977564,5336964,4710100,5277164
1786422657060,5977564,5336964,4710100,5277164
1786422658060,5977564,5336964,4710100,5277164
1786422659060,5977564,5336964,4710100,5277164
1786422660060,5977564,5336964,4710100,5277164
1786422661060,5977564,5336964,4710100,5277164
1786422662060,5977564,5336964,4710100,5277164
1786422663061,5977564,5336964,4710100,5277164
1786422664061,5977564,5336964,4710100,5277164
1786422665061,5977564,5336964,4710100,5277164
1786422666061,5977564,5336964,4712412,5277164
1786422667061,5977564,5336964,4712412,5277164
1786422668061,5977564,5336964,4712412,5277164
1786422669061,5977564,5336964,4712412,5277164
1786422670061,5977564,5336964,4712412,5277164
1786422671061,5977564,5336964,4712412,5277164
1786422672061,5977564,5336964,4712412,5277164
1786422673062,5977564,5336964,4712412,5277164
1786422674062,5977564,5336964,4712412,5277164
1786422675062,5977564,5336964,4712412,5277164
1786422676062,5977564,5336964,4712412,5277164
1786422677062,5977564,5336964,4712412,5277164
1786422678062,5977564,5336964,4712412,5277164
1786422679062,5977564,5336964,4715272,5277164
1786422680062,5977564,5336964,4715368,5277164
1786422681062,5977564,5336964,4715436,5277164
1786422682063,5977564,5336964,4715532,5277164
1786422683063,5977564,5336964,4715616,5277180
1786422684063,5977564,5336964,4715728,5277180
1786422685063,5977564,5336964,4715784,5277180
1786422686063,5977564,5336964,4715892,5277180
1786422687063,5977564,5336964,4715952,5277180
1786422688063,5977564,5336964,4716068,5277180
1786422689063,5977564,5336964,4716144,5277180
1786422690063,5977564,5336964,4716228,5277180
1786422691063,5977564,5336964,4716340,5277180
1786422692064,5977564,5336964,4716400,5277180
1786422693064,5977564,5336964,4716504,5277164
1786422694064,5977564,5336964,4716568,5277164
1786422695064,5977564,5336964,4716660,5277164
1786422696064,5977564,5336964,4716768,5277164
1786422697064,5977564,5336964,4716832,5277164
1786422698064,5977564,5336964,4716944,5277164
1786422699064,5977564,5336964,4716992,5277164
1786422700064,5977564,5336964,4717104,5277164
1786422701065,5977564,5336964,4717212,5277164
1786422702065,5977564,5336964,4717272,5277164
1786422703065,5977564,5336964,4717372,5277164
1786422704065,5977564,5336964,4717424,5277164
1786422705065,5977564,5336964,4717536,5277164
1786422706065,5977564,5336964,4717648,5277164
1786422707065,5977564,5336964,4717696,5277164
1786422708065,5977564,5336964,4717796,5277164
1786422709065,5977564,5336964,4717908,5277164
1786422710066,5977564,5336964,4717956,5277164
1786422711066,5977564,5336964,4718072,5277164
1786422712066,5977564,5336964,4718180,5277164
1786422713066,5977564,5336964,4718220,5277164
1786422714066,5977564,5336964,4718336,5277164
1786422715066,5977564,5336964,4718424,5277164
1786422716066,5977564,5336964,4718484,5277164
1786422717066,5977564,5336964,4737680,5342700
1786422718066,5977564,5336964,4751300,5342700
1786422719066,5977564,5336964,4773832,5342700
1786422720066,5977564,5336964,4802844,5408236
1786422721067,5977564,5336964,4802848,5408236
1786422722067,5977564,5336964,4822580,5408236
1786422723067,5977564,5336964,4822580,5408236
1786422724067,5977564,5336964,4783112,5342700
1786422725067,5977564,5336964,4726792,5276156
1786422726067,5977564,5336964,4726792,5276156
1786422727067,5977564,5336964,4726792,5276156
1786422728067,5977564,5336964,4726792,5276156
1786422729067,5977564,5336964,4726792,5276156
1786422730067,5977564,5336964,4726792,5276156
1786422731068,5977564,5336964,4726792,5276156
1786422732068,5977564,5336964,4726792,5276156
1786422733068,5977564,5336964,4726792,5276156
1786422734068,5977564,5336964,4726792,5276156
1786422735068,5977564,5336964,4726788,5276140
1786422736068,5977564,5336964,4726788,5276140
1786422737068,5977564,5336964,4726788,5276140
1786422738068,5977564,5336964,4726788,5276140
1786422739068,5977564,5336964,4726788,5276140
1786422740068,5977564,5336964,4726788,5276140
1786422741069,5977564,5336964,4726788,5276140
1786422742069,5977564,5336964,4726788,5276140
1786422743069,5977564,5336964,4726788,5276140
1786422744069,5977564,5336964,4726780,5276124
1786422745069,5977564,5336964,4726780,5276124
1786422746069,5977564,5336964,4726780,5276124
1786422747069,5977564,5336964,4726780,5276124
1786422748069,5977564,5336964,4726788,5276140
1786422749069,5977564,5336964,4726788,5276140
1786422750070,5977564,5336964,4726788,5276140
1786422751070,5977564,5336964,4726788,5276140
1786422752070,5977564,5336964,4726788,5276140
1786422753070,5977564,5336964,4726788,5276140
1786422754070,5977564,5336964,4726788,5276140
1786422755070,5977564,5336964,4726788,5276140
1786422756070,5977564,5336964,4726788,5276140
1786422757070,5977564,5336964,4726788,5276140
1786422758070,5977564,5336964,4726780,5276124
1786422759070,5977564,5336964,4726780,5276124
1786422760070,5977564,5336964,4726780,5276124
1786422761071,5977564,5336964,4726780,5276124
1786422762071,5977564,5336964,4726780,5276124
1786422763071,5977564,5336964,4726780,5276124
1786422764071,5977564,5336964,4726780,5276124
1786422765071,5977564,5336964,4726780,5276124
1786422766071,5977564,5336964,4726780,5276124
1786422767071,5977564,5336964,4726780,5276124
1786422768071,5977564,5336964,4726780,5276124
1786422769071,5977564,5336964,4726780,5276124
1786422770071,5977564,5336964,4726780,5276124
1786422771072,5977564,5336964,4726780,5276124
1786422772072,5977564,5336964,4726784,5276140
1786422773072,5977564,5336964,4726784,5276140
1786422774072,5977564,5336964,4726784,5276140
1786422775072,5977564,5336964,4726788,5276140
1786422776072,5977564,5336964,4726788,5276140
1786422777072,5977564,5336964,4726788,5276140
1786422778072,5977564,5336964,4726788,5276140
1786422779072,5977564,5336964,4726788,5276140
1786422780072,5977564,5336964,4726788,5276140
1786422781073,5977564,5336964,4726788,5276140
1786422782073,5977564,5336964,4726788,5276140
1786422783073,5977564,5336964,4726788,5276140
1786422784073,5977564,5336964,4726788,5276140
1786422785073,5977564,5336964,4726780,5276124
1786422786073,5977564,5336964,4726780,5276124
1786422787073,5977564,5336964,4726780,5276124
1786422788073,5977564,5336964,4726780,5276124
1786422789073,5977564,5336964,4726780,5276124
1786422790073,5977564,5336964,4726780,5276124
1786422791074,5977564,5336964,4726780,5276124
1786422792074,5977564,5336964,4726780,5276124
1786422793074,5977564,5336964,4726792,5276156
1786422794074,5977564,5336964,4726792,5276156
1786422795074,5977564,5336964,4726792,5276156
1786422796074,5977564,5336964,4726792,5276156
1786422797074,5977564,5336964,4726792,5276156
1786422798074,5977564,5336964,3555900,4808776
1786422799074,5977564,5336964,3556120,4796488
1786422800075,5977564,5336964,3556120,4796488
1786422801075,5977564,5336964,3568248,4810860
1786422802075,5977564,5336964,3571680,4810860
1786422803075,5977564,5336964,3622616,4801644
1786422804075,5977564,5336964,3664756,4799596
1786422805075,5977564,5336964,3835864,4793452
1786422806075,5977564,5336964,3835864,4793452
1786422807075,5977564,5336964,3835864,4793452
1786422808075,5977564,5336964,3835864,4793452
1786422809075,5977564,5336964,3835864,4793452
1786422810076,5977564,5336964,3834840,4792428
1786422811076,5977564,5336964,3834840,4792428
1786422812076,5977564,5336964,3834840,4792428
1786422813076,5977564,5336964,3834840,4792428
1786422814076,5977564,5336964,3833816,4791404
1786422815076,5977564,5336964,3832720,4757540
1786422816076,5977564,5336964,3832720,4757540
1786422817077,5977564,5336964,3832720,4757540
1786422818077,5977564,5336964,3832720,4757540
1786422819077,5977564,5336964,3832720,4757540
1786422820077,5977564,5336964,3832720,4757540
1786422821077,5977564,5336964,3831696,4756516
1786422822077,5977564,5336964,3831696,4756516
1786422823077,5977564,5336964,3831696,4756516
1786422824077,5977564,5336964,3831696,4756516
1786422825078,5977564,5336964,3831696,4756516
1786422826078,5977564,5336964,3831696,4756516
1786422827078,5977564,5336964,3831696,4756516
1786422828078,5977564,5336964,3831696,4756516
1786422829078,5977564,5336964,3831696,4756516
1786422830078,5977564,5336964,3830672,4755492
1786422831078,5977564,5336964,3830672,4755492
1786422832079,5977564,5336964,3830672,4755492
1786422833079,5977564,5336964,3830672,4755492
1786422834079,5977564,5336964,3830672,4755492
1786422835079,5977564,5336964,3830672,4755492
1786422836079,5977564,5336964,3830672,4755492
1786422837079,5977564,5336964,3830672,4755492
1786422838079,5977564,5336964,3830672,4755492
1786422839080,5977564,5336964,3830672,4755492
1786422840080,5977564,5336964,3830672,4755492
1786422841081,5977564,5336964,3830672,4755492
1786422842081,5977564,5336964,3830672,4755492
1786422843081,5977564,5336964,3830672,4755492
1786422844081,5977564,5336964,3830672,4755492
1786422845081,5977564,5336964,3829648,4754468
1786422846082,5977564,5336964,3829648,4754468
1786422847082,5977564,5336964,3829648,4754468
1786422848083,5977564,5336964,3829648,4754468
1786422849083,5977564,5336964,3829648,4754468
1786422850084,5977564,5336964,3829648,4754468
1786422851084,5977564,5336964,3829648,4754468
