date,open,high,low,close,volume
2021-01-04,63.169766,63.329062,60.452882,60.559082,7660500
2021-01-05,60.851129,61.842301,60.532536,61.435211,6436800
2021-01-06,60.621028,63.267112,60.576777,62.196289,8753800
2021-01-07,62.258229,62.718422,61.674147,61.753792,8771400
2021-01-08,61.913101,62.0193,60.798026,61.824604,5158100
2021-01-11,60.877673,61.815748,60.638725,61.771503,4569000
2021-01-12,61.67415,63.470655,61.56795,63.293655,5356200
2021-01-13,63.098961,63.231703,61.762642,62.390976,7032600
2021-01-14,62.833465,64.045888,62.435228,62.780369,9712500
2021-01-15,62.222832,62.240535,61.019261,61.240505,6980800
2021-01-19,61.7538,61.992748,61.196266,61.382111,7381800
2021-01-20,61.479465,61.532562,60.718383,60.921925,4657700
2021-01-21,60.470587,60.798024,60.045794,60.27589,7366800
2021-01-22,59.930743,60.275884,59.399757,59.806847,4558100
2021-01-25,58.443979,58.868765,57.541297,58.656372,10514000
2021-01-26,61.240504,62.771519,59.461702,59.470547,13322200
2021-01-27,58.895321,59.966144,57.744847,57.966091,12377000
2021-01-28,58.797971,61.320158,58.594423,60.328979,8753200
2021-01-29,59.390901,59.789138,58.505922,59.054611,15649100
2021-02-01,59.824561,59.824561,58.523641,59.258175,5994000
2021-02-02,59.886497,62.320188,59.780304,62.072395,8710600
2021-02-03,61.736095,62.762666,61.390954,62.461777,8370000
2021-02-04,62.895435,64.435296,62.594546,64.320251,9024300
2021-02-05,64.913181,65.382218,63.718461,64.010506,7952700
2021-02-08,63.966247,64.32024,63.550306,64.152092,4964300
2021-02-09,63.939691,64.904314,63.337905,64.638824,6263000
2021-02-10,64.391044,64.727333,63.842355,64.134399,3930200
2021-02-11,64.134402,64.771588,62.983927,64.010506,4535800
2021-02-12,63.798085,64.444123,63.559144,64.258278,4207500
2021-02-16,64.461819,64.824663,63.753841,64.258278,6110200
2021-02-17,63.975109,64.789288,63.789265,64.65654,5186900
2021-02-18,64.1344,64.64769,63.736156,64.497238,4903800
2021-02-19,64.939728,65.762758,64.691935,65.718513,6275900
2021-02-22,63.939713,65.718522,63.913165,64.603447,10506900
2021-02-23,64.966271,65.497257,64.187486,65.479553,11686700
2021-02-24,65.656561,69.178772,65.06362,68.736282,11159300
2021-02-25,68.259892,68.669487,64.956414,65.285873,9483300
2021-02-26,65.82904,65.82904,64.101616,64.101616,8000700
2021-03-01,65.455063,67.084533,65.089986,66.211922,10910500
2021-03-02,66.1674,67.155771,66.069453,66.487953,5792300
2021-03-03,66.60372,68.019491,66.470155,66.844131,5960700
2021-03-04,66.799588,68.0818,64.769423,66.265335,8284200
2021-03-05,66.986594,67.289335,65.089987,66.94207,6661900
2021-03-08,67.770178,68.865396,67.262637,67.324966,7232100
2021-03-09,67.707829,68.295505,66.559181,66.630417,6558300
2021-03-10,67.137957,68.696199,66.77288,68.170845,6776600
2021-03-11,68.179756,69.524298,67.850297,68.607162,6314900
2021-03-12,69.45309,70.227761,69.168154,69.916107,6075900
2021-03-15,70.1476,71.287342,69.764718,70.851036,7848900
2021-03-16,70.735292,70.940085,69.461985,69.666779,5941500
2021-03-17,69.86266,71.091443,69.729095,70.842125,6685900
2021-03-18,70.539392,71.162686,69.346221,69.399651,6093500
2021-03-19,69.453067,69.942803,67.779073,69.773621,15023800
2021-03-22,69.77363,69.933906,68.197575,68.491417,7457100
2021-03-23,67.912629,68.714012,66.7907,66.94207,8285400
2021-03-24,67.877034,69.301711,67.271545,67.271545,7722600
2021-03-25,66.870846,69.159235,66.452345,69.034576,6359100
2021-03-26,68.927729,69.684588,68.179769,69.604446,6193900
2021-03-29,69.729094,70.334582,69.034564,69.168129,7136700
2021-03-30,69.114719,69.853766,68.794166,69.292801,5540000
2021-03-31,69.310588,69.648954,68.60716,68.803047,6003300
2021-04-01,69.105823,69.275006,68.500334,68.811981,6166200
2021-04-05,69.328401,69.853748,69.043466,69.372925,5637900
2021-04-06,69.087998,69.53321,68.740733,69.016769,8489200
2021-04-07,68.998954,69.551019,68.607172,69.096901,5334700
2021-04-08,68.678375,69.061257,68.108504,68.990028,5043000
2021-04-09,69.933902,70.236643,69.141425,69.711296,5423400
2021-04-12,69.675669,70.183211,69.568816,70.09417,5485800
2021-04-13,69.453074,69.524309,68.331137,69.185944,5490700
2021-04-14,69.453075,70.06747,69.248275,69.417458,4855200
2021-04-15,69.595529,69.702375,68.544828,69.426346,5106500
2021-04-16,69.978424,69.978424,68.607177,69.648972,7629700
2021-04-19,69.559915,70.103074,69.22155,69.978409,6265600
2021-04-20,69.274991,69.372938,67.734555,68.642784,8692700
2021-04-21,68.393467,70.290074,68.028397,70.227745,5186900
2021-04-22,70.334583,71.153778,69.942801,70.111977,6706800
2021-04-23,70.174316,71.910647,70.174316,71.714752,7139200
2021-04-26,72.124329,73.077082,71.946247,72.124329,12145600
2021-04-27,73.691483,74.519577,72.017482,73.736,11082400
2021-04-28,72.551741,74.012035,72.551741,73.976418,7164200
2021-04-29,74.403817,74.617523,73.468876,73.789429,6237000
2021-04-30,73.504524,74.270289,73.326435,74.118912,5616000
2021-05-03,74.617547,75.196317,74.154523,74.920288,5828800
2021-05-04,74.902449,75.320942,74.038737,74.742172,9306900
2021-05-05,74.466157,75.392199,74.386022,74.911369,4658200
2021-05-06,75.516853,75.596995,74.377111,75.4011,4903900
2021-05-07,75.516847,76.514124,74.920264,76.31823,6056000
2021-05-10,77.342228,77.502505,75.62371,75.721657,9042600
2021-05-11,75.009313,75.864119,74.216836,75.089455,6708100
2021-05-12,75.000391,75.561356,73.210638,73.264061,6086800
2021-05-13,73.281908,75.044944,73.139436,74.599731,4701200
2021-05-14,75.196298,76.638787,75.116163,76.469604,4989200
2021-05-17,75.739458,77.084,75.739458,77.084,5059800
2021-05-18,76.754539,77.431263,75.99768,76.024391,7438300
2021-05-19,75.543557,75.92644,74.421628,75.873016,9296500
2021-05-20,75.908869,76.643413,75.326607,76.347809,10059900
2021-05-21,76.903172,78.022904,76.634441,76.86734,5803800
2021-05-24,77.47649,77.88855,77.037557,77.467537,5113300
2021-05-25,77.601898,78.18416,77.028596,77.270462,7606300
2021-05-26,77.333161,77.691477,77.03755,77.485443,4826200
2021-05-27,79.277012,79.554704,78.569341,79.375549,10492200
2021-05-28,79.187435,79.572623,78.864951,79.465126,4850300
2021-06-01,80.450478,80.557975,79.581566,79.715935,4302200
2021-06-02,79.94886,79.94886,79.232229,79.393471,4429100
2021-06-03,78.927658,79.698034,78.730584,79.438255,4083200
2021-06-04,79.411384,79.939895,79.321807,79.742821,4082800
2021-06-07,79.698021,79.859263,79.259088,79.698021,5693900
2021-06-08,79.904037,80.423594,79.509896,80.127983,4777000
2021-06-09,80.047391,80.235505,79.563666,79.590538,4594500
2021-06-10,80.441525,80.602766,78.972437,79.053055,4826300
2021-06-11,79.456189,79.698055,78.981423,79.554726,4082700
2021-06-14,79.474098,79.895119,79.053078,79.474098,5924900
2021-06-15,79.680114,80.441537,79.545752,80.083221,5336700
2021-06-16,79.930941,80.110095,78.78433,79.21431,8033800
2021-06-17,79.259113,79.483059,77.324213,78.049797,7480500
2021-06-18,76.947961,77.691464,76.697142,76.965874,10387200
2021-06-21,77.709393,78.954534,77.503359,78.829124,5097400
2021-06-22,78.542466,78.882862,77.807922,78.273727,4150100
2021-06-23,78.309556,78.479757,77.54814,77.575012,3524500
2021-06-24,78.094569,78.094569,77.270448,77.798958,5335200
2021-06-25,77.960209,78.291652,77.646686,77.682518,6611000
2021-06-28,77.386907,77.395867,75.926779,76.240303,5738300
2021-06-29,76.482171,76.92111,75.550553,75.640137,6496800
2021-06-30,75.550551,76.741947,75.371397,76.419464,4744500
2021-07-01,76.517988,77.261492,76.383619,77.234619,3903900
2021-07-02,77.485427,77.93332,76.885252,77.664581,4185400
2021-07-06,77.171929,77.476493,76.07907,76.813614,4140000
2021-07-07,76.29404,77.073376,75.980516,76.885262,4127200
2021-07-08,75.783448,76.840475,75.263891,76.535912,4665500
2021-07-09,77.485449,77.709396,77.055469,77.377953,4556200
2021-07-12,76.643397,77.395861,76.159673,77.234619,5464400
2021-07-13,77.189834,77.252539,76.374673,76.437378,4595000
2021-07-14,76.303001,76.939008,75.658034,76.061142,3665400
2021-07-15,75.326593,76.616526,75.19223,76.123848,3460800
2021-07-16,76.697146,76.813596,74.618924,74.824951,4023800
2021-07-19,73.275263,73.418585,71.412028,72.603424,9221300
2021-07-20,72.827359,76.258212,72.576534,75.962608,7935000
2021-07-21,76.383607,77.897487,76.18654,77.557091,5398300
2021-07-22,77.279413,77.485447,76.31197,76.876312,4124300
2021-07-23,77.691468,77.691468,76.688186,76.86734,2607600
2021-07-26,76.795677,77.216691,76.517979,76.992744,3759800
2021-07-27,78.470802,80.136964,78.300608,79.026192,8429700
2021-07-28,79.832409,79.832409,77.888549,78.112495,5517100
2021-07-29,79.393453,79.411372,78.372258,78.515587,4135400
2021-07-30,78.264762,78.614118,77.628755,77.888527,4443600
2021-08-02,78.058757,79.492013,77.494415,77.583992,4049200
2021-08-03,77.655657,78.829134,76.437388,78.802261,4629200
2021-08-04,77.81689,78.282695,76.72403,76.876312,5286000
2021-08-05,77.40483,78.318529,77.207756,77.825844,3604600
2021-08-06,78.336432,78.811204,78.085613,78.452888,3020200
2021-08-09,77.987062,78.318505,77.512297,78.004982,3265600
2021-08-10,78.103526,78.882855,77.933325,78.515587,2909100
2021-08-11,78.658908,79.420331,78.318512,79.384499,3724800
2021-08-12,79.187431,79.420337,78.273726,78.811203,2816500
2021-08-13,78.918696,78.954528,78.058743,78.15728,3051300
2021-08-16,77.68251,78.166235,76.652356,78.058739,3895900
2021-08-17,77.395878,78.08563,76.724039,77.583992,3999200
2021-08-18,77.082344,77.861673,76.509042,76.571747,4256200
2021-08-19,75.994996,76.454584,74.769415,75.111855,5707000
2021-08-20,75.057776,76.13016,74.796438,75.742661,4502400
2021-08-23,76.220259,77.121421,76.157178,76.562698,3367700
2021-08-24,76.697903,77.572031,76.598775,76.986275,4751800
2021-08-25,77.157502,77.896454,76.598779,77.25663,3195200
2021-08-26,77.193555,77.319717,76.166223,76.382507,2596000
2021-08-27,76.760987,77.626102,76.733953,76.959244,3590400
2021-08-30,77.04033,77.067364,76.328412,76.418533,2936800
2021-08-31,76.283379,76.977271,76.004014,76.382507,3969600
2021-09-01,76.724944,76.724944,75.625526,75.787735,4109000
2021-09-02,75.877836,76.553707,75.814755,76.184235,3471600
2021-09-03,76.040039,76.265329,75.247019,75.382195,3300100
2021-09-07,75.120844,75.382181,74.219682,74.796425,5701400
2021-09-08,74.643251,75.229008,74.075515,74.679298,3911400
2021-09-09,74.733354,76.013002,74.553124,75.391205,4521200
2021-09-10,75.859796,76.11212,74.616195,74.796425,3893400
2021-09-13,75.499346,75.904873,74.580164,75.373184,4768000
2021-09-14,75.51737,75.553411,74.12958,74.562134,5253300
2021-09-15,74.958647,76.652829,74.643242,76.481613,5673400
2021-09-16,76.544712,76.715928,75.589475,75.715637,5907500
2021-09-17,75.328125,75.706619,74.228714,75.147896,23128700
2021-09-20,73.805168,75.337141,73.462722,75.201965,8217100
2021-09-21,75.409246,75.832794,74.499071,74.895584,5900300
2021-09-22,75.670565,77.463875,75.346146,76.842072,6233700
2021-09-23,77.121454,78.401102,77.058373,78.175812,5906800
2021-09-24,78.013606,79.004883,77.824363,78.545296,4665900
2021-09-27,79.058949,79.725807,78.608368,78.707489,4162100
2021-09-28,78.491216,79.058953,77.923487,78.256912,5781200
2021-09-29,78.554292,79.140048,78.121738,78.392082,3612600
2021-09-30,78.842659,78.851673,77.373768,77.463882,5642900
2021-10-01,78.220873,79.239184,77.626103,78.833664,5499500
2021-10-04,78.401099,79.302261,77.887437,79.022903,5490600
2021-10-05,79.302265,80.644995,79.058955,79.951103,4820500
2021-10-06,79.482488,80.563887,78.806617,80.446732,4354100
2021-10-07,81.005434,81.672292,80.879272,81.239738,3750900
2021-10-08,81.374943,81.852558,80.870288,81.663315,3342700
2021-10-11,81.753421,82.348185,80.960394,81.005455,3048000
2021-10-12,80.753144,81.609245,80.347623,80.852272,3404100
2021-10-13,80.933364,81.104587,79.590635,80.816216,3285500
2021-10-14,81.392959,81.528134,80.302553,80.356621,4225300
2021-10-15,80.969412,82.267087,80.807202,81.933655,4581600
2021-10-18,81.194698,82.113887,80.491793,81.825516,3898700
2021-10-19,81.987745,82.447333,81.510123,82.213036,4195100
2021-10-20,81.726389,82.825808,81.17668,82.618538,3916600
2021-10-21,82.303126,82.609518,81.627255,82.55545,4274900
2021-10-22,82.609508,83.195265,82.167941,82.780731,4160800
2021-10-25,82.60951,82.888875,81.735382,82.276085,5953900
2021-10-26,79.563597,82.176968,78.401097,80.34761,9122500
2021-10-27,80.338597,81.609232,79.924063,80.34761,4273200
2021-10-28,80.52786,80.933381,79.969137,80.374664,4179900
2021-10-29,80.257493,80.88831,79.761858,80.077263,5202300
2021-11-01,80.122316,80.37464,79.266208,79.797897,4588800
2021-11-02,79.779861,80.032185,78.581314,79.122017,4554100
2021-11-03,78.419125,80.014186,78.356044,79.906044,4148500
2021-11-04,79.608663,80.284534,79.085994,79.356339,3711700
2021-11-05,80.897304,82.213007,80.25748,82.167946,4330400
2021-11-08,82.285104,82.609522,81.383941,81.744408,4469100
2021-11-09,81.74441,82.068829,81.077552,81.996735,3372900
2021-11-10,82.023757,82.402251,81.230737,81.266785,3503200
2021-11-11,81.176662,81.483054,79.924048,80.248466,4993600
2021-11-12,80.365634,80.428716,79.860986,80.077263,3273100
2021-11-15,80.771161,80.771161,80.059242,80.518837,3423100
2021-11-16,80.446714,80.942356,80.032181,80.113289,4746200
2021-11-17,79.987137,80.248475,78.572313,78.80661,3910600
2021-11-18,79.033239,79.577106,78.262752,78.779434,4376300
2021-11-19,78.181161,78.181161,77.102486,77.437874,5478200
2021-11-22,77.782322,79.441124,77.664486,78.67971,6819800
2021-11-23,79.151065,79.531771,78.625323,79.141998,5950700
2021-11-24,78.797563,79.296112,78.570951,79.033241,3464500
2021-11-26,75.742815,75.770008,73.803017,75.235207,7113600
2021-11-29,76.223227,76.549548,74.800103,75.180817,5835000
2021-11-30,74.437558,74.782006,72.769689,73.349815,7966000
2021-12-01,74.455661,74.455661,71.609414,71.654739,8499000
2021-12-02,72.561194,74.537252,72.071711,74.020576,6409100
2021-12-03,73.975243,74.437533,72.624637,73.522018,6038900
2021-12-06,74.555379,76.495178,74.029637,75.924118,4964200
2021-12-07,76.531433,77.77327,76.186985,77.057175,5102900
2021-12-08,77.809517,79.450193,77.773265,78.407776,6749500
2021-12-09,77.954551,78.471227,77.519453,78.099586,4241900
2021-12-10,78.779423,78.842874,77.682614,78.099586,3294400
2021-12-13,77.45599,77.900155,76.177902,76.440773,4173900
2021-12-14,75.806289,76.812448,75.443716,75.688454,6144700
2021-12-15,75.652177,75.887856,74.392214,75.624985,5388300
2021-12-16,76.377328,76.613,74.745719,74.963264,4546300
2021-12-17,74.963257,75.25332,73.576392,74.58255,8892600
2021-12-20,73.449516,73.73958,72.234879,73.449516,5828400
2021-12-21,74.029623,76.069131,74.029623,75.851585,7301900
2021-12-22,75.670323,76.821509,75.624997,76.205124,3852800
2021-12-23,76.64927,77.229396,76.613011,76.957466,2650000
2021-12-27,76.794298,77.410683,76.3592,77.265648,2743700
2021-12-28,77.111571,78.271824,76.8487,77.972694,3220100
2021-12-29,77.573846,78.018004,77.247524,77.854843,2085300
2021-12-30,77.990823,78.407788,77.682627,77.773277,2459400
2021-12-31,77.709819,78.253687,77.501333,78.008942,2667700
2022-01-03,78.027078,78.987911,78.018012,78.833817,5169200
2022-01-04,79.649614,81.643798,79.495513,81.598473,6044200
2022-01-05,81.761642,82.96722,81.036488,81.190582,6833600
2022-01-06,81.942939,82.423355,81.226844,81.634743,5559000
2022-01-07,81.816026,82.822184,81.661925,81.979187,4835300
2022-01-10,82.196733,82.296442,80.891445,81.335609,4884200
2022-01-11,81.344679,82.341771,80.918647,82.233002,4529800
2022-01-12,82.486788,82.985338,82.341753,82.55024,4613100
2022-01-13,82.831247,83.810213,82.45054,82.994408,5026300
2022-01-14,82.532122,83.828344,82.232993,83.692375,4987400
2022-01-18,82.785942,83.302618,81.834169,82.260201,6010200
2022-01-19,82.242066,82.794993,81.199649,81.308418,4887800
2022-01-20,81.544081,82.332693,79.994055,80.093765,5354700
2022-01-21,80.238806,80.501677,78.697847,79.051361,5846500
2022-01-24,77.746069,80.039389,76.86682,79.876228,8849700
2022-01-25,77.048098,82.749658,77.048098,81.861336,10377400
2022-01-26,81.562218,82.958142,79.287031,80.655769,9829100
2022-01-27,81.50783,82.921894,80.130032,80.927704,6998700
2022-01-28,80.646701,81.91573,79.296095,81.879471,5877600
2022-01-31,81.22686,81.952021,80.682992,81.752602,6419700
2022-02-01,81.670999,82.432419,80.918645,82.242065,6558400
2022-02-02,81.852286,84.018697,81.806961,83.882729,5978600
2022-02-03,83.529227,84.290641,83.048811,84.12748,7171700
2022-02-04,83.719561,85.115492,83.492949,84.308754,6321400
2022-02-07,84.716655,85.867848,84.308756,85.23333,4932700
2022-02-08,85.052039,86.402645,84.18185,86.176033,8173200
2022-02-09,87.046228,87.309099,86.547685,87.019035,5394900
2022-02-10,86.402663,87.889238,85.704701,86.166985,6534300
2022-02-11,86.33922,87.064381,85.278677,86.357346,6532900
2022-02-14,86.574888,86.656465,84.199991,84.816376,6419200
2022-02-15,84.83448,86.021932,84.816354,85.242386,4616000
2022-02-16,85.215209,86.357329,85.133625,85.885979,4560900
2022-02-17,85.178949,86.266684,84.698532,85.532463,5753300
2022-02-18,85.333056,86.121669,84.290639,84.635094,6544800
2022-02-22,84.861702,85.87692,84.109348,84.789185,5862200
2022-02-23,85.47809,85.686569,83.438581,83.610802,6903300
2022-02-24,84.768385,86.272342,81.404992,85.907745,9698500
2022-02-25,86.035358,89.571929,85.862173,89.435211,8692300
2022-02-28,90.255534,93.846799,89.690416,93.60981,16726100
2022-03-01,93.673622,95.104658,93.135848,93.637169,12340900
2022-03-02,93.154075,93.436641,90.948276,91.823303,12834600
2022-03-03,92.114954,92.379286,89.900038,90.993828,8613500
2022-03-04,91.103229,91.103229,89.535476,90.775093,8627200
2022-03-07,92.32462,93.974411,89.435204,89.499008,12759000
2022-03-08,89.334949,89.690429,86.308809,86.454643,9410600
2022-03-09,86.819234,90.310235,86.819234,89.799797,7100500
2022-03-10,89.480763,90.966492,89.015909,89.790672,5118400
2022-03-11,90.036784,90.920928,88.232041,88.341415,4354300
2022-03-14,88.569281,89.015915,86.965068,88.45079,5581700
2022-03-15,89.216444,89.416972,88.022396,88.979462,5417600
2022-03-16,88.450815,88.997707,85.743694,87.320572,8813000
2022-03-17,88.049741,89.134414,87.347898,89.097954,6537200
2022-03-18,89.325808,89.581023,87.803625,88.88829,10438500
2022-03-21,89.179986,91.896223,89.143532,91.094116,6673700
2022-03-22,90.966501,92.634519,90.155277,92.406647,6048300
2022-03-23,92.206132,93.409296,92.160555,92.269936,4471800
2022-03-24,92.661873,93.15407,92.178779,92.707443,3894600
2022-03-25,92.971776,93.85592,92.898855,93.363716,3521400
2022-03-28,92.670997,93.117631,91.98738,92.598076,4053300
2022-03-29,91.923564,92.424885,90.574566,92.133209,5038200
2022-03-30,92.634521,93.318137,90.930043,91.905334,5168100
2022-03-31,90.492536,91.978266,90.237321,90.301125,5505600
2022-04-01,90.930043,91.558965,90.219083,91.303749,3608600
2022-04-04,91.258177,91.513393,89.836251,90.510757,3812300
2022-04-05,90.674827,91.613659,89.88183,90.064125,4217100
2022-04-06,89.617509,90.492537,89.444324,89.745117,5260800
2022-04-07,89.553696,92.306386,89.234676,92.042061,6151500
2022-04-08,92.953558,93.646284,91.212612,91.513405,4811400
2022-04-11,91.732141,93.837676,91.732141,93.072029,5707600
2022-04-12,93.135846,94.776527,93.035582,93.518669,4839200
2022-04-13,94.174935,95.204914,93.555123,94.220512,5351900
2022-04-14,94.694485,95.68801,94.493956,95.040848,4027400
2022-04-18,95.031739,96.125522,94.712719,95.068199,3873300
2022-04-19,95.195802,96.307818,94.940587,95.296066,4572800
2022-04-20,96.326057,96.63596,95.049973,95.678902,4232200
2022-04-21,96.481004,96.635955,92.424885,92.725677,5795300
2022-04-22,92.470464,93.482216,91.486062,91.595436,4683300
2022-04-25,91.012067,91.075871,88.933876,90.793312,5612500
2022-04-26,88.323184,92.014706,88.213803,90.410492,7199200
2022-04-27,90.437839,91.066768,88.961226,90.091469,6632100
2022-04-28,90.23731,90.474299,88.323187,89.398743,6544200
2022-04-29,89.754202,90.137025,86.235859,86.509308,5883000
2022-05-02,86.144734,86.892154,84.221494,85.880402,7870600
2022-05-03,86.755427,87.621338,85.971547,86.955956,5612200
2022-05-04,86.582245,89.344053,86.545785,89.107071,6160800
2022-05-05,89.143538,89.508128,86.965082,87.794533,5906500
2022-05-06,87.238514,87.548423,85.424654,86.864807,5295000
2022-05-09,86.162956,86.399945,83.173277,83.629021,6071900
2022-05-10,84.257965,85.552276,83.273556,83.574348,7526300
2022-05-11,83.191518,85.798375,82.772234,82.945419,6493900
2022-05-12,82.808685,84.285298,81.979235,83.382927,6356200
2022-05-13,83.902479,84.41291,83.027445,83.783981,5465600
2022-05-16,83.720176,85.260593,83.683716,84.294418,5158500
2022-05-17,85.980666,86.718969,85.224129,86.545784,4447200
2022-05-18,85.980663,86.773653,84.11211,84.412903,5843100
2022-05-19,83.789398,84.779688,82.102243,82.753265,5234700
2022-05-20,83.294246,83.596836,81.08444,82.597382,6585500
2022-05-23,83.074172,84.376216,82.524014,84.202003,4701300
2022-05-24,83.624353,85.659947,82.954996,85.467392,5932000
2022-05-25,85.568237,86.283445,84.898873,85.7883,3742000
2022-05-26,86.66855,87.897244,86.29261,87.108681,5545800
2022-05-27,87.686353,88.685815,87.292072,88.676643,3394200
2022-05-31,87.438805,87.998135,86.76944,87.218742,6478700
2022-06-01,88.034803,88.282372,86.283457,86.934479,4245900
2022-06-02,87.814729,88.309874,86.246774,88.245689,3460300
2022-06-03,87.438767,88.594105,87.374582,88.328194,2837000
2022-06-06,88.933367,89.391834,88.383209,89.135094,3080300
2022-06-07,89.107605,92.316873,88.630803,92.160995,5634600
2022-06-08,91.445787,91.995945,90.739744,90.98732,6666600
2022-06-09,90.162076,90.932297,89.235971,89.290985,4566900
2022-06-10,87.860573,88.658308,86.604372,87.557983,5615900
2022-06-13,85.724129,85.760807,83.789398,84.31205,5419200
2022-06-14,84.75218,85.00892,83.193395,83.734383,3977900
2022-06-15,84.449583,85.449045,83.257574,84.614632,4139200
2022-06-16,83.486815,83.606014,81.616269,82.0839,4517700
2022-06-17,82.028894,82.53321,80.332568,81.49707,7577200
2022-06-21,83.303402,85.595736,82.624873,85.201454,5834200
2022-06-22,83.624316,86.026683,83.514288,84.871346,4481500
2022-06-23,84.816339,85.568224,83.230041,84.13781,3310500
2022-06-24,84.816368,86.531037,84.247867,86.375153,4782200
2022-06-27,86.595218,87.154548,86.045052,86.934479,2942600
2022-06-28,87.50297,88.75,85.898336,85.990028,3358800
2022-06-29,86.393489,86.466845,84.632978,85.549911,2504100
2022-06-30,85.247317,88.273193,85.008912,88.126488,6319100
2022-07-01,88.071464,89.235967,87.420436,88.960884,4221000
2022-07-05,87.035321,87.521295,83.81689,85.201454,4938700
2022-07-06,85.274816,86.851943,84.577944,86.118393,4294700
2022-07-07,86.696064,87.108681,86.017528,86.136734,3212600
2022-07-08,86.457686,87.768901,86.13676,87.218742,2763200
2022-07-11,86.457678,87.23707,86.237616,86.842789,2501400
2022-07-12,86.338484,87.337938,86.017552,86.650238,4667400
2022-07-13,85.100604,86.494347,84.091978,84.18367,5653700
2022-07-14,82.560703,83.165876,81.652941,82.597382,5029700
2022-07-15,83.44095,83.862739,82.799099,83.651848,3965200
2022-07-18,84.577958,84.651315,82.047226,82.340645,5364300
2022-07-19,81.845488,86.200922,81.799639,86.026703,5027600
2022-07-20,85.824981,87.237059,85.394021,86.952812,3849200
2022-07-21,86.723588,87.145377,85.806655,87.007835,3124500
2022-07-22,87.246228,87.759708,86.155074,86.384308,3254200
2022-07-25,86.751087,87.484637,86.219264,86.714409,4769200
2022-07-26,84.825523,85.614086,82.698237,82.74408,8253200
2022-07-27,83.285079,83.285079,81.662102,82.771591,5558900
2022-07-28,82.753248,84.972225,82.753248,84.715485,4490900
2022-07-29,84.339567,85.63244,84.25704,85.467392,4848400
2022-08-01,85.815798,87.072,85.357332,85.494873,5623100
2022-08-02,85.953345,86.906957,84.999734,85.962517,4066800
2022-08-03,85.96252,87.044502,84.733832,86.677727,4491100
2022-08-04,86.778586,86.980313,85.018076,85.07309,4443700
2022-08-05,84.50461,85.366523,84.211184,85.302338,3320200
2022-08-08,85.91667,85.91667,83.404274,83.624336,4607400
2022-08-09,83.90859,84.632968,83.495966,84.302872,3137500
2022-08-10,85.247333,85.935033,84.770523,85.65995,3351300
2022-08-11,85.953364,86.604386,85.329849,85.412376,3487900
2022-08-12,85.531561,87.172873,85.531561,87.117859,3652200
2022-08-15,86.503517,88.163171,86.145913,88.144829,3376600
2022-08-16,87.759714,88.254859,86.998657,87.154541,5851000
2022-08-17,86.292626,87.695534,86.017543,87.099525,3311100
2022-08-18,87.477659,87.634444,86.915071,87.348541,2694500
2022-08-19,86.924281,87.625211,85.900557,86.14035,5024700
2022-08-22,85.135082,85.725337,84.526385,84.646278,5769600
2022-08-23,84.784583,85.448621,84.627798,85.24572,2633900
2022-08-24,85.743773,86.30636,85.586988,86.057343,3065800
2022-08-25,86.536917,88.74115,86.472359,88.658142,4257700
2022-08-26,89.11006,89.303737,86.22334,86.251007,2805700
2022-08-29,85.457867,85.762212,84.185125,84.959839,3799000
2022-08-30,85.208856,85.319531,83.308974,83.770111,3463000
2022-08-31,83.917673,84.148241,82.737164,82.774055,4665700
2022-09-01,82.460486,82.589604,80.680498,81.187744,6151900
2022-09-02,82.054671,82.783268,80.505251,80.781929,4171600
2022-09-06,80.892622,81.492102,79.859673,80.385376,4557400
2022-09-07,79.610665,80.892625,78.716059,80.652832,5333100
2022-09-08,80.099461,80.320805,78.808276,79.832001,5758400
2022-09-09,80.330029,81.492095,79.767441,81.196968,4126800
2022-09-12,81.473638,81.796439,80.708156,80.975616,5437000
2022-09-13,79.453871,80.182468,76.862277,77.212746,5867700
2022-09-14,77.747653,80.745041,76.816154,79.684425,7737900
2022-09-15,79.361651,80.191692,78.513154,78.955849,5054600
2022-09-16,78.227252,79.499987,77.932124,78.577713,8211100
2022-09-19,77.886016,78.706839,77.507887,78.347153,5587000
2022-09-20,77.996688,78.835961,77.212757,78.531609,3861500
2022-09-21,80.385382,81.150864,77.729229,77.766121,7047100
2022-09-22,77.470968,77.959772,76.733146,76.963715,4950300
2022-09-23,76.428812,76.576372,74.482814,75.654099,6725900
2022-09-26,75.248292,75.986114,74.455143,74.787155,4843500
2022-09-27,75.229843,75.672537,74.030885,74.704147,6119300
2022-09-28,74.907063,77.360307,74.510485,76.825394,6066600
2022-09-29,76.244362,76.511822,75.09152,75.94001,6989900
2022-09-30,76.032242,76.42882,75.414314,75.497322,6403900
2022-10-03,76.46571,77.535544,75.635662,76.650162,4303400
2022-10-04,77.701533,79.582972,77.498632,78.882042,4432100
2022-10-05,77.987458,79.297092,77.581662,78.586937,3800400
2022-10-06,78.190354,78.826725,77.489424,77.729218,3192700
2022-10-07,77.249641,77.553986,76.281251,77.480209,4417500
2022-10-10,78.236467,79.287858,77.120517,77.618546,3645400
2022-10-11,77.231183,78.891278,76.834605,78.015114,4547700
2022-10-12,77.950552,78.052002,76.48414,76.539474,5489100
2022-10-13,75.119173,78.522364,74.694928,78.273354,5049000
2022-10-14,78.780614,78.780614,75.764782,76.170578,4614600
2022-10-17,77.664664,78.799064,77.314203,77.904457,4442000
2022-10-18,79.241748,81.206195,78.780611,80.569824,5779100
2022-10-19,80.376145,82.036233,80.09946,80.818832,4573700
2022-10-20,80.984856,81.565893,80.053364,80.45916,3663100
2022-10-21,80.477602,81.990131,79.749005,81.658112,5422900
2022-10-24,82.174563,83.419631,82.082337,82.7556,7727800
2022-10-25,81.611981,82.082343,79.17718,81.492088,7561000
2022-10-26,81.713451,85.033635,81.713451,83.484215,6668600
2022-10-27,83.871563,86.121906,83.843896,84.664719,6420800
2022-10-28,85.310321,87.763572,84.913743,87.689789,6360800
2022-10-31,87.366973,87.717434,86.555368,87.449974,4933000
2022-11-01,87.920352,88.612057,87.662116,88.123253,5217500
2022-11-02,87.754328,89.137738,86.721379,86.832054,5326000
2022-11-03,86.121908,88.381482,85.799113,87.431541,4141600
2022-11-04,87.957244,88.446047,86.121914,87.818901,4247800
2022-11-07,88.252366,88.861063,87.938789,88.695053,3295600
2022-11-08,88.750385,89.128513,87.671319,88.78727,3927500
2022-11-09,88.390684,88.934829,87.63442,87.73587,3478700
2022-11-10,89.368312,90.401254,88.26158,90.235245,4764100
2022-11-11,89.589659,89.644993,85.568545,86.370926,6937600
2022-11-14,86.370945,87.191768,85.697682,85.725349,4942400
2022-11-15,86.343265,88.492157,86.085022,88.344597,7506500
2022-11-16,88.141685,88.778056,86.924284,87.01651,4813000
2022-11-17,86.283638,87.795756,86.163035,87.69371,3256300
2022-11-18,88.779108,89.67896,88.324546,88.463699,4073300
2022-11-21,88.370927,89.511971,88.074069,89.242943,3271700
2022-11-22,90.040744,90.532414,89.530524,89.845932,3031500
2022-11-23,89.836654,90.189177,89.623291,90.105682,2172300
2022-11-25,90.30978,90.727241,90.152076,90.421104,1313200
2022-11-28,90.050008,90.912751,89.484122,89.892303,4662300
2022-11-29,89.799558,90.829285,89.623297,90.383995,2916100
2022-11-30,90.467482,91.692021,89.094517,91.580704,6191200
2022-12-01,91.95179,92.731039,91.348795,92.304306,4084200
2022-12-02,91.543594,93.834968,91.543594,93.705093,4339700
2022-12-05,92.526926,93.964835,92.304285,93.398949,4532000
2022-12-06,93.992696,94.1504,91.070497,91.590004,3809700
2022-12-07,91.738395,92.424877,91.34877,91.877548,3220500
2022-12-08,92.434167,93.027883,92.016713,92.295013,2780100
2022-12-09,92.063106,93.083554,91.126153,91.163254,3328400
2022-12-12,91.469397,92.406357,91.37663,92.35997,4578700
2022-12-13,94.224589,94.586384,92.452722,92.666084,7098700
2022-12-14,93.037164,93.60305,92.230078,92.721748,4939100
2022-12-15,92.536213,92.573321,90.263396,91.367332,4843000
2022-12-16,90.41183,91.497216,89.298616,91.228188,7610800
2022-12-19,91.376627,92.026001,90.096429,90.486053,4732700
2022-12-20,90.35616,91.80334,90.254114,91.07975,3907000
2022-12-21,91.85902,92.628997,91.562162,92.545509,3610000
2022-12-22,92.267174,92.406327,89.966528,91.38588,3165000
2022-12-23,91.385898,92.220812,90.940607,92.118767,2119300
2022-12-27,92.397055,92.99077,92.146584,92.452721,2600200
2022-12-28,92.536223,93.083552,91.942508,91.970337,2418700
2022-12-29,92.053832,93.324751,91.914678,93.07428,2940600
2022-12-30,93.027882,93.705092,92.564041,93.621597,2984100
2023-01-03,93.686529,93.909178,92.860894,93.519547,3532300
2023-01-04,93.241249,94.716259,93.148482,93.547379,5635100
2023-01-05,93.018617,94.12256,92.452738,93.584503,4967200
2023-01-06,94.530733,96.432475,93.974125,95.050232,6411700
2023-01-09,95.300719,95.347099,91.636373,92.397072,6377300
2023-01-10,92.230083,93.770038,91.859009,92.693924,4701900
2023-01-11,92.879449,93.074261,91.775506,92.387772,4518700
2023-01-12,92.628972,93.454607,92.332114,93.398949,4221400
2023-01-13,90.671587,91.886854,90.458224,91.54361,4968000
2023-01-17,92.072382,92.443456,91.246746,91.311684,3959000
2023-01-18,91.525058,91.525058,88.751286,88.816223,5321800
2023-01-19,88.343108,88.621408,87.350489,87.424698,4641500
2023-01-20,87.341199,87.610227,86.589772,87.536011,8216200
2023-01-23,87.944194,89.920153,87.675166,89.28933,5686600
2023-01-24,91.719867,92.601161,87.220606,92.276474,8308000
2023-01-25,92.118752,92.777405,90.523139,92.777405,5967300
2023-01-26,93.398972,93.630892,91.961063,93.000069,4302900
2023-01-27,92.628992,93.269095,92.146601,92.397072,3365800
2023-01-30,92.30428,92.582587,90.782884,91.571411,4607300
2023-01-31,91.654921,92.749586,91.126143,92.628983,4099500
2023-02-01,92.703192,92.75885,90.541693,91.302391,5155100
2023-02-02,91.181808,91.302404,89.595474,89.94799,6035700
2023-02-03,89.762443,90.717953,89.419198,89.502693,3844300
2023-02-06,89.753153,90.903476,89.706766,90.578789,5243000
2023-02-07,90.133507,91.098289,88.87186,90.79216,3814500
2023-02-08,90.300511,91.144704,90.217023,90.588097,3789500
2023-02-09,90.959161,91.385894,90.254121,90.773621,3670900
2023-02-10,91.126136,93.417503,91.0983,93.334015,5291000
2023-02-13,93.807135,94.085435,92.870174,93.287628,5238600
2023-02-14,93.009351,94.679173,93.000072,94.039078,3699700
2023-02-15,93.695818,94.187488,93.417511,94.122551,2551000
2023-02-16,93.14847,94.122531,92.703179,93.667969,3524300
2023-02-17,93.556657,94.252418,93.055708,94.16893,6507500
2023-02-21,94.809034,95.226495,93.120654,93.371132,3853000
2023-02-22,93.44534,93.807135,92.610426,93.241249,4489800
2023-02-23,93.763598,93.884864,92.159213,92.942749,3227800
2023-02-24,92.625619,92.933433,91.776781,92.92411,3915000
2023-02-27,93.25991,93.306545,92.364429,92.495026,2986700
2023-02-28,92.597628,92.784189,91.245092,91.496941,4470000
2023-03-01,91.450302,91.944677,90.946597,91.450302,3739900
2023-03-02,90.946586,92.653585,90.946586,92.345764,4134400
2023-03-03,92.513675,92.644264,91.655514,92.364426,5072800
2023-03-06,92.364433,93.362513,92.196531,92.821503,5064700
2023-03-07,93.008048,93.213262,91.571557,91.580887,5139300
2023-03-08,91.412987,91.981987,90.163058,90.853317,4299000
2023-03-09,91.394338,91.394338,89.099679,89.482124,4912700
2023-03-10,89.220936,90.526837,88.810508,89.547409,6340100
2023-03-13,88.512028,91.636858,88.362786,90.909286,7757700
2023-03-14,91.664845,92.476371,90.871978,91.711487,6407400
2023-03-15,90.442893,90.722731,88.372107,89.388847,5755300
2023-03-16,88.941102,92.009968,88.614629,91.48761,4635500
2023-03-17,91.189118,91.19844,89.07169,89.314217,8157800
2023-03-20,89.929864,91.235758,89.836579,90.974579,3972700
2023-03-21,92.317791,92.625612,91.385005,91.422318,5135500
2023-03-22,91.664852,91.93536,90.191056,90.200378,4042000
2023-03-23,90.760033,90.899945,89.220936,89.547409,4352100
2023-03-24,88.997072,90.181707,88.558662,89.95784,4711900
2023-03-27,90.862656,90.862656,89.911211,90.396263,3591700
2023-03-28,90.284326,90.592147,90.116424,90.293655,2324600
2023-03-29,90.666763,91.20778,90.666763,91.133156,3187400
2023-03-30,91.133154,91.273073,90.657439,90.82534,5296700
2023-03-31,91.394337,91.459631,90.937266,91.347694,4652700
2023-04-03,91.66484,94.062099,91.506269,93.81958,4312500
2023-04-04,93.819583,94.640432,92.429727,92.821503,3239800
2023-04-05,92.569651,92.896124,92.065946,92.121918,3841700
2023-04-06,92.131221,92.830811,91.468945,91.608864,3430400
2023-04-10,91.375683,93.064023,91.086522,92.92411,3947600
2023-04-11,93.017387,93.782271,92.728226,93.017387,3408600
2023-04-12,94.21135,95.47061,94.052779,94.696396,4710100
2023-04-13,94.351267,95.013544,93.744955,94.845642,3932500
2023-04-14,94.388579,94.873625,94.183365,94.845642,3017700
2023-04-17,95.060187,96.347429,94.95758,96.179527,4007400
2023-04-18,96.431372,97.671978,96.2728,97.625343,4949200
2023-04-19,97.597356,97.858542,96.879114,97.093651,5004500
2023-04-20,96.179522,96.375406,95.43329,95.927666,3937600
2023-04-21,96.086246,96.300783,95.022871,95.377327,3315300
2023-04-24,95.489264,95.731784,94.789675,95.573212,3962100
2023-04-25,94.854973,95.722464,93.297215,94.295296,4638900
2023-04-26,93.716967,94.015458,90.648102,91.114494,5219300
2023-04-27,91.114487,92.99871,90.899943,92.709549,4010600
2023-04-28,92.411074,93.194617,92.149895,93.185287,2875900
2023-05-01,93.213272,94.565808,93.129318,93.586388,3481400
2023-05-02,93.42782,93.42782,91.664848,92.224525,3377500
2023-05-03,92.168538,92.495019,90.517511,90.629448,3610800
2023-05-04,90.480211,90.73206,88.484051,89.472801,4414800
2023-05-05,89.855259,90.284339,89.276929,90.088455,3260400
2023-05-08,90.191029,90.890618,89.025047,89.118324,4243600
2023-05-09,89.202281,90.274986,88.91312,89.799263,2928400
2023-05-10,90.312308,90.48021,88.997084,89.827263,3329300
2023-05-11,89.230261,89.715306,88.539995,89.118324,3327100
2023-05-12,89.519449,90.069789,89.23961,89.538101,2756000
2023-05-15,89.519449,90.228368,89.407512,90.200378,2556100
2023-05-16,90.060464,90.060464,89.006412,89.043724,2534100
2023-05-17,89.32354,90.815995,89.32354,90.079094,4626800
2023-05-18,89.900794,90.473291,89.234445,90.219887,4277600
2023-05-19,90.651605,90.8487,89.628622,90.219887,3528700
2023-05-22,90.004021,90.360656,89.196893,89.778778,3976100
2023-05-23,88.999803,89.412747,88.286526,88.295914,4388700
2023-05-24,88.014344,88.774542,87.423079,87.901726,3670500
2023-05-25,87.760973,87.958061,86.400115,87.394951,5340500
2023-05-26,87.958062,88.821499,87.394952,87.526344,4056700
2023-05-30,87.291701,87.807883,86.634733,87.11338,4559300
2023-05-31,86.691044,87.160304,86.296861,86.475182,9972500
2023-06-01,86.60658,88.352227,86.578425,88.305298,5636400
2023-06-02,89.121814,90.492052,88.783946,90.172958,5559200
2023-06-05,90.670363,90.951921,89.769385,89.863235,3811400
2023-06-06,90.229285,91.683994,89.497241,91.449364,4947600
2023-06-07,91.543199,92.716349,90.689143,92.528641,4275400
2023-06-08,92.378479,93.410849,92.153236,92.988518,3269300
2023-06-09,93.317007,93.382703,92.772664,93.232536,2518100
2023-06-12,93.279455,93.654864,92.960362,93.30761,3527500
2023-06-13,93.851959,94.490152,93.401466,93.56102,4053500
2023-06-14,93.579786,93.683023,90.614068,90.905006,6363800
2023-06-15,91.205321,92.322162,91.073929,91.974907,4530100
2023-06-16,92.162606,92.922812,90.858065,91.730888,9037900
2023-06-20,92.350327,92.875896,91.5432,91.693359,6935100
2023-06-21,91.693352,93.805021,91.402413,92.979126,4776500
2023-06-22,92.538017,92.566171,90.660978,90.961304,4531500
2023-06-23,90.754832,91.308562,90.416964,90.951927,6213400
2023-06-26,90.079111,90.670376,88.924729,90.614067,3993600
2023-06-27,90.426365,90.801774,89.957105,90.595299,4048200
2023-06-28,90.463895,90.473282,89.271979,89.975868,4014900
2023-06-29,90.097871,91.871672,89.957091,91.787209,4071400
2023-06-30,92.06877,92.340942,91.299184,91.937378,4402000
2023-07-03,91.496266,92.763266,91.336719,92.340935,2149900
2023-07-05,91.993689,92.40664,91.449353,92.200165,3247400
2023-07-06,91.881064,92.669417,91.364875,92.021843,3679600
2023-07-07,92.049991,92.416013,91.383643,91.430565,4569600
2023-07-10,91.421189,92.284625,91.28979,91.486885,3300300
2023-07-11,91.130244,92.059376,90.604675,92.003067,6209900
2023-07-12,92.575567,92.725734,90.773612,90.867462,4943300
2023-07-13,90.651595,91.46811,90.370044,91.195938,3357600
2023-07-14,91.120852,91.177168,89.844472,90.257416,3454600
2023-07-17,90.182354,90.923785,89.722481,90.398216,3268800
2023-07-18,90.492046,91.674583,89.619223,89.872627,5464600
2023-07-19,89.947718,90.53899,89.412762,89.694321,4133300
2023-07-20,90.285569,91.299172,90.069714,91.186554,4314600
2023-07-21,91.224096,91.449346,90.44513,90.463898,3274900
2023-07-24,90.942539,91.205323,90.576517,91.045776,4741800
2023-07-25,80.581286,81.885828,76.348561,81.745049,49625600
2023-07-26,81.482267,81.838902,79.642769,80.99424,20124000
2023-07-27,80.52498,81.857676,79.239206,79.933708,14092700
2023-07-28,80.243426,82.167394,80.149576,81.970299,11617700
2023-07-31,82.073532,83.237302,81.857677,82.524025,10177400
2023-08-01,81.791991,82.78682,81.716908,82.561577,6780400
2023-08-02,82.120452,82.514629,80.027551,80.205872,8610900
2023-08-03,80.271574,80.487437,79.173508,79.464447,7947300
2023-08-04,79.821089,79.961861,79.154734,79.35183,5573300
2023-08-07,79.539536,80.496823,79.501994,80.215271,6740900
2023-08-08,79.783539,81.116235,79.455059,80.90976,7220000
2023-08-09,80.787755,82.505247,80.684517,82.373848,8802600
2023-08-10,81.951537,82.655427,80.806542,80.919167,5359700
2023-08-11,80.637586,81.529184,80.618819,81.501022,3778800
2023-08-14,81.501035,81.75444,80.928545,81.125633,3521800
2023-08-15,80.825303,80.928541,80.327882,80.393585,4174900
2023-08-16,80.280965,80.515595,79.858627,79.905556,4207700
2023-08-17,80.293037,81.011292,79.886658,80.472603,5090700
2023-08-18,79.990608,81.493271,79.97171,81.086891,8150400
2023-08-21,80.916786,81.285362,80.538757,80.822273,4494800
2023-08-22,81.105782,81.105782,80.387528,80.6427,3924500
2023-08-23,80.850624,81.417664,80.614357,81.313705,4462000
2023-08-24,80.803375,81.427124,80.472603,80.472603,3905800
2023-08-25,80.812821,81.020737,80.000061,80.037865,4737600
2023-08-28,80.179604,81.323143,80.151253,81.030167,4834600
2023-08-29,81.049087,81.408211,80.585999,80.661606,5130900
2023-08-30,80.935676,81.965805,80.850624,81.682281,4469800
2023-08-31,81.937447,82.239869,81.304253,81.313705,4914500
2023-09-01,81.852394,81.928001,81.171944,81.54052,2583000
2023-09-05,81.512169,81.559426,80.349732,80.37809,4973800
2023-09-06,80.207978,80.302483,78.676964,78.922684,7528800
2023-09-07,79.2062,79.773247,79.102242,79.697639,6376700
2023-09-08,79.697647,79.763802,78.384003,78.894341,5984000
2023-09-11,75.794496,76.078019,71.815758,72.675774,24520700
2023-09-12,70.596611,71.551132,69.613746,71.40937,17931800
2023-09-13,71.40937,72.448951,71.314865,71.40937,11613000
2023-09-14,69.632659,71.484993,69.575958,71.352684,15600400
2023-09-15,70.974648,72.20324,70.955749,71.6362,16049800
2023-09-18,71.740166,72.307206,70.993561,71.050262,9847200
2023-09-19,70.861252,71.28653,70.332008,70.955757,11389300
2023-09-20,71.777955,71.976425,70.294197,70.341454,10817900
2023-09-21,70.1997,70.36036,68.460777,68.649788,12456600
2023-09-22,68.62143,68.697037,67.506249,67.64801,9673000
2023-09-25,67.383407,68.139458,67.118782,68.092209,10430100
2023-09-26,67.506263,68.44188,67.402305,68.290672,10323600
2023-09-27,68.753746,69.301887,68.470222,68.876602,9391800
2023-09-28,68.252861,69.065621,67.997688,68.044945,8490600
2023-09-29,68.328476,68.536385,67.62912,68.016602,6366300
2023-10-02,67.799225,67.988243,67.005371,67.421196,6791300
2023-10-03,67.487343,68.281197,66.570625,66.702934,8175800
2023-10-04,66.277657,66.353264,65.417648,66.268211,10264000
2023-10-05,66.211502,66.504478,65.455452,65.568855,7402600
2023-10-06,65.304237,66.523376,64.793899,65.937431,8540300
2023-10-09,68.753738,69.226273,67.874824,68.980553,13726200
2023-10-10,69.424744,69.613762,68.65924,69.320786,10633900
2023-10-11,69.301887,69.301887,68.630889,69.282982,7349800
2023-10-12,69.37751,69.509819,68.31903,69.273552,6921300
2023-10-13,69.868919,70.313103,69.084511,69.226273,8661900
2023-10-16,69.594872,70.029602,68.602546,69.916199,6299700
2023-10-17,69.698822,70.804551,69.320793,69.831131,8035100
2023-10-18,69.944526,70.785637,69.859466,70.161888,7791000
2023-10-19,69.916191,70.738396,69.793327,69.831131,7421400
2023-10-20,70.020143,70.076852,68.498589,68.564743,7995600
2023-10-23,68.593086,69.944534,68.536377,69.112869,8357200
2023-10-24,74.424156,74.471412,72.732482,74.074478,25548200
2023-10-25,74.991196,74.991196,73.497986,74.102837,22157600
2023-10-26,73.715355,75.444832,73.630302,74.802185,33222400
2023-10-27,74.216248,75.388131,74.112289,74.811646,21946800
2023-10-30,74.726586,75.416489,73.497993,74.254051,23380600
2023-10-31,74.518661,77.07035,74.405257,76.919136,18663800
2023-11-01,77.495621,78.251679,76.862427,77.637383,20200200
2023-11-02,77.826401,78.629708,77.712997,78.23278,15755700
2023-11-03,78.601349,79.253449,78.128815,78.176071,21269500
2023-11-06,78.157166,78.393433,77.552323,77.87365,5950700
2023-11-07,77.873657,78.147728,77.618484,78.128822,6352900
2023-11-08,78.29895,78.70533,77.97763,78.629723,9844700
2023-11-09,79.064446,79.244004,77.627937,77.902008,9638100
2023-11-10,78.21389,78.308396,77.28772,77.703552,10351200
2023-11-13,77.741356,78.261139,77.117607,77.523987,7740300
2023-11-14,77.665742,77.731896,76.181984,76.257591,13128900
2023-11-15,76.087471,76.786819,75.397568,76.200874,10757800
2023-11-16,76.610246,76.952979,76.096146,76.38176,7578700
2023-11-17,76.772099,76.810182,75.610616,75.858147,7343900
2023-11-20,75.743913,75.991444,75.201253,75.37262,8359300
2023-11-21,75.144121,75.305965,74.363453,74.401535,7125000
2023-11-22,74.268244,76.039029,74.258721,75.991425,7024900
2023-11-24,75.991447,76.248493,75.620154,76.143776,2346300
2023-11-27,75.934309,76.153273,75.334523,75.658218,9378400
2023-11-28,76.153285,76.914916,75.753432,76.343697,7094800
2023-11-29,76.372256,77.429016,76.277054,77.067238,6852100
2023-11-30,77.248127,77.990714,77.162448,77.571823,8366100
2023-12-01,77.571808,78.4572,77.467083,78.371513,5487400
2023-12-04,78.133522,79.199804,78.00976,79.142677,5525300
2023-12-05,78.952264,79.352117,78.695218,78.723778,5945700
2023-12-06,78.657141,79.428287,78.38105,78.742821,6125800
2023-12-07,79.018911,79.161718,77.524216,77.590858,5443900
2023-12-08,77.771743,78.162073,77.267165,77.419487,5535000
2023-12-11,77.429006,78.342958,77.429006,77.962143,5897300
2023-12-12,77.314768,77.667023,77.029162,77.152924,6811200
2023-12-13,77.295733,79.39973,76.657864,79.228363,8057900
2023-12-14,79.847186,80.056628,77.505181,77.933594,11124700
2023-12-15,77.819345,78.057354,75.848633,76.429375,19196600
2023-12-18,76.505529,77.581326,76.505529,76.819702,7701100
2023-12-19,77.038671,78.695217,77.038671,78.657135,9912600
2023-12-20,78.257281,78.92371,77.647979,77.724144,6961800
2023-12-21,78.104953,79.009383,77.467091,78.076393,7732800
2023-12-22,78.15255,79.837656,78.104953,79.237877,9769500
2023-12-26,79.161714,80.256556,79.095072,80.018547,4442600
2023-12-27,79.875743,80.418403,79.685332,80.13279,5440600
2023-12-28,80.13279,80.551687,80.056625,80.13279,4622700
2023-12-29,80.170867,80.361279,79.761492,80.104225,4624800
2024-01-02,80.018544,81.894047,79.932857,81.132423,10455600
2024-01-03,81.379954,82.731842,81.256184,81.503716,9957500
2024-01-04,81.865491,82.436711,81.246667,81.313316,6656500
2024-01-05,81.646522,81.646522,80.789689,81.284744,6796100
2024-01-08,80.837301,82.046382,80.656412,81.722687,7625700
2024-01-09,81.646519,81.855967,80.89441,81.684601,5400500
2024-01-10,81.684611,82.31295,81.551327,81.95118,5706500
2024-01-11,81.789327,81.884529,80.665926,81.227623,5860100
2024-01-12,82.408158,82.570009,81.865498,82.189194,5277300
2024-01-16,81.979729,82.141573,80.961052,81.398987,9568200
2024-01-17,81.332352,82.646157,80.846812,80.970581,7669600
2024-01-18,80.970592,81.722694,80.732583,81.370445,6594800
2024-01-19,81.484671,81.684605,80.380314,81.427551,7509600
2024-01-22,81.694133,82.046388,80.932509,80.942024,14052800
2024-01-23,83.998044,87.948984,83.740991,85.25473,19434800
2024-01-24,85.330901,85.730761,84.445508,85.197617,12872300
2024-01-25,85.921165,86.739916,85.283303,86.578072,10584600
2024-01-26,86.340055,86.844632,85.816433,86.073486,5987400
2024-01-29,86.102041,86.330527,85.39753,85.759308,8488700
2024-01-30,85.835481,86.720867,85.740272,86.254372,9073500
2024-01-31,86.501904,87.453939,86.34006,86.749435,5560700
2024-02-01,87.301604,87.758584,86.406696,87.749062,13827100
2024-02-02,87.8157,88.253635,87.063592,87.568176,6067800
2024-02-05,86.882714,88.206042,86.530459,87.815704,6764600
2024-02-06,87.063599,88.225083,86.816076,87.85379,4718000
2024-02-07,88.139408,88.358372,87.41586,87.520584,4625200
2024-02-08,87.444417,87.958517,86.568547,86.673271,6197500
2024-02-09,86.758928,87.215907,85.997304,86.168671,5948100
2024-02-12,86.168699,87.501549,85.90213,86.768478,5483500
2024-02-13,86.825592,87.320654,85.549869,86.24485,6039600
2024-02-14,86.59711,87.206411,86.501908,87.006485,6677900
2024-02-15,87.02552,87.825226,86.920796,87.387291,5267200
2024-02-16,86.968403,87.672907,86.587587,86.644714,4949800
2024-02-20,87.11119,87.863298,86.235319,86.616135,6023700
2024-02-21,86.60662,87.063593,85.692668,85.883072,13186100
2024-02-22,85.978909,86.084323,85.193101,85.796829,7600000
2024-02-23,85.768084,86.716802,85.566842,86.256821,5810000
2024-02-26,86.304736,87.061796,86.180159,86.266403,5293500
2024-02-27,86.275982,86.707222,85.720165,86.649719,4853900
2024-02-28,86.640136,87.445107,85.80641,86.170563,5626100
2024-02-29,86.640134,86.783873,85.528499,85.930984,5874800
2024-03-01,85.978907,86.285563,85.241009,86.055573,13566500
2024-03-04,86.333475,86.381393,85.423091,86.160988,6926100
2024-03-05,85.969321,87.071371,85.863907,86.304726,6747600
2024-03-06,86.113069,86.965958,85.99807,86.496391,5563800
2024-03-07,86.755129,87.435523,86.275978,86.7743,6778500
2024-03-08,86.515566,87.119301,86.381404,87.090546,5727600
2024-03-11,86.429314,88.00093,86.429314,87.58886,7273200
2024-03-12,87.080962,87.263034,85.710589,86.199318,9439800
2024-03-13,86.314316,86.937214,86.07474,86.783882,8664500
2024-03-14,88.221332,89.122139,87.665522,87.933846,12161400
2024-03-15,87.253448,89.189215,87.253448,89.055054,35743600
2024-03-18,88.968808,90.003776,88.499241,89.562958,7075400
2024-03-19,90.511679,91.412486,90.109194,90.904587,7998800
2024-03-20,91.038751,91.537065,90.406268,90.895004,7854200
2024-03-21,91.038747,91.508313,90.15711,90.329605,6477500
2024-03-22,90.262522,91.834137,90.262522,91.556229,6802000
2024-03-25,91.719153,92.227052,91.297497,91.642487,5229300
2024-03-26,91.64248,92.524124,91.594569,92.05455,5474300
2024-03-27,92.409124,93.434507,92.313295,93.386589,7267800
2024-03-28,93.616589,93.990326,93.405761,93.463257,10701000
2024-04-01,93.396161,94.076555,93.089505,93.683655,9504500
2024-04-02,93.683675,94.584474,93.51118,94.440735,6759600
2024-04-03,93.214083,93.971143,92.984093,93.482414,15885400
2024-04-04,94.181986,95.197785,93.817834,95.169037,13373200
2024-04-05,95.303188,97.507287,95.303188,97.449791,10216500
2024-04-08,97.449794,97.996026,97.047301,97.631866,9901300
2024-04-09,96.855649,97.401881,96.108174,97.363548,9652900
2024-04-10,96.711897,97.516875,96.050673,97.133553,5532900
2024-04-11,97.123976,97.334804,95.629026,96.577744,6786100
2024-04-12,97.478547,98.082275,95.322366,95.926094,7327300
2024-04-15,97.325213,97.574374,95.734435,95.849426,9636600
2024-04-16,96.069836,97.095219,96.050673,96.635231,7088600
2024-04-17,97.037717,97.545616,95.974001,96.548981,5377600
2024-04-18,96.328578,97.651041,96.319001,96.510658,4238600
2024-04-19,97.296463,97.996027,96.817311,97.325211,10328800
2024-04-22,97.746866,97.986442,97.143138,97.325211,7594100
2024-04-23,96.788565,99.558059,95.715264,97.152718,8568200
2024-04-24,97.478548,97.641458,95.839851,96.807732,7722100
2024-04-25,96.692718,97.63185,96.395639,97.468941,6186100
2024-04-26,97.306049,97.55521,96.108171,97.181473,4428300
2024-04-29,97.603123,98.331435,97.411466,98.168526,4469700
2024-04-30,98.072688,98.532677,97.23897,97.28688,5421800
2024-05-01,97.095211,97.775605,96.922716,96.999382,9982500
2024-05-02,96.980225,97.660627,96.807731,97.641457,6084400
2024-05-03,97.746863,97.909772,96.472319,97.171883,13324700
2024-05-06,97.545623,97.794783,97.382713,97.660622,3408700
2024-05-07,98.005613,98.954338,97.861874,98.925591,6933000
2024-05-08,98.935156,99.749712,98.523086,99.605972,5177600
2024-05-09,99.768887,101.350088,99.740139,101.330917,7211300
2024-05-10,101.58007,102.087969,101.139252,101.886726,5626100
2024-05-13,102.001733,103.324188,101.273421,101.38842,6045500
2024-05-14,101.388408,101.857974,101.244661,101.292572,3726200
2024-05-15,101.091338,101.560912,100.755934,100.957176,5688300
2024-05-16,100.745083,101.574181,100.40766,100.494423,8723800
2024-05-17,100.928269,101.015031,99.983479,100.436592,8500900
2024-05-20,100.658324,101.632028,100.600475,101.246399,4412800
2024-05-21,101.419931,102.123704,101.323526,101.64167,4754800
2024-05-22,101.83447,102.625005,101.622381,102.490036,3626300
2024-05-23,102.615379,103.463756,101.554899,101.622391,5787100
2024-05-24,102.027292,102.7407,102.027292,102.451477,3431300
2024-05-28,102.220108,102.52861,101.497057,101.728432,5137200
2024-05-29,101.246389,101.439207,100.745077,100.812561,4796800
2024-05-30,101.130714,102.046576,100.822213,101.921249,4391300
2024-05-31,102.017664,104.003642,101.670599,103.936157,10411800
2024-06-03,103.386622,104.745961,102.981715,103.511955,5908800
2024-06-04,103.550528,104.49531,103.078129,104.022919,7998000
2024-06-05,104.128961,104.62063,103.618006,104.54351,3141000
2024-06-06,104.485665,104.572435,103.878305,104.292854,3875000
2024-06-07,104.215722,104.659192,104.003626,104.225365,3526500
2024-06-10,104.119317,104.215723,102.837105,103.242012,5917400
2024-06-11,102.56717,103.299864,102.326153,103.078125,5769500
2024-06-12,103.164899,103.849386,102.75035,102.933517,3429800
2024-06-13,102.7407,103.020281,100.108792,101.256035,7112900
2024-06-14,100.831845,101.217473,99.723173,100.484787,4917200
2024-06-17,100.263058,100.735449,99.752103,100.716171,3943500
2024-06-18,100.812568,101.525976,100.629393,101.005379,3991300
2024-06-20,100.870402,101.930882,100.793282,101.294594,6996400
2024-06-21,101.410302,102.37437,100.918625,101.815208,13310900
2024-06-24,101.940531,103.618015,97.31301,98.296356,13704800
2024-06-25,97.746817,99.009743,96.435684,97.920349,9330900
2024-06-26,97.303369,97.74684,96.551397,97.621513,6953800
2024-06-27,97.823957,98.122816,96.821326,97.004501,6955400
2024-06-28,97.274453,97.274453,96.464632,96.782776,13853200
2024-07-01,97.255166,98.026423,95.74158,95.972961,4475200
2024-07-02,95.722289,97.014136,95.510193,96.802048,8299900
2024-07-03,97.27444,97.409409,96.773121,97.120186,2149200
2024-07-05,96.879172,96.956299,95.982589,96.763489,6153300
2024-07-08,97.033429,97.573305,96.387506,96.503189,8738100
2024-07-09,96.638157,98.026417,96.42606,97.476898,5648900
2024-07-10,97.274444,97.544381,95.84762,97.062347,6483600
2024-07-11,96.908086,98.961555,96.61887,98.064972,7592400
2024-07-12,98.334908,99.154364,97.390118,97.640778,6003000
2024-07-15,98.614483,98.961548,97.872147,97.968559,3776300
2024-07-16,98.209599,99.964202,98.093908,99.954559,4341200
2024-07-17,100.089518,101.497056,100.089518,101.217476,5433000
2024-07-18,101.227117,101.670588,100.050953,100.108795,4450100
2024-07-19,100.745083,100.745083,98.951917,99.115807,7229600
2024-07-22,98.99049,100.089527,98.932649,100.041321,6207900
2024-07-23,100.041318,101.786286,99.896714,101.198204,7602000
2024-07-24,101.275321,102.056213,100.282325,101.063225,7180200
2024-07-25,106.269199,111.658334,105.51722,109.392776,14997000
2024-07-26,109.865157,111.089527,109.421687,109.855515,7526300
2024-07-29,109.903734,110.511095,109.22889,110.327927,4138900
2024-07-30,111.060595,112.824841,110.443592,112.680229,6074400
2024-07-31,113.277976,113.972106,112.275345,113.268333,6780400
2024-08-01,113.490055,113.75035,111.889699,112.545265,5135100
2024-08-02,112.072883,114.049224,110.935282,112.256058,4578400
2024-08-05,110.973843,112.256055,110.260435,111.031685,5888600
2024-08-06,111.436588,112.622395,110.019415,110.289352,4642400
2024-08-07,110.192959,111.812593,109.52775,110.048347,5553200
2024-08-08,109.807324,111.677611,109.614506,110.964203,8889100
2024-08-09,110.906363,112.111447,110.742473,111.976479,5534300
2024-08-12,112.660969,113.22013,111.600495,112.410309,8602000
2024-08-13,112.593481,113.046594,111.899351,112.660965,5911900
2024-08-14,112.641685,113.596117,112.458517,113.422585,5826700
2024-08-15,114.251667,114.714416,113.306878,114.107056,5629900
2024-08-16,114.242772,114.969692,113.952001,114.320305,5251500
2024-08-19,114.368757,114.872752,114.349376,114.707985,5389900
2024-08-20,114.688616,115.027844,113.632155,114.320305,6129200
2024-08-21,114.853366,114.989058,113.351062,113.651527,3050900
2024-08-22,113.74846,114.426915,113.573998,114.388145,3743600
2024-08-23,114.649831,115.231366,114.281528,114.872749,3427500
2024-08-26,115.037524,116.04552,114.746753,115.047211,6260400
2024-08-27,115.027841,115.909833,114.746764,115.812912,4101200
2024-08-28,116.084288,117.615669,115.997062,117.121361,4287200
2024-08-29,117.363664,118.96289,116.830594,118.526741,3547800
2024-08-30,118.294122,119.893341,118.206888,119.544418,6372000
2024-09-03,119.331197,119.85458,116.966281,117.266739,5543900
2024-09-04,117.373362,118.55582,117.053516,117.383057,4484200
2024-09-05,117.460595,117.867668,114.998758,115.95829,5764500
2024-09-06,115.967991,117.05352,114.43661,114.795227,3983700
2024-09-09,115.95829,117.596285,115.502752,117.431519,4492000
2024-09-10,117.77074,117.964583,116.219979,116.597977,3806700
2024-09-11,116.181218,116.181218,113.738762,115.589989,4857200
2024-09-12,115.337974,116.452586,115.144131,116.404121,4229700
2024-09-13,116.210288,116.501052,115.231367,115.454292,4708000
2024-09-16,116.278131,116.840284,114.426904,115.531822,6025400
2024-09-17,114.853369,115.376752,114.126448,115.076294,5101500
2024-09-18,115.308913,115.929218,114.145836,114.407532,4434800
2024-09-19,115.047211,115.541519,113.651529,115.163521,5270600
2024-09-20,114.562594,115.231363,114.233061,114.514137,16958300
2024-09-23,115.01814,116.772445,114.572296,116.568901,6755400
2024-09-24,116.433205,116.549515,115.415521,116.345978,5844600
2024-09-25,116.801514,117.712582,116.656129,117.179512,5713600
2024-09-26,116.539815,118.129347,116.4332,116.617355,6202600
2024-09-27,116.249047,117.509037,115.938895,116.685196,7941800
2024-09-30,116.966286,117.557515,116.084287,117.431519,5475700
2024-10-01,117.450909,120.755969,116.442912,120.562126,7206900
2024-10-02,121.366581,121.667039,119.835201,120.222893,3802900
2024-10-03,120.668741,121.056433,119.408743,119.864281,4765700
2024-10-04,119.893345,121.133962,119.360275,121.066116,3055900
2024-10-07,121.007963,121.812423,120.426428,121.201813,4606100
2024-10-08,121.570117,122.064424,119.476583,119.699509,3194500
2024-10-09,119.243964,120.901341,118.827196,120.135651,3210400
2024-10-10,119.8255,120.251962,118.643049,119.156738,2785300
2024-10-11,119.214891,120.116272,119.11797,120.116272,2556200
2024-10-14,119.932122,120.988584,119.476585,120.804428,1929700
2024-10-15,122.093502,122.917343,120.86258,121.182426,7521300
2024-10-16,120.930417,122.355181,120.377958,122.3358,3127400
2024-10-17,122.578109,123.091798,121.279341,121.880264,2463700
2024-10-18,122.267962,122.384264,121.192119,122.045036,4356300
2024-10-21,122.025642,122.539331,120.862566,122.025642,4768600
2024-10-22,124.051335,124.739485,119.728584,121.667038,5746100
2024-10-23,123.00457,123.576411,121.763954,123.295334,5451400
2024-10-24,122.490871,122.781642,121.269651,121.318108,4171800
2024-10-25,122.180716,122.364872,120.959496,121.308418,4716200
2024-10-28,121.376257,122.035331,120.794715,121.570099,4453200
2024-10-29,121.550729,121.637956,118.904737,119.011353,5102700
2024-10-30,118.575195,119.030733,118.003355,118.10997,4852100
2024-10-31,117.567204,118.332887,116.86936,117.266739,4112700
2024-11-01,117.761054,117.877364,115.085986,115.09568,5234900
2024-11-04,115.405832,115.948596,114.203992,114.368759,6856100
2024-11-05,114.843662,115.434891,114.077972,115.318588,8093600
2024-11-06,118.778738,119.079196,116.559208,117.848274,9631900
2024-11-07,118.245664,118.487971,116.26844,116.38475,4415200
2024-11-08,117.227975,120.397351,117.179518,119.747971,6381600
2024-11-11,120.261666,121.676736,120.203507,120.726891,4012300
2024-11-12,121.046723,121.424721,118.536429,119.573502,3896200
2024-11-13,119.583194,120.135653,119.176121,119.941811,2802500
2024-11-14,119.408734,119.699505,113.942296,115.260445,6113200
2024-11-15,115.124028,115.806097,114.130148,115.494293,6970500
2024-11-18,115.338395,116.653818,115.338395,116.332268,4462300
2024-11-19,118.134889,118.242073,115.465066,115.913284,4654100
2024-11-20,115.806092,116.225079,114.656313,116.098412,3990700
2024-11-21,116.536888,117.784104,115.815842,117.443069,4847900
2024-11-22,117.628211,118.758498,117.413844,117.676926,3585200
2024-11-25,117.277425,117.901033,114.997352,115.611221,8322400
2024-11-26,115.825592,117.940014,115.552757,117.521027,3175800
2024-11-27,117.940011,118.631826,117.248196,117.257935,3604000
2024-11-29,117.589237,118.748762,117.569752,118.709785,2728600
2024-12-02,118.709783,118.865682,115.504043,115.640457,4468700
2024-12-03,115.971738,116.390725,114.870681,115.075302,3620300
2024-12-04,114.744009,116.312775,114.490665,116.176361,3774300
2024-12-05,115.757378,115.961999,114.675806,115.484543,3328800
2024-12-06,114.997355,115.318905,114.393239,114.968124,4792100
2024-12-09,114.344522,114.831716,111.294688,113.594246,7255400
2024-12-10,113.61372,115.192232,113.029088,114.597855,3725400
2024-12-11,114.821959,114.95838,113.321407,113.945015,4298000
2024-12-12,113.945018,114.247076,112.658825,113.077812,3848600
2024-12-13,113.282439,114.909666,112.999865,114.734276,5061600
2024-12-16,114.42246,115.318896,113.808598,115.085045,3986400
2024-12-17,114.675816,115.104542,114.003486,114.412727,3012400
2024-12-18,113.867056,114.441942,111.44083,111.518776,4113600
2024-12-19,112.736773,114.247079,112.298301,112.502922,5446900
2024-12-20,111.996244,113.789115,111.664948,113.496803,13389200
2024-12-23,113.214226,113.896295,112.824469,113.642952,3588700
2024-12-24,112.980386,113.96452,112.912179,113.837852,1663000
2024-12-26,113.779376,114.607612,113.409111,114.042465,2147000
2024-12-27,113.292176,114.519908,112.873188,113.720909,3847500
2024-12-30,112.483433,112.951135,111.596735,112.269066,2822000
2024-12-31,112.610096,113.126521,111.967004,112.756256,2445000
2025-01-02,113.974254,114.441956,112.580877,113.038841,3207500
2025-01-03,113.321407,113.681927,112.863444,112.90242,2902600
2025-01-06,113.301917,113.301917,110.817231,111.17775,3832300
2025-01-07,111.177756,112.327535,111.012112,111.859833,3588400
2025-01-08,111.986499,113.223969,111.47982,112.951141,4294200
2025-01-10,112.873195,113.545526,111.869576,112.161896,4287300
2025-01-13,111.645468,114.909669,111.645468,114.724533,5414900
2025-01-14,115.71841,116.45894,115.153263,116.410225,3804900
2025-01-15,117.072812,117.287179,115.143519,116.039955,4279600
2025-01-16,116.293298,117.423593,116.049701,117.37487,3896900
2025-01-17,117.511284,118.242076,116.790239,118.008224,4368600
2025-01-21,119.58673,122.587842,119.362617,122.529381,6071100
2025-01-22,122.461174,122.656049,120.483166,121.194466,5103800
2025-01-23,122.539125,123.747365,121.506268,123.05555,5501300
2025-01-24,122.305275,123.045813,121.876549,122.100655,3483000
2025-01-27,123.377103,124.712011,121.194467,121.847313,6207800
2025-01-28,127.820312,129.038298,122.899653,125.062805,8451600
2025-01-29,124.137129,126.43668,121.808341,121.925262,5179000
2025-01-30,122.441688,125.91051,122.334505,125.676651,4343600
2025-01-31,125.832567,126.602327,124.244316,125.64743,5569300
2025-02-03,125.208937,127.196684,124.283271,126.592567,6067300
2025-02-04,126.222301,127.118751,124.741241,125.082268,4036800
2025-02-05,126.339237,126.563343,125.004315,125.852043,4881500
2025-02-06,125.754609,126.426939,124.263795,125.481781,3363300
2025-02-07,125.501271,125.696146,124.068918,124.673035,3827300
2025-02-10,124.78998,125.20896,123.649939,124.965363,5344900
2025-02-11,125.793591,126.105388,124.526883,125.803329,3320600
2025-02-12,124.536624,125.306399,123.201716,123.533005,5154900
2025-02-13,124.273546,124.370983,122.061679,122.617081,6580400
2025-02-14,122.237068,122.237068,118.271306,119.274933,7715900
2025-02-18,121.05805,122.120137,120.249313,120.590347,5386200
2025-02-19,121.223708,123.367361,120.921643,122.198097,5124600
2025-02-20,121.564742,122.100652,120.034952,121.905777,3132000
2025-02-21,121.98412,122.885101,120.143001,120.740387,4846100
2025-02-24,122.41502,123.619587,122.052669,122.836128,4461000
2025-02-25,123.306206,125.28443,123.061376,124.706627,6007900
2025-02-26,124.882902,125.676157,124.216964,124.677246,3904500
2025-02-27,125.764284,128.281143,125.186488,127.820862,5758900
2025-02-28,128.574921,130.3377,127.918778,130.239777,7461000
2025-03-03,131.561856,132.560767,130.171224,131.062408,6215800
2025-03-04,130.758836,131.943805,125.832857,126.038506,7911200
2025-03-05,126.802366,127.840443,125.578216,126.959061,5774900
2025-03-06,125.950375,126.195205,123.355175,125.627197,6258300
2025-03-07,124.373663,126.234365,123.648968,125.744705,6418500
2025-03-10,124.373658,127.154923,123.795862,125.862228,4916800
2025-03-11,126.028716,126.381272,124.471593,125.460709,4404800
2025-03-12,125.695754,125.891615,124.187593,125.313812,4701800
2025-03-13,125.656581,126.959079,125.352994,126.528175,3434100
2025-03-14,126.273537,127.987348,125.352974,127.301826,5380700
2025-03-17,127.31162,129.965584,127.31162,129.319229,4934600
2025-03-18,129.33881,130.513991,128.986254,129.945984,4128400
2025-03-19,131.238685,132.932919,130.749024,132.521606,7080700
2025-03-20,131.34641,132.521607,131.121171,131.689178,4311300
2025-03-21,131.062428,131.718571,128.976471,129.632614,9545900
2025-03-24,129.916629,132.100509,129.211517,131.904648,5525300
2025-03-25,131.992777,133.128792,131.209318,132.854584,3990600
2025-03-26,133.158163,133.354024,131.287658,131.552078,4464500
2025-03-27,132.120089,132.169058,130.406279,130.670685,3914000
2025-03-28,130.220198,130.876341,128.917701,128.996048,3935200
2025-03-31,128.349692,130.386679,127.879622,129.720749,5521100
2025-04-01,129.544487,130.288765,128.643514,130.102707,4799300
2025-04-02,128.643508,130.915523,128.496616,130.396484,3352900
2025-04-03,128.290938,130.944902,127.252861,127.536858,4605200
2025-04-04,123.394355,123.766494,114.923233,115.021164,8526700
2025-04-07,111.564154,117.440076,109.948275,114.893845,8774800
2025-04-08,120.466172,121.406318,116.245297,117.968903,8108600
2025-04-09,116.558687,126.263746,115.726266,125.774086,6747400
2025-04-10,124.285528,126.616299,121.210455,124.442215,6457800
2025-04-11,123.551026,126.645682,122.415012,125.60759,3654100
2025-04-14,126.57714,127.262661,125.627198,126.469414,4099900
2025-04-15,125.842647,127.262659,125.588029,125.979752,6315600
2025-04-16,127.223496,127.507492,125.783894,126.577141,5382800
2025-04-17,126.684861,127.801285,125.059185,126.224579,5228300
2025-04-21,125.842643,126.067883,122.150609,123.511864,6397400
2025-04-22,112.161543,114.766538,110.300833,111.397675,17094400
2025-04-23,114.95261,120.084254,114.85468,117.792641,10456300
2025-04-24,117.547787,119.535805,117.038544,119.44767,4512800
2025-04-25,120.191973,122.904686,119.878591,122.630478,6205900
2025-04-28,123.325791,123.69793,121.122321,122.219162,5460100
2025-04-29,122.219161,123.433515,121.817636,123.129929,4313600
2025-04-30,123.188679,123.952548,121.043966,123.521645,5674100
2025-05-01,123.786077,125.441123,122.836135,124.775192,4820900
2025-05-02,126.704458,128.290952,125.206092,127.517296,5002200
2025-05-05,127.311624,127.37038,125.627192,125.930779,3293300
2025-05-06,124.941674,126.00913,124.285531,125.509682,2596100
2025-05-07,125.166906,126.146226,124.745798,124.863319,4029200
2025-05-08,125.343187,127.830661,124.863322,126.009125,4748300
2025-05-09,126.18541,126.18541,123.42372,126.009125,4857600
2025-05-12,127.203896,128.095081,124.755596,127.860039,4686400
2025-05-13,128.290947,129.309434,127.762121,128.016739,4334700
2025-05-14,128.770817,129.123373,126.440031,128.085281,4843600
2025-05-15,129.21153,132.8448,129.025457,132.717499,6772200
2025-05-16,132.903553,133.579272,131.698979,132.678299,4776000
2025-05-19,133.070022,134.871967,132.394289,134.362717,5180800
2025-05-20,133.569453,134.901329,133.079793,134.343109,4998600
2025-05-21,135.635846,135.949235,132.061333,132.159256,5514900
2025-05-22,131.816493,132.188625,130.749023,131.297455,3790900
2025-05-23,129.781632,131.297467,129.259948,130.273788,5510000
2025-05-27,132.380197,132.783753,130.076894,132.0849,5160800
2025-05-28,132.527859,132.882212,128.846524,130.765945,5426300
2025-05-29,130.047383,132.970793,129.830833,132.685349,3634700
2025-05-30,132.882211,135.146133,132.262089,134.338989,8195100
2025-06-02,134.279926,135.362676,133.305451,135.303619,3946200
2025-06-03,135.254403,136.612744,134.289765,135.342987,3493900
2025-06-04,135.992629,136.681645,135.49062,136.376511,3200400
2025-06-05,137.016302,137.13443,136.07137,136.888351,3510800
2025-06-06,137.488781,138.443565,136.15013,136.917892,4511000
2025-06-09,137.016312,138.876662,136.110746,138.768387,7104300
2025-06-10,138.29592,138.906189,135.776082,136.346985,6303500
2025-06-11,136.819457,139.634592,133.305453,139.585373,6370300
2025-06-12,138.069533,139.831446,137.93173,138.768387,4664400
2025-06-13,141.760695,143.72932,140.087367,143.404495,11765200
2025-06-16,144.201796,144.762861,142.636742,144.16243,7986100
2025-06-17,145.11721,146.839757,143.522629,146.150742,7251800
2025-06-18,146.229484,146.9185,143.374983,143.58168,7116900
2025-06-20,143.571837,145.825906,141.642578,144.3396,9220600
2025-06-23,144.516794,144.762872,142.823775,143.522629,6548500
2025-06-24,141.24885,141.780372,138.30575,139.624741,8242100
2025-06-25,140.047985,140.185788,138.266381,139.162109,10395000
2025-06-26,139.683797,141.150413,139.043985,140.43187,5407500
2025-06-27,139.84132,142.439905,139.703501,142.390686,9173900
2025-06-30,143.197802,144.113221,142.725336,143.72934,5939500
2025-07-01,143.365143,143.512799,140.422058,141.928055,4819500
2025-07-02,141.406359,142.449728,140.717343,142.252869,3253300
2025-07-03,142.223334,144.093521,142.105206,143.463562,1888700
2025-07-07,143.965553,144.477399,142.85329,143.63089,4532500
2025-07-08,143.365116,143.709631,140.737003,142.636734,4331300
2025-07-09,143.443873,144.201798,142.45956,143.88681,2666200
2025-07-10,143.817904,144.241151,142.754844,144.103348,4130900
2025-07-11,143.886816,144.762869,143.217491,144.565994,3468800
2025-07-14,145.569993,147.223646,144.772702,146.938187,4461000
2025-07-15,147.45002,148.385114,146.071974,146.34758,4530500
2025-07-16,146.514939,148.001246,145.934184,147.814224,3361700
2025-07-17,148.198111,149.605686,147.83392,149.123367,4326500
2025-07-18,149.428502,150.452195,148.709958,149.123367,5928600
2025-07-21,149.595828,150.983713,148.690263,149.182419,7116000
2025-07-22,143.197794,147.91266,141.307916,146.82991,10722700
2025-07-23,147.646886,154.133502,146.770848,154.03508,8667100
2025-07-24,153.79886,154.773335,152.71611,152.785019,4865300
2025-07-25,152.77516,154.861898,151.840051,154.418961,4728200
2025-07-28,154.684718,154.861902,153.188574,153.621674,4022900
2025-07-29,155.255613,156.298982,153.877582,154.655182,4341800
2025-07-30,154.980037,156.239956,153.966196,155.915131,3998700
2025-07-31,155.629682,155.747795,154.291016,155.09816,4796000
2025-08-01,153.838205,155.00954,151.338058,154.350052,4420700
2025-08-04,154.665039,155.924958,154.281158,154.911118,3961900
2025-08-05,154.802866,155.560776,153.316544,153.877609,4993900
2025-08-06,154.192577,155.255637,153.198427,153.306702,4112100
2025-08-07,152.223941,153.316528,150.836071,153.316528,5105800
2025-08-08,154.143358,154.45833,152.292846,152.430649,3667300
2025-08-11,152.302688,153.227944,151.721947,152.371597,3572900
2025-08-12,152.538934,153.483866,152.135363,153.050781,2962300
2025-08-13,153.552778,153.887441,150.265177,153.267334,5012300
2025-08-14,153.159033,153.877577,152.223924,152.647186,2766600
2025-08-15,152.508782,153.111857,151.589347,152.340714,4593800
2025-08-18,152.67685,154.406984,152.647192,153.734711,3679300
2025-08-19,152.815277,153.368917,151.470715,151.915604,3008600
2025-08-20,152.024354,155.326433,151.352065,154.812332,3766500
2025-08-21,155.010061,155.959169,154.446539,154.54541,3179800
2025-08-22,155.267111,156.147007,154.43665,154.466309,4252700
2025-08-25,154.851885,155.850414,154.229033,154.495972,2431100
2025-08-26,154.980402,157.887028,154.604726,157.758514,5096100
2025-08-27,158.15395,158.391231,157.194961,158.025421,2992300
2025-08-28,158.331901,159.4293,157.442124,158.836121,3117700
2025-08-29,159.231579,159.271134,156.631431,156.799515,3774900
2025-09-02,156.404047,156.829174,154.59482,156.216202,3260100
2025-09-03,156.156891,156.542463,154.67392,156.315079,2738900
2025-09-04,156.433713,157.363044,155.761439,156.878601,3218800
2025-09-05,156.799522,157.194975,153.794025,155.731781,4046300
2025-09-08,155.138568,155.217662,151.915583,152.469223,5522800
2025-09-09,151.895826,151.955143,148.900225,150.027283,5461300
2025-09-10,150.274444,153.279926,149.928411,153.240387,4520400
2025-09-11,153.270039,156.216204,152.607647,155.860291,4289900
2025-09-12,155.959174,156.344746,154.051091,154.08075,3194400
2025-09-15,154.159826,156.68088,153.942337,156.572128,3891400
2025-09-16,158.035341,158.134197,155.850423,156.779755,6525200
2025-09-17,156.76986,157.511346,155.830633,156.512802,3999200
2025-09-18,155.524166,156.493036,154.723363,156.39418,3696100
2025-09-19,156.898373,156.898373,154.911197,156.443604,7083700
2025-09-22,156.27554,157.985897,155.880072,157.620087,3296700
2025-09-23,157.936459,159.567721,157.145537,158.717484,3287100
2025-09-24,159.320559,161.179221,158.87567,159.547958,4269800
2025-09-25,160.299336,160.457524,157.877152,158.687836,3917700
2025-09-26,160.16091,163.472885,159.854432,161.49559,3961700
2025-09-29,165.52928,166.369636,160.941955,161.77243,6216100
2025-09-30,162.424908,165.598473,162.009677,165.430405,4893700
2025-10-01,163.986977,165.815981,163.205952,165.30188,4034500
2025-10-02,165.242578,166.339977,164.006768,164.738373,3498100
2025-10-03,164.916304,165.361192,163.621178,164.688919,2678300
2025-10-06,165.104159,167.82294,165.104159,166.883728,3816900
2025-10-07,167.437348,168.425996,166.903485,167.348373,5186500
2025-10-08,168.139313,168.910457,166.517916,166.656342,4683700
2025-10-09,167.07157,167.229742,160.062047,160.338867,5962400
2025-10-10,160.170782,160.615686,155.652671,155.909714,7776400
2025-10-13,156.651224,157.738742,155.583482,157.046692,5322300
2025-10-14,156.404065,158.757051,155.504392,157.590439,3590500
2025-10-15,157.67942,158.836136,153.87312,155.217682,5954700
2025-10-16,155.978948,156.532588,154.327908,155.26712,3926600
2025-10-17,154.555287,156.740189,154.327902,156.156891,5435200
2025-10-20,157.857372,160.230136,157.639869,158.885574,6517800
2025-10-21,169.859544,176.730642,168.327138,171.075577,12296700
2025-10-22,172.509133,176.691108,171.945596,175.959503,10219100
2025-10-23,175.583831,177.936802,174.496312,177.402939,5249400
2025-10-24,178.411352,178.450891,176.265973,176.621887,3471600
2025-10-27,177.393031,177.590772,175.484948,177.2052,4039700
2025-10-28,177.264515,179.251692,176.532911,176.641663,3344100
2025-10-29,175.771654,176.948147,174.001981,174.357895,4285200
2025-10-30,175.109256,176.967918,174.812674,175.405853,3637300
2025-10-31,175.484955,177.076678,174.743469,176.473602,4347100
2025-11-03,176.463733,176.52305,173.458236,175.030182,3843800
2025-11-04,174.555637,175.87054,173.448356,173.616425,3837800
2025-11-05,172.924362,174.753351,171.945595,172.024689,4493800
2025-11-06,172.034591,173.39893,171.629257,173.112228,3631300
2025-11-07,173.270389,175.672811,171.777537,174.960983,3774300
2025-11-10,174.832448,177.51169,174.298585,176.997589,2739000
2025-11-11,176.780076,177.956569,175.395975,177.185425,3387700
2025-11-12,176.572479,177.857709,175.356431,175.672806,4470500
2025-11-13,176.602136,176.760308,171.164574,171.985153,3617800
2025-11-14,171.98515,174.160172,170.541718,173.576874,3224700
2025-11-17,174.100866,174.298592,172.647552,173.6362,3913600
2025-11-18,174.694045,175.910077,172.331177,172.736526,3742500
2025-11-19,171.540244,172.78595,170.541716,171.797302,3902400
2025-11-20,174.535849,175.534393,170.541719,170.769104,4221000
2025-11-21,170.977527,171.017237,167.364627,168.416733,6108400
2025-11-24,168.019737,172.357198,167.642561,171.920486,8116600
2025-11-25,171.473822,172.337355,168.257953,170.868362,5511700
2025-11-26,171.275305,172.734362,170.739332,171.90062,3564400
2025-11-28,171.75173,173.637594,171.712035,173.607819,1680400
2025-12-01,172.406825,172.704595,166.650002,166.769119,4885600
2025-12-02,168.118988,168.118988,166.788953,167.543304,4053600
2025-12-03,167.791447,167.930404,165.498647,167.195908,5452200
2025-12-04,167.642561,170.808814,167.394422,170.034622,7486500
2025-12-05,170.719481,170.719481,167.682264,169.826187,3032700
2025-12-08,170.11402,170.709559,168.277787,170.243057,3498200
2025-12-09,171.235613,174.401866,169.965144,170.649994,4816400
2025-12-10,169.895661,175.811297,169.081774,173.419235,5611300
2025-12-11,173.39937,177.806317,173.002354,176.099121,4865500
2025-12-12,178.064376,178.114007,175.315009,177.329895,6440100
2025-12-15,178.401861,180.922944,177.836097,180.754211,3691700
2025-12-16,179.166123,180.525933,177.558188,178.590439,4321900
2025-12-17,177.587964,178.98747,175.225678,175.880768,6632700
2025-12-18,177.161154,179.156185,176.764123,176.962631,4090600
2025-12-19,177.627657,181.875791,177.329887,180.654938,11455900
2025-12-22,181.498625,184.486211,180.406809,184.297623,3208300
2025-12-23,184.367109,186.600358,183.880752,184.377029,3354700
2025-12-24,184.307551,185.707057,184.118963,184.992416,1421700
2025-12-26,184.833614,184.893164,183.136338,183.791428,1389000
2025-12-29,183.791429,184.218235,182.808794,183.047012,2027200
2025-12-30,183.553194,183.62268,182.332356,182.640045,1812000
2025-12-31,182.729408,183.027162,181.28027,182.034607,2644600
2026-01-02,182.133875,185.875812,180.813775,185.855957,3326300
2026-01-05,185.905569,189.081743,185.042036,186.858414,6048800
2026-01-06,187.295142,189.290188,186.312522,188.982483,3915000
2026-01-07,190.491162,192.347236,184.228143,184.347244,7666700
2026-01-08,189.607798,195.235584,183.523431,185.776535,9773400
2026-01-09,184.645022,187.682238,182.997377,187.096634,7593600
2026-01-12,188.297637,192.585467,187.999867,192.406815,5392000
2026-01-13,194.16363,196.079269,191.56314,192.635101,5852300
2026-01-14,193.389429,197.389425,191.940307,197.35965,5249700
2026-01-15,197.468832,198.818707,195.195887,198.342285,3657400
2026-01-16,198.600355,200.664872,198.094157,200.416733,4825900
2026-01-20,199.156172,201.518458,194.640058,194.898117,6048000
2026-01-21,196.128894,196.82368,194.123929,196.029633,5463400
2026-01-22,197.508545,197.508545,194.352212,194.878265,4075000
2026-01-23,195.384477,196.109038,193.548245,194.471313,5113100
2026-01-26,193.79638,194.431614,192.059408,192.684723,6680600
2026-01-27,198.024667,200.694643,193.984976,199.781494,10134500
2026-01-28,199.781494,203.831121,197.071823,197.975052,6826500
2026-01-29,199.434077,201.726892,196.535819,198.391907,8870800
2026-01-30,196.893159,199.930375,196.128902,199.434097,7228400
2026-02-02,198.501109,200.158674,195.533364,199.592911,6239900
2026-02-03,200.287694,203.344766,199.156182,201.98497,8457300
2026-02-04,203.970076,204.942776,192.883238,195.275299,11411500
2026-02-05,194.769091,198.193403,193.08175,194.511032,5538300
2026-02-06,195.493659,199.354698,195.493659,197.181,4350900
2026-02-09,197.022185,198.511018,194.530877,194.729385,4615200
2026-02-10,193.578019,194.94775,191.64254,193.736832,5501500
2026-02-11,194.123943,197.349748,193.59789,195.047012,6784100
2026-02-12,195.533355,200.377029,195.533355,199.642532,6738600
2026-02-13,199.642533,202.183472,197.051964,198.570572,4939000
2026-02-17,198.511027,204.109037,197.369595,201.98497,6057800
2026-02-18,203.980003,204.47628,201.300107,203.285217,6395700
2026-02-19,202.649979,205.190917,200.039554,203.880753,6128400
2026-02-20,204.637589,205.503975,202.177834,204.069946,10300800
2026-02-23,203.123897,204.050032,200.903151,201.082397,4557300
2026-02-24,199.17037,199.877431,196.182814,197.636765,10157300
2026-02-25,197.636761,197.935505,191.820975,195.167038,6891800
2026-02-26,195.684879,197.855828,193.195249,196.810196,5762000
2026-02-27,197.487376,201.779495,196.810204,201.779495,8982500
2026-03-02,209.776177,211.937188,207.137175,211.279922,12485300
2026-03-03,212.126383,213.610208,204.717259,205.663315,9661300
2026-03-04,206.141324,209.079083,203.38281,207.953781,6140300
2026-03-05,207.625157,209.27826,199.269961,203.014359,6935600
2026-03-06,203.163729,209.079092,202.795269,208.889877,8790400
2026-03-09,210.881582,212.116444,205.952118,207.366226,8626400
2026-03-10,205.503982,207.60523,204.428461,206.141327,4140600
2026-03-11,204.806884,208.521407,203.85086,206.400238,4416200
2026-03-12,205.324713,205.912277,201.00272,202.197739,6400900
2026-03-13,203.611867,205.434262,201.062474,203.671616,4806800
2026-03-16,203.860825,208.033431,203.761233,205.205215,4795600
2026-03-17,204.956265,205.812699,199.87743,202.486557,3990800
2026-03-18,203.462478,206.44008,203.183641,203.711441,3512900
2026-03-19,202.486544,202.53634,196.202722,199.897324,5329600
2026-03-20,200.425129,201.191939,195.674927,197.337997,8463900
2026-03-23,196.352099,198.921398,193.653349,194.011856,4927300
2026-03-24,191.422636,194.330522,190.386942,193.195251,5136000
2026-03-25,195.236749,195.854172,193.245045,194.191101,4057300
2026-03-26,193.503969,193.503969,190.58613,192.050034,4871900
2026-03-27,191.611847,192.30894,188.674087,188.92305,3864500
2026-03-30,191.691517,192.199396,184.800225,186.373657,5043800
2026-03-31,188.35541,192.637576,186.801884,192.099808,5318500
2026-04-01,193.663299,195.824296,192.747117,193.912262,4127200
2026-04-02,194.27077,196.620981,192.826788,195.396088,4113900
2026-04-06,195.415995,197.806048,194.191102,197.58696,2314900
2026-04-07,196.591105,197.328025,194.698977,197.098984,3037500
2026-04-08,197.776179,202.954605,197.596917,202.635925,4455800
2026-04-09,202.377012,204.508134,201.769542,202.347137,2789700
2026-04-10,201.978675,201.978675,196.969527,200.723892,3151900
2026-04-13,200.91311,202.147972,199.299835,200.574524,3429200
2026-04-14,200.514769,203.47245,200.076592,201.968704,3303100
2026-04-15,202.147972,202.157925,196.869954,197.567047,4424800
2026-04-16,197.586961,199.110613,193.105627,195.037582,3999300
2026-04-17,194.768697,199.110612,194.390269,195.605209,4777200
2026-04-20,196.979486,197.567034,193.99193,194.977814,4988200
2026-04-21,193.802725,195.804382,185.766194,186.393585,7489900
2026-04-22,186.971184,187.957083,179.093992,180.159561,8513900
2026-04-23,180.607681,181.88237,176.763692,178.556229,6289400
2026-04-24,177.042527,177.042527,170.918045,173.537125,10505100
2026-04-27,171.585275,176.255823,171.585275,172.660797,6511700
2026-04-28,174.523024,175.060777,171.625092,174.951233,6115800
2026-04-29,174.831741,175.538802,171.067422,172.073227,5037900
2026-04-30,172.919702,175.917211,172.760362,175.33963,6224400
2026-05-01,175.498963,176.25582,172.541282,173.268265,4494800
2026-05-04,173.278213,175.140451,172.172817,172.18277,5081300
2026-05-05,173.19854,173.427582,170.489822,172.152893,4721200
2026-05-06,174.064928,177.351242,172.850003,176.006851,6099000
2026-05-07,175.807667,176.654147,172.95953,176.046677,5658900
2026-05-08,175.489008,176.355395,173.875733,175.359543,6277400
2026-05-11,174.433409,179.183611,173.875735,177.869095,6524100
2026-05-12,177.859144,179.17366,175.887346,178.147934,5604900
2026-05-13,177.032584,178.695655,174.572829,177.37117,6144100
2026-05-14,177.371161,178.157877,174.57282,174.951233,6421600
2026-05-15,174.791918,175.250002,170.071575,170.46991,7694000
2026-05-18,170.967832,175.359542,170.29066,175.220123,5627400
2026-05-19,175.558711,176.265772,173.656645,173.76619,5578600
2026-05-20,174.742118,175.429258,172.282363,174.124695,6634800
2026-05-21,173.865767,176.445019,172.571156,175.25,3596300
2026-05-22,176.740005,177.600006,175.259995,177.009995,4315400
2026-05-26,178.0,179.210007,176.070007,178.970001,5529700
2026-05-27,178.490005,178.800003,175.710007,176.589996,5147100
2026-05-28,176.800003,181.550003,176.740005,178.960007,5834800
