iso_utc,elapsed_s,label,pid,VmPeak_kB,VmSize_kB,VmRSS_kB,readiness
2026-09-01T05:26:57.661941+00:00,0.00,after,2271693,1098724,1035236,449384,initializing
2026-09-01T05:26:58.722219+00:00,1.01,after,2271693,1098724,1047524,481716,initializing
2026-09-01T05:26:59.730345+00:00,2.07,after,2271693,1098724,1059812,512040,initializing
2026-09-01T05:27:00.737484+00:00,3.08,after,2271693,1141736,1141736,596768,initializing
2026-09-01T05:27:01.743048+00:00,4.09,after,2271693,1246184,1246184,700504,initializing
2026-09-01T05:27:02.747852+00:00,5.09,after,2271693,1346536,1346536,799404,initializing
2026-09-01T05:27:03.753223+00:00,6.10,after,2271693,1424360,1424360,876524,initializing
2026-09-01T05:27:04.758078+00:00,7.10,after,2271693,1601516,1539048,990524,initializing
2026-09-01T05:27:05.908176+00:00,8.11,after,2271693,1603560,1603560,1053240,initializing
2026-09-01T05:27:07.118818+00:00,9.26,after,2271693,1669468,1669468,1119364,initializing
2026-09-01T05:27:08.341721+00:00,10.47,after,2271693,1727836,1727836,1177568,initializing
2026-09-01T05:27:09.573634+00:00,11.69,after,2271693,1781084,1781084,1231596,initializing
2026-09-01T05:27:10.611648+00:00,12.92,after,2271693,1834332,1834332,1284196,initializing
2026-09-01T05:27:11.659084+00:00,13.96,after,2271693,1882460,1882460,1332512,initializing
2026-09-01T05:27:12.665035+00:00,15.01,after,2271693,2155872,2048348,1498016,initializing
2026-09-01T05:27:13.830805+00:00,16.02,after,2271693,2155872,2080092,1529724,initializing
2026-09-01T05:27:15.124036+00:00,17.18,after,2271693,2155872,2128220,1576412,initializing
2026-09-01T05:27:16.132129+00:00,18.47,after,2271693,2178396,2178396,1626152,initializing
2026-09-01T05:27:17.407910+00:00,19.48,after,2271693,2208092,2208092,1655836,initializing
2026-09-01T05:27:18.414359+00:00,20.76,after,2271693,2259040,2259040,1689040,initializing
2026-09-01T05:27:19.417680+00:00,21.76,after,2271693,2297952,2297952,1727328,initializing
2026-09-01T05:27:20.431758+00:00,22.77,after,2271693,2304096,2304096,1733944,initializing
2026-09-01T05:27:21.436706+00:00,23.78,after,2271693,2304096,2304096,1733948,initializing
2026-09-01T05:27:22.441834+00:00,24.79,after,2271693,2304096,2304096,1733952,initializing
2026-09-01T05:27:23.446589+00:00,25.79,after,2271693,2304096,2304096,1733964,initializing
2026-09-01T05:27:25.470109+00:00,26.80,after,2271693,2304096,2304096,1734300,initializing
2026-09-01T05:27:26.476696+00:00,28.82,after,2271693,2304096,1839180,1270904,ready
2026-09-01T05:27:27.480535+00:00,29.83,after,2271693,2304096,1839180,1270904,ready
2026-09-01T05:27:28.484996+00:00,30.83,after,2271693,2467888,2467888,1337360,ready
2026-09-01T05:27:29.489635+00:00,31.84,after,2271693,2467888,2467888,1337360,ready
2026-09-01T05:27:30.494143+00:00,32.84,after,2271693,2467888,2467888,1337360,ready
2026-09-01T05:27:31.499016+00:00,33.84,after,2271693,2467888,2467888,1337360,ready
2026-09-01T05:27:32.503889+00:00,34.85,after,2271693,2467888,2467888,1337360,ready
2026-09-01T05:27:33.509181+00:00,35.85,after,2271693,2467888,2467888,1337360,ready
2026-09-01T05:27:34.512643+00:00,36.86,after,2271693,2467888,2467888,1337360,ready
2026-09-01T05:27:35.516822+00:00,37.86,after,2271693,2467888,2467888,1337360,ready
2026-09-01T05:27:36.520524+00:00,38.87,after,2271693,2467888,2467888,1337360,ready
2026-09-01T05:27:37.524443+00:00,39.87,after,2271693,2467888,2467888,1337360,ready
2026-09-01T05:27:38.529945+00:00,40.87,after,2271693,2467888,2467888,1337360,ready
2026-09-01T05:27:39.534192+00:00,41.88,after,2271693,2467888,2221796,1336988,ready
2026-09-01T05:27:40.538106+00:00,42.88,after,2271693,2467888,2221796,1336988,ready
2026-09-01T05:27:41.542346+00:00,43.89,after,2271693,2467888,2221796,1336988,ready
2026-09-01T05:27:42.547242+00:00,44.89,after,2271693,2467888,2188988,1336932,ready
2026-09-01T05:27:43.551411+00:00,45.90,after,2271693,2467888,1893716,1336436,ready
2026-09-01T05:27:44.557300+00:00,46.90,after,2271693,2467888,1893716,1336436,ready
2026-09-01T05:27:45.561554+00:00,47.91,after,2271693,2467888,1893716,1336436,ready
2026-09-01T05:27:46.565532+00:00,48.91,after,2271693,2467888,1893716,1336436,ready
2026-09-01T05:27:47.569418+00:00,49.92,after,2271693,2467888,1893716,1336436,ready
2026-09-01T05:27:48.583222+00:00,50.92,after,2271693,2467888,1269388,665756,ready
2026-09-01T05:27:49.587243+00:00,51.93,after,2271693,2467888,1250956,647468,ready
2026-09-01T05:27:50.590739+00:00,52.94,after,2271693,2467888,1250956,647468,ready
2026-09-01T05:27:51.674638+00:00,53.94,after,2271693,2467888,1308344,709760,ready
2026-09-01T05:27:52.678506+00:00,55.02,after,2271693,2467888,1365812,767192,ready
2026-09-01T05:27:53.715970+00:00,56.03,after,2271693,2467888,1384760,786172,ready
2026-09-01T05:27:54.720583+00:00,57.07,after,2271693,2467888,1384760,786172,ready
2026-09-01T05:27:55.726882+00:00,58.07,after,2271693,2467888,1510700,863948,ready
2026-09-01T05:27:56.730861+00:00,59.08,after,2271693,2467888,1596680,949812,ready
2026-09-01T05:27:57.734196+00:00,60.08,after,2271693,2467888,1661948,1036076,ready
2026-09-01T05:27:58.738693+00:00,61.08,after,2271693,2467888,1661932,1037200,ready
2026-09-01T05:27:59.742037+00:00,62.09,after,2271693,2467888,1727468,1102064,ready
2026-09-01T05:28:00.745127+00:00,63.09,after,2271693,2467888,1813660,1166560,ready
2026-09-01T05:28:01.750366+00:00,64.10,after,2271693,2467888,1815032,1167932,ready
2026-09-01T05:28:02.755331+00:00,65.10,after,2271693,2467888,1875412,1228348,ready
2026-09-01T05:28:03.788042+00:00,66.11,after,2271693,2467888,1920880,1318696,ready
2026-09-01T05:28:04.792717+00:00,67.14,after,2271693,2467888,1921204,1319020,ready
2026-09-01T05:28:05.796558+00:00,68.14,after,2271693,2467888,1921204,1319020,ready
2026-09-01T05:28:06.799729+00:00,69.15,after,2271693,2467888,1967836,1365656,ready
2026-09-01T05:28:07.805940+00:00,70.15,after,2271693,2467888,1967836,1366624,ready
2026-09-01T05:28:08.810498+00:00,71.16,after,2271693,2467888,2033372,1387780,ready
2026-09-01T05:28:09.816445+00:00,72.16,after,2271693,2467888,2033372,1408780,ready
2026-09-01T05:28:10.844793+00:00,73.17,after,2271693,2467888,2074084,1472788,ready
2026-09-01T05:28:11.850570+00:00,74.20,after,2271693,2467888,2074084,1472788,ready
2026-09-01T05:28:12.854067+00:00,75.20,after,2271693,2467888,2120704,1519464,ready
2026-09-01T05:28:13.857925+00:00,76.20,after,2271693,2467888,2187112,1580200,ready
2026-09-01T05:28:14.862206+00:00,77.21,after,2271693,2467888,2187112,1580200,ready
2026-09-01T05:28:15.877631+00:00,78.21,after,2271693,2467888,2253004,1613896,ready
2026-09-01T05:28:16.882086+00:00,79.23,after,2271693,2467888,2254020,1627208,ready
2026-09-01T05:28:17.887095+00:00,80.23,after,2271693,2467888,2254020,1627208,ready
2026-09-01T05:28:18.891665+00:00,81.24,after,2271693,2467888,2254020,1627208,ready
2026-09-01T05:28:19.896331+00:00,82.24,after,2271693,2467888,2254020,1627208,ready
2026-09-01T05:28:20.900313+00:00,83.25,after,2271693,2467888,2254020,1627208,ready
2026-09-01T05:28:21.904611+00:00,84.25,after,2271693,2467888,2254020,1627208,ready
2026-09-01T05:28:22.908822+00:00,85.25,after,2271693,2467888,2254020,1627208,ready
2026-09-01T05:28:23.913074+00:00,86.26,after,2271693,2467888,2254004,1627196,ready
2026-09-01T05:28:24.917629+00:00,87.26,after,2271693,2467888,2254004,1627196,ready
2026-09-01T05:28:25.922092+00:00,88.27,after,2271693,2467888,2254004,1627196,ready
2026-09-01T05:28:26.925726+00:00,89.27,after,2271693,2467888,2204776,1627100,ready
2026-09-01T05:28:27.929767+00:00,90.28,after,2271693,2467888,2204776,1627100,ready
2026-09-01T05:28:28.933251+00:00,91.28,after,2271693,2467888,2204776,1627100,ready
2026-09-01T05:28:29.938122+00:00,92.28,after,2271693,2467888,2204776,1627100,ready
2026-09-01T05:28:30.942821+00:00,93.29,after,2271693,2467888,2204776,1627100,ready
2026-09-01T05:28:31.947347+00:00,94.29,after,2271693,2467888,2204776,1627100,ready
2026-09-01T05:28:32.951187+00:00,95.30,after,2271693,2467888,2204776,1627100,ready
2026-09-01T05:28:33.956413+00:00,96.30,after,2271693,2467888,2204776,1627100,ready
2026-09-01T05:28:34.961944+00:00,97.31,after,2271693,2467888,2204776,1627100,ready
2026-09-01T05:28:35.967398+00:00,98.31,after,2271693,2467888,2204776,1627100,ready
2026-09-01T05:28:36.970752+00:00,99.32,after,2271693,2467888,2204776,1627100,ready
2026-09-01T05:28:37.976049+00:00,100.32,after,2271693,2467888,2204776,1627100,ready
2026-09-01T05:28:38.981538+00:00,101.33,after,2271693,2467888,2204776,1627100,ready
2026-09-01T05:28:39.985729+00:00,102.33,after,2271693,2467888,2204776,1627100,ready
2026-09-01T05:28:40.990462+00:00,103.34,after,2271693,2467888,2204776,1627100,ready
2026-09-01T05:28:41.994534+00:00,104.34,after,2271693,2467888,2204776,1627100,ready
2026-09-01T05:28:42.998197+00:00,105.34,after,2271693,2467888,2204776,1627100,ready
2026-09-01T05:28:44.002783+00:00,106.35,after,2271693,2467888,2204776,1627100,ready
2026-09-01T05:28:45.006607+00:00,107.35,after,2271693,2467888,2204776,1627100,ready
2026-09-01T05:28:46.011584+00:00,108.36,after,2271693,2467888,2204776,1627100,ready
2026-09-01T05:28:47.017931+00:00,109.36,after,2271693,2467888,2204776,1627100,ready
2026-09-01T05:28:48.022375+00:00,110.37,after,2271693,2467888,2204776,1627100,ready
2026-09-01T05:28:49.026656+00:00,111.37,after,2271693,2467888,2204776,1627100,ready
2026-09-01T05:28:50.031005+00:00,112.38,after,2271693,2467888,2204776,1627100,ready
2026-09-01T05:28:51.035845+00:00,113.38,after,2271693,2467888,2204776,1627100,ready
2026-09-01T05:28:52.040093+00:00,114.39,after,2271693,2467888,2204776,1627100,ready
2026-09-01T05:28:53.044526+00:00,115.39,after,2271693,2467888,2204776,1627100,ready
2026-09-01T05:28:54.048673+00:00,116.39,after,2271693,2467888,2204776,1627100,ready
2026-09-01T05:28:55.053036+00:00,117.40,after,2271693,2467888,2204776,1627100,ready
2026-09-01T05:28:56.057507+00:00,118.40,after,2271693,2467888,2204776,1627100,ready
2026-09-01T05:28:57.061293+00:00,119.41,after,2271693,2467888,2204776,1627100,ready
2026-09-01T05:28:58.065422+00:00,120.41,after,2271693,2467888,2204776,1627100,ready
2026-09-01T05:28:59.070219+00:00,121.42,after,2271693,2467888,2204776,1627100,ready
2026-09-01T05:29:00.074854+00:00,122.42,after,2271693,2467888,2204776,1627100,ready
2026-09-01T05:29:01.078911+00:00,123.43,after,2271693,2467888,2204776,1627100,ready
2026-09-01T05:29:02.082488+00:00,124.43,after,2271693,2467888,2204776,1627100,ready
2026-09-01T05:29:03.086572+00:00,125.43,after,2271693,2467888,2204776,1627100,ready
2026-09-01T05:29:04.090180+00:00,126.44,after,2271693,2467888,2204776,1627100,ready
2026-09-01T05:29:05.094161+00:00,127.44,after,2271693,2467888,2204776,1627100,ready
2026-09-01T05:29:06.098320+00:00,128.44,after,2271693,2467888,2204776,1627100,ready
2026-09-01T05:29:07.101667+00:00,129.45,after,2271693,2467888,2204776,1627100,ready
2026-09-01T05:29:08.106284+00:00,130.45,after,2271693,2467888,2204776,1627100,ready
2026-09-01T05:29:09.109763+00:00,131.46,after,2271693,2467888,2204776,1627100,ready
2026-09-01T05:29:10.114393+00:00,132.46,after,2271693,2467888,2204776,1627100,ready
2026-09-01T05:29:11.118839+00:00,133.46,after,2271693,2467888,2204776,1627100,ready
2026-09-01T05:29:12.122930+00:00,134.47,after,2271693,2467888,2204776,1627100,ready
2026-09-01T05:29:13.127082+00:00,135.47,after,2271693,2467888,2204776,1627100,ready
2026-09-01T05:29:14.130886+00:00,136.48,after,2271693,2467888,2204776,1627100,ready
2026-09-01T05:29:15.134650+00:00,137.48,after,2271693,2467888,2204776,1627100,ready
2026-09-01T05:29:16.138256+00:00,138.48,after,2271693,2467888,2204776,1627100,ready
2026-09-01T05:29:17.143400+00:00,139.49,after,2271693,2467888,2204776,1627100,ready
2026-09-01T05:29:18.146608+00:00,140.49,after,2271693,2467888,2204776,1627100,ready
2026-09-01T05:29:19.150026+00:00,141.50,after,2271693,2467888,2204776,1627100,ready
2026-09-01T05:29:20.153949+00:00,142.50,after,2271693,2467888,2204776,1627100,ready
2026-09-01T05:29:21.157640+00:00,143.50,after,2271693,2467888,2204776,1627100,ready
2026-09-01T05:29:22.161200+00:00,144.51,after,2271693,2467888,2204776,1627100,ready
2026-09-01T05:29:23.165340+00:00,145.51,after,2271693,2467888,2204776,1627100,ready
2026-09-01T05:29:24.168945+00:00,146.52,after,2271693,2467888,2204776,1627100,ready
2026-09-01T05:29:25.172952+00:00,147.52,after,2271693,2467888,2204776,1627100,ready
2026-09-01T05:29:26.177287+00:00,148.52,after,2271693,2467888,2204776,1627100,ready
2026-09-01T05:29:27.181247+00:00,149.53,after,2271693,2467888,2204776,1627100,ready
2026-09-01T05:29:28.185189+00:00,150.53,after,2271693,2467888,2204776,1627100,ready
2026-09-01T05:29:29.189227+00:00,151.54,after,2271693,2467888,2204776,1627100,ready
2026-09-01T05:29:30.193700+00:00,152.54,after,2271693,2467888,2204776,1627100,ready
2026-09-01T05:29:31.198895+00:00,153.54,after,2271693,2467888,2204776,1627100,ready
2026-09-01T05:29:32.202837+00:00,154.55,after,2271693,2467888,2204776,1627100,ready
2026-09-01T05:29:33.206524+00:00,155.55,after,2271693,2467888,2204776,1627100,ready
2026-09-01T05:29:34.210112+00:00,156.56,after,2271693,2467888,2204776,1627100,ready
2026-09-01T05:29:35.213982+00:00,157.56,after,2271693,2467888,2204776,1627100,ready
2026-09-01T05:29:36.217712+00:00,158.56,after,2271693,2467888,2204776,1627100,ready
2026-09-01T05:29:37.221855+00:00,159.57,after,2271693,2467888,2204776,1627100,ready
2026-09-01T05:29:38.225901+00:00,160.57,after,2271693,2467888,2204776,1627100,ready
2026-09-01T05:29:39.230088+00:00,161.58,after,2271693,2467888,2204776,1627100,ready
2026-09-01T05:29:40.234260+00:00,162.58,after,2271693,2467888,2204776,1627100,ready
2026-09-01T05:29:41.238030+00:00,163.58,after,2271693,2467888,2204776,1627100,ready
2026-09-01T05:29:42.241875+00:00,164.59,after,2271693,2467888,2204776,1627100,ready
2026-09-01T05:29:43.245926+00:00,165.59,after,2271693,2467888,2204776,1627100,ready
2026-09-01T05:29:44.249563+00:00,166.60,after,2271693,2467888,2204776,1627100,ready
2026-09-01T05:29:45.253038+00:00,167.60,after,2271693,2467888,2204776,1627100,ready
2026-09-01T05:29:46.256961+00:00,168.60,after,2271693,2467888,2204776,1627100,ready
2026-09-01T05:29:47.260836+00:00,169.61,after,2271693,2467888,2204776,1627100,ready
2026-09-01T05:29:48.264863+00:00,170.61,after,2271693,2467888,2204776,1627100,ready
2026-09-01T05:29:49.269248+00:00,171.62,after,2271693,2467888,2204776,1627100,ready
2026-09-01T05:29:50.273322+00:00,172.62,after,2271693,2467888,2204776,1627100,ready
2026-09-01T05:29:51.277499+00:00,173.62,after,2271693,2467888,2204776,1627100,ready
2026-09-01T05:29:52.282114+00:00,174.63,after,2271693,2467888,2204776,1627100,ready
2026-09-01T05:29:53.286496+00:00,175.63,after,2271693,2467888,2204776,1627100,ready
2026-09-01T05:29:54.290525+00:00,176.64,after,2271693,2467888,2204776,1627100,ready
2026-09-01T05:29:55.293427+00:00,177.64,after,2271693,2467888,2204776,1627100,ready
2026-09-01T05:29:56.296840+00:00,178.64,after,2271693,2467888,2204776,1627100,ready
2026-09-01T05:29:57.300296+00:00,179.65,after,2271693,2467888,2204776,1627100,ready
