epoch_ms,total_s,http_code
1786463710985,0.248,200
1786463711985,0.014,200
1786463712985,0.112,200
1786463713986,0.014,200
1786463714986,0.435,200
1786463715986,0.245,200
1786463716986,0.051,200
1786463717986,0.007,200
1786463718986,0.010,200
1786463719987,0.030,200
1786463720987,0.301,200
1786463721987,0.009,200
1786463722987,0.017,200
1786463723987,0.009,200
1786463724987,0.010,200
1786463725988,0.007,200
1786463726988,0.012,200
1786463727988,0.013,200
1786463728988,0.496,200
1786463729988,0.013,200
1786463730988,0.010,200
1786463731988,0.013,200
1786463732989,0.014,200
1786463733989,0.012,200
1786463734989,0.012,200
1786463735989,0.010,200
1786463736989,0.013,200
1786463737989,0.134,200
1786463738990,0.670,200
1786463739990,0.008,200
1786463740990,0.011,200
1786463741990,1.129,200
1786463743119,0.513,200
1786463744119,0.020,200
1786463745119,0.009,200
1786463746120,0.063,200
1786463747120,0.015,200
1786463748120,2.420,200
1786463750541,0.392,200
1786463751541,0.035,200
1786463752541,0.036,200
1786463753541,0.010,200
1786463754541,0.028,200
1786463755541,0.108,200
1786463756542,0.011,200
1786463757542,0.026,200
1786463758542,0.009,200
1786463759542,0.007,200
1786463760542,0.021,200
1786463761542,0.020,200
1786463762543,0.015,200
1786463763543,0.018,200
1786463764543,0.007,200
1786463765543,0.007,200
1786463766543,0.084,200
1786463767543,0.021,200
1786463768544,0.015,200
1786463769544,0.014,200
1786463770544,0.025,200
1786463771544,0.020,200
1786463772544,0.089,200
1786463773544,0.961,200
1786463774545,0.609,200
1786463775545,0.009,200
1786463776545,0.089,200
1786463777545,0.025,200
1786463778545,0.009,200
1786463779545,0.018,200
1786463780546,0.028,200
1786463781546,0.019,200
1786463782546,0.016,200
1786463783546,0.014,200
1786463784546,0.008,200
1786463785546,0.021,200
1786463786547,0.109,200
1786463787547,0.024,200
1786463788547,0.022,200
1786463789547,0.007,200
1786463790547,0.007,200
1786463791547,0.010,200
1786463792548,0.021,200
1786463793548,0.009,200
1786463794548,0.007,200
1786463795548,1.068,200
1786463796616,0.438,200
1786463797616,0.035,200
1786463798617,0.042,200
1786463799617,0.035,200
1786463800617,0.012,200
1786463801617,0.007,200
1786463802617,0.025,200
1786463803618,0.018,200
1786463804618,0.007,200
1786463805618,0.018,200
1786463806618,0.023,200
1786463807618,0.084,200
1786463808618,0.024,200
1786463809619,0.008,200
1786463810619,0.075,200
1786463811619,0.017,200
1786463812619,0.016,200
1786463813619,0.028,200
1786463814619,0.020,200
1786463815620,0.007,200
1786463816620,0.007,200
1786463817620,1.085,200
1786463818705,0.189,200
1786463819705,0.082,200
1786463820705,0.053,200
1786463821705,0.093,200
1786463822705,0.013,200
1786463823705,0.013,200
1786463824706,0.015,200
1786463825706,0.078,200
1786463826706,0.026,200
1786463827706,0.018,200
1786463828706,0.008,200
1786463829706,0.032,200
1786463830706,0.009,200
1786463831707,0.035,200
1786463832707,0.008,200
1786463833707,0.010,200
1786463834707,0.010,200
1786463835707,0.024,200
1786463836707,0.016,200
1786463837708,0.006,200
1786463838708,0.104,200
1786463839708,0.928,200
1786463840708,0.249,200
1786463841708,0.009,200
1786463842708,0.063,200
1786463843708,0.038,200
1786463844709,0.038,200
1786463845709,0.007,200
1786463846709,0.097,200
1786463847709,0.008,200
1786463848709,0.081,200
1786463849709,0.012,200
1786463850710,0.007,200
1786463851710,0.012,200
1786463852710,0.008,200
1786463853710,0.021,200
1786463854710,0.008,200
1786463855710,0.029,200
1786463856711,0.012,200
1786463857711,0.012,200
1786463858711,0.007,200
1786463859711,0.114,200
1786463860711,1.496,200
1786463862208,0.008,200
1786463863208,0.010,200
1786463864208,0.028,200
1786463865208,0.010,200
1786463866208,0.021,200
1786463867208,0.151,200
1786463868208,0.379,200
1786463869209,0.351,200
1786463870209,0.087,200
1786463871209,0.058,200
1786463872209,0.118,200
1786463873209,0.131,200
1786463874210,0.064,200
1786463875210,0.059,200
1786463876210,0.060,200
1786463877210,0.165,200
1786463878210,0.357,200
1786463879210,0.008,200
1786463880211,0.008,200
1786463881211,0.235,200
1786463882211,0.236,200
1786463883211,0.228,200
1786463884211,0.171,200
1786463885211,0.189,200
1786463886212,0.011,200
1786463887212,0.010,200
1786463888212,0.032,200
1786463889212,0.033,200
1786463890212,0.274,200
1786463891212,0.338,200
1786463892213,0.308,200
1786463893213,0.069,200
1786463894213,0.046,200
1786463895213,0.008,200
1786463896213,0.386,200
1786463897214,0.124,200
1786463898214,0.091,200
1786463899214,0.185,200
1786463900214,0.115,200
1786463901214,0.125,200
1786463902214,0.137,200
1786463903215,0.010,200
1786463904215,0.270,200
1786463905215,0.208,200
1786463906215,0.204,200
1786463907215,0.215,200
1786463908215,0.157,200
1786463909216,0.163,200
1786463910216,0.168,200
1786463911216,0.089,200
1786463912216,0.007,200
1786463913216,0.112,200
1786463914216,0.045,200
1786463915217,0.036,200
1786463916217,0.306,200
1786463917217,0.258,200
1786463918217,0.273,200
1786463919217,0.286,200
1786463920217,0.227,200
1786463921218,0.217,200
1786463922218,0.008,200
1786463923218,0.069,200
1786463924218,0.097,200
1786463925218,0.006,200
1786463926218,0.100,200
1786463927219,0.014,200
1786463928219,0.343,200
1786463929219,0.225,200
1786463930219,0.248,200
1786463931219,0.203,200
1786463932219,0.243,200
1786463933220,0.008,200
1786463934220,0.159,200
1786463935220,0.185,200
1786463936220,0.160,200
1786463937220,0.173,200
1786463938220,0.115,200
1786463939220,0.128,200
1786463940221,0.200,200
1786463941221,0.153,200
1786463942221,0.083,200
1786463943221,0.123,200
1786463944221,0.134,200
1786463945221,0.145,200
1786463946222,0.074,200
1786463947222,0.071,200
1786463948222,0.067,200
1786463949222,0.009,200
1786463950222,0.070,200
1786463951222,0.112,200
1786463952223,0.036,200
1786463953223,0.049,200
1786463954223,0.121,200
1786463955223,0.212,200
1786463956223,0.137,200
1786463957223,0.084,200
1786463958224,0.059,200
1786463959224,0.007,200
1786463960224,0.010,200
1786463961224,0.013,200
1786463962224,0.280,200
1786463963224,0.281,200
1786463964225,0.284,200
1786463965225,0.026,200
1786463966225,0.171,200
1786463967225,0.182,200
1786463968225,0.193,200
1786463969225,0.127,200
1786463970225,0.145,200
1786463971226,0.156,200
1786463972226,0.035,200
1786463973226,0.042,200
1786463974226,0.032,200
1786463975226,0.363,200
1786463976226,0.298,200
1786463977227,0.007,200
1786463978227,0.270,200
1786463979227,0.192,200
1786463980227,0.341,200
1786463981227,0.354,200
1786463982227,0.269,200
1786463983228,0.248,200
1786463984228,0.086,200
1786463985228,0.011,200
1786463986228,0.223,200
1786463987228,0.233,200
1786463988228,0.255,200
1786463989229,0.191,200
1786463990229,0.208,200
1786463991229,0.244,200
1786463992229,0.208,200
1786463993229,0.036,200
1786463994229,0.090,200
1786463995230,0.136,200
1786463996230,0.114,200
1786463997230,0.149,200
1786463998230,0.183,200
1786463999230,0.156,200
1786464000230,0.189,200
1786464001231,0.007,200
1786464002231,0.101,200
1786464003231,0.056,200
1786464004231,0.090,200
1786464005231,0.141,200
1786464006231,0.113,200
1786464007232,0.162,200
1786464008232,0.203,200
1786464009232,0.171,200
1786464010232,0.092,200
1786464011232,0.094,200
1786464012232,0.134,200
1786464013232,0.104,200
1786464014233,0.189,200
1786464015233,0.008,200
1786464016233,0.071,200
1786464017233,0.321,200
1786464018233,0.012,200
1786464019233,0.099,200
1786464020234,0.241,200
1786464021234,0.294,200
1786464022234,0.348,200
1786464023234,0.011,200
1786464024234,0.074,200
1786464025234,0.067,200
1786464026235,0.080,200
1786464027235,0.038,200
1786464028235,0.077,200
1786464029235,0.135,200
1786464030235,0.098,200
1786464031235,0.130,200
1786464032236,0.168,200
1786464033236,0.132,200
1786464034236,0.048,200
1786464035236,0.382,200
1786464036236,0.025,200
1786464037236,0.061,200
1786464038237,0.021,200
1786464039237,0.047,200
1786464040237,0.092,200
1786464041237,0.076,200
1786464042237,0.124,200
1786464043237,0.053,200
1786464044238,0.016,200
1786464045238,0.121,200
1786464046238,0.120,200
1786464047238,0.042,200
1786464048238,0.048,200
1786464049238,0.046,200
1786464050239,0.358,200
1786464051239,0.298,200
1786464052239,0.007,200
1786464053239,0.011,200
1786464054239,0.257,200
1786464055239,0.250,200
1786464056239,0.177,200
1786464057239,0.180,200
1786464058240,0.099,200
1786464059240,0.085,200
1786464060240,0.084,200
1786464061240,0.021,200
1786464062240,0.066,200
1786464063240,0.065,200
1786464064241,0.006,200
1786464065241,0.007,200
1786464066241,0.009,200
1786464067241,0.246,200
1786464068241,0.254,200
1786464069241,0.270,200
1786464070242,0.203,200
1786464071242,0.097,200
1786464072242,0.266,200
1786464073242,0.191,200
1786464074242,0.316,200
1786464075242,0.032,200
1786464076243,0.089,200
1786464077243,0.013,200
1786464078243,0.006,200
1786464079243,0.007,200
1786464080243,0.108,200
1786464081243,0.102,200
1786464082244,0.009,200
1786464083244,0.035,200
1786464084244,0.294,200
1786464085244,0.208,200
1786464086244,0.198,200
1786464087244,0.212,200
1786464088245,0.143,200
1786464089245,0.140,200
1786464090245,0.008,200
1786464091245,0.026,200
1786464092245,0.291,200
1786464093245,0.191,200
1786464094246,0.175,200
1786464095246,0.148,200
1786464096246,0.044,200
1786464097246,0.015,200
1786464098246,0.292,200
1786464099246,0.010,200
1786464100247,0.179,200
1786464101247,0.186,200
1786464102247,0.185,200
1786464103247,0.092,200
1786464104247,0.119,200
1786464105247,0.177,200
1786464106247,0.200,200
1786464107248,0.247,200
1786464108248,0.232,200
1786464109248,0.220,200
1786464110248,0.494,200
1786464111248,0.764,200
1786464112248,0.692,200
1786464113248,0.657,200
1786464114249,0.276,200
1786464115249,0.319,200
1786464116249,0.941,200
1786464117249,0.783,200
1786464118249,0.789,200
1786464119249,0.827,200
1786464120250,1.103,200
1786464121352,0.897,200
1786464122352,0.705,200
1786464123353,0.491,200
1786464124353,0.480,200
1786464125353,1.052,200
1786464126405,0.811,200
1786464127405,1.353,200
1786464128758,0.298,200
1786464129759,0.383,200
1786464130759,0.733,200
1786464131759,1.264,200
1786464133023,0.327,200
1786464134023,1.580,200
1786464135603,1.231,200
1786464136834,0.664,200
1786464137834,1.219,200
1786464139053,3.682,200
1786464142735,1.002,200
1786464143738,0.601,200
1786464144738,1.096,200
1786464145834,1.122,200
1786464146956,1.088,200
1786464148044,1.225,200
1786464149269,1.073,200
1786464150342,1.805,200
1786464152147,1.221,200
1786464153369,1.143,200
1786464154512,0.489,200
1786464155512,1.345,200
1786464156857,1.817,200
1786464158674,0.517,200
1786464159674,0.918,200
1786464160674,0.453,200
1786464161674,0.957,200
1786464162674,1.689,200
1786464164364,0.912,200
1786464165364,2.247,200
1786464167611,1.704,200
1786464169315,0.381,200
1786464170315,1.900,200
1786464172215,0.951,200
1786464173216,0.974,200
1786464174216,0.604,200
1786464175216,0.946,200
1786464176216,2.131,200
1786464178347,1.373,200
1786464179720,0.534,200
1786464180721,0.712,200
1786464181721,2.753,200
1786464184474,1.293,200
1786464185768,1.049,200
1786464186817,3.210,200
1786464190027,1.279,200
1786464191306,1.479,200
1786464192785,0.644,200
1786464193785,2.134,200
1786464195920,3.607,200
1786464199527,1.724,200
1786464201251,4.122,200
1786464205374,1.558,200
1786464206931,2.504,200
1786464209435,1.387,200
1786464210823,1.310,200
1786464212132,1.399,200
1786464213531,1.558,200
1786464215089,1.164,200
1786464216253,0.733,200
1786464217253,2.504,200
1786464219757,1.399,200
1786464221156,1.557,200
1786464222713,2.149,200
1786464224862,2.429,200
1786464227290,3.617,200
1786464230908,1.931,200
1786464232839,4.181,200
1786464237020,1.547,200
1786464238568,1.201,200
1786464239768,1.523,200
1786464241291,3.347,200
1786464244638,1.912,200
1786464246550,1.600,200
1786464248150,0.903,200
1786464249151,1.962,200
1786464251112,3.288,200
1786464254400,1.051,200
1786464255451,1.822,200
1786464257273,2.289,200
1786464259562,2.855,200
1786464262417,1.734,200
1786464264151,1.376,200
1786464265527,1.719,200
1786464267246,1.708,200
1786464268954,1.752,200
1786464270706,3.535,200
1786464274242,1.549,200
1786464275791,1.873,200
1786464277664,1.198,200
1786464278862,0.591,200
1786464279862,1.229,200
1786464281092,1.949,200
1786464283041,2.304,200
1786464285345,2.626,200
1786464287971,2.546,200
1786464290517,1.359,200
1786464291876,1.541,200
1786464293418,0.843,200
1786464294418,0.292,200
1786464295418,1.560,200
1786464296978,1.965,200
1786464298943,1.340,200
1786464300284,1.329,200
1786464301612,1.095,200
1786464302707,0.884,200
1786464303707,1.060,200
1786464304768,1.207,200
1786464305975,1.134,200
1786464307109,2.019,200
1786464309128,0.934,200
1786464310128,0.971,200
1786464311128,0.442,200
1786464312128,0.980,200
1786464313128,1.115,200
1786464314243,1.391,200
1786464315634,1.504,200
1786464317138,1.302,200
1786464318440,0.706,200
1786464319440,2.345,200
1786464321785,0.800,200
1786464322785,2.455,200
1786464325240,1.555,200
1786464326795,1.633,200
1786464328428,2.785,200
1786464331213,1.567,200
1786464332780,0.819,200
1786464333780,0.453,200
1786464334781,2.169,200
1786464336949,1.475,200
1786464338425,1.439,200
1786464339863,1.299,200
1786464341162,1.638,200
1786464342800,1.278,200
1786464344078,3.002,200
1786464347080,2.792,200
1786464349872,0.760,200
1786464350872,2.680,200
1786464353552,0.887,200
1786464354552,1.072,200
1786464355625,1.281,200
1786464356906,2.247,200
1786464359152,0.599,200
1786464360152,1.754,200
1786464361907,1.581,200
1786464363487,1.374,200
1786464364862,1.103,200
1786464365965,1.628,200
1786464367593,2.125,200
1786464369718,1.744,200
1786464371462,1.932,200
1786464373394,2.537,200
1786464375931,1.893,200
1786464377823,0.972,200
1786464378824,0.771,200
1786464379824,0.373,200
1786464380824,1.284,200
1786464382108,1.169,200
1786464383278,2.610,200
1786464385888,2.155,200
1786464388043,2.421,200
1786464390464,1.964,200
1786464392429,2.507,200
1786464394936,2.219,200
1786464397154,2.952,200
1786464400107,1.155,200
1786464401261,1.212,200
1786464402473,1.363,200
1786464403836,1.501,200
1786464405337,2.164,200
1786464407501,2.029,200
1786464409530,1.784,200
1786464411315,1.515,200
1786464412829,2.077,200
1786464414907,1.196,200
1786464416103,0.800,200
1786464417103,2.381,200
1786464419485,0.811,200
1786464420485,1.776,200
1786464422260,1.231,200
1786464423491,0.985,200
1786464424491,2.421,200
1786464426913,1.172,200
1786464428084,0.958,200
1786464429085,2.489,200
1786464431573,0.348,200
1786464432573,2.031,200
1786464434604,2.056,200
1786464436660,0.995,200
1786464437660,2.083,200
1786464439744,2.179,200
1786464441923,0.955,200
1786464442923,1.329,200
1786464444252,1.299,200
1786464445551,2.395,200
1786464447946,2.902,200
1786464450848,2.581,200
1786464453429,0.174,200
1786464454429,0.008,200
1786464455429,0.025,200
1786464456429,0.034,200
1786464457429,0.038,200
1786464458429,0.073,200
1786464459430,0.008,200
1786464460430,0.016,200
1786464461430,0.061,200
1786464462430,0.150,200
1786464463430,0.039,200
1786464464430,0.177,200
1786464465430,0.074,200
1786464466431,0.050,200
1786464467431,0.007,200
1786464468431,0.009,200
1786464469431,0.008,200
1786464470431,0.011,200
1786464471431,0.074,200
1786464472431,0.007,200
1786464473432,0.007,200
1786464474432,0.008,200
1786464475432,0.007,200
1786464476432,0.006,200
1786464477432,0.006,200
1786464478432,0.101,200
1786464479432,0.011,200
1786464480432,0.011,200
1786464481433,0.017,200
1786464482433,0.027,200
1786464483433,0.010,200
1786464484433,0.007,200
1786464485433,0.008,200
1786464486433,0.006,200
1786464487433,0.037,200
1786464488433,0.057,200
1786464489434,0.107,200
1786464490434,0.061,200
1786464491434,0.068,200
1786464492434,0.028,200
1786464493434,0.026,200
1786464494434,0.008,200
1786464495434,0.021,200
1786464496435,0.051,200
1786464497435,0.048,200
1786464498435,0.037,200
1786464499435,0.035,200
1786464500435,0.061,200
1786464501435,0.054,200
1786464502435,0.083,200
1786464503436,0.048,200
1786464504436,0.054,200
1786464505436,0.043,200
1786464506436,0.048,200
1786464507436,0.008,200
1786464508436,0.050,200
1786464509436,0.056,200
1786464510436,0.036,200
1786464511437,0.044,200
1786464512437,0.029,200
1786464513437,0.040,200
1786464514437,0.067,200
1786464515437,0.305,200
1786464516437,0.035,200
1786464517437,0.029,200
1786464518437,0.053,200
1786464519438,0.027,200
1786464520438,0.152,200
1786464521438,0.024,200
1786464522438,0.051,200
1786464523438,0.045,200
1786464524438,0.019,200
1786464525438,0.060,200
1786464526439,0.050,200
1786464527439,0.037,200
1786464528439,0.058,200
1786464529439,0.065,200
1786464530439,0.036,200
1786464531439,0.051,200
1786464532439,0.009,200
1786464533439,0.012,200
1786464534440,0.024,200
1786464535440,0.325,200
1786464536440,0.010,200
1786464537440,0.007,200
1786464538440,0.014,200
1786464539440,0.015,200
1786464540440,0.009,200
1786464541440,0.061,200
1786464542441,0.025,200
1786464543441,0.010,200
1786464544441,0.007,200
1786464545441,0.013,200
1786464546441,0.013,200
1786464547441,0.009,200
1786464548441,0.011,200
1786464549441,0.019,200
1786464550442,0.010,200
1786464551442,0.310,200
1786464552442,0.007,200
1786464553442,0.007,200
1786464554442,0.065,200
1786464555442,0.015,200
1786464556442,0.009,200
1786464557442,0.100,200
1786464558443,0.024,200
1786464559443,0.166,200
1786464560443,0.039,200
1786464561443,0.007,200
1786464562443,0.008,200
1786464563443,0.007,200
1786464564443,0.008,200
1786464565444,0.009,200
1786464566444,0.011,200
1786464567444,0.009,200
1786464568444,0.008,200
1786464569444,0.010,200
1786464570444,0.008,200
1786464571444,0.016,200
1786464572445,0.008,200
1786464573445,0.007,200
1786464574445,0.009,200
1786464575445,0.104,200
1786464576445,0.019,200
1786464577445,0.750,200
1786464578445,0.008,200
1786464579446,0.007,200
1786464580446,0.007,200
1786464581446,0.007,200
1786464582446,0.007,200
1786464583446,0.009,200
1786464584446,0.011,200
1786464585446,0.068,200
1786464586447,0.010,200
1786464587447,0.010,200
1786464588447,0.008,200
1786464589447,0.010,200
1786464590447,0.008,200
1786464591447,0.010,200
1786464592448,0.008,200
1786464593448,0.012,200
1786464594448,0.024,200
1786464595448,0.011,200
1786464596448,0.006,200
1786464597448,0.010,200
1786464598448,0.007,200
1786464599449,0.007,200
1786464600449,0.101,200
1786464601449,0.008,200
1786464602449,0.007,200
1786464603449,0.009,200
1786464604449,0.007,200
1786464605449,0.108,200
1786464606450,0.470,200
1786464607450,0.008,200
1786464608450,0.008,200
1786464609450,0.013,200
1786464610450,0.007,200
1786464611450,0.007,200
1786464612450,0.071,200
1786464613451,0.114,200
1786464614451,0.222,200
1786464615451,0.064,200
1786464616451,0.077,200
1786464617451,0.132,200
1786464618451,0.043,200
1786464619451,0.095,200
1786464620451,0.145,200
1786464621452,0.227,200
1786464622452,0.048,200
1786464623452,0.018,200
1786464624452,0.123,200
1786464625452,0.050,200
1786464626452,0.030,200
1786464627452,0.056,200
1786464628453,0.184,200
1786464629453,0.023,200
1786464630453,0.007,200
1786464631453,0.120,200
1786464632453,0.095,200
1786464633453,0.091,200
1786464634453,0.097,200
1786464635454,0.105,200
1786464636454,0.007,200
1786464637454,0.085,200
1786464638454,0.067,200
1786464639454,0.092,200
1786464640454,0.122,200
1786464641454,0.101,200
1786464642455,0.129,200
1786464643455,0.028,200
1786464644455,0.019,200
1786464645455,0.117,200
1786464646455,0.035,200
1786464647455,0.082,200
1786464648455,0.023,200
1786464649456,0.033,200
1786464650456,0.117,200
1786464651456,0.047,200
1786464652456,0.029,200
1786464653456,0.161,200
1786464654456,0.100,200
1786464655456,0.044,200
1786464656457,0.037,200
1786464657457,0.264,200
1786464658457,0.076,200
1786464659457,0.095,200
1786464660457,0.209,200
1786464661457,0.010,200
1786464662457,0.061,200
1786464663458,0.315,200
1786464664458,0.007,200
1786464665458,0.009,200
1786464666458,0.357,200
1786464667458,0.033,200
1786464668458,0.041,200
1786464669459,0.046,200
1786464670459,0.064,200
1786464671459,0.008,200
1786464672459,0.041,200
1786464673459,0.142,200
1786464674460,0.094,200
1786464675460,0.057,200
1786464676460,0.009,200
1786464677460,0.045,200
1786464678460,0.502,200
1786464679460,0.040,200
1786464680460,0.378,200
1786464681460,0.122,200
1786464682461,0.179,200
1786464683461,0.140,200
1786464684461,0.230,200
1786464685461,0.046,200
1786464686461,0.283,200
1786464687461,0.106,200
1786464688461,0.424,200
1786464689461,0.094,200
1786464690462,0.059,200
1786464691462,0.025,200
1786464692462,0.079,200
1786464693462,0.007,200
1786464694462,0.076,200
1786464695462,0.053,200
1786464696462,0.008,200
1786464697462,0.247,200
1786464698463,0.034,200
1786464699463,0.110,200
1786464700463,0.124,200
1786464701463,0.035,200
1786464702463,0.043,200
1786464703463,0.114,200
1786464704463,0.220,200
1786464705464,0.070,200
1786464706464,0.118,200
1786464707464,0.007,200
1786464708464,0.075,200
1786464709464,0.263,200
1786464710464,0.006,200
1786464711464,0.066,200
1786464712464,0.114,200
1786464713465,0.059,200
1786464714465,0.563,200
1786464715465,0.078,200
1786464716465,0.009,200
1786464717465,0.216,200
1786464718465,0.041,200
1786464719465,0.009,200
1786464720466,0.091,200
1786464721466,0.007,200
1786464722466,0.095,200
1786464723466,0.049,200
1786464724466,1.051,200
1786464725517,0.298,200
1786464726517,0.958,200
1786464727517,0.227,200
1786464728518,0.976,200
1786464729518,0.705,200
1786464730518,1.283,200
1786464731801,0.007,200
1786464732801,0.025,200
1786464733801,0.008,200
1786464734801,0.021,200
1786464735801,0.035,200
1786464736802,0.006,200
1786464737802,0.013,200
1786464738802,0.140,200
1786464739802,0.067,200
1786464740802,0.033,200
1786464741802,0.097,200
1786464742802,0.040,200
1786464743803,0.047,200
1786464744803,0.026,200
1786464745803,0.010,200
1786464746803,0.061,200
1786464747803,0.038,200
1786464748803,0.026,200
1786464749804,0.045,200
1786464750804,0.110,200
1786464751804,0.028,200
1786464752804,0.009,200
1786464753804,0.037,200
1786464754804,0.019,200
1786464755805,0.063,200
1786464756805,0.068,200
1786464757805,0.048,200
1786464758805,0.046,200
1786464759805,0.054,200
1786464760805,0.024,200
1786464761806,0.053,200
1786464762806,0.041,200
1786464763806,0.022,200
1786464764806,0.071,200
1786464765806,0.027,200
1786464766806,0.030,200
1786464767807,0.033,200
1786464768807,0.046,200
1786464769807,0.049,200
1786464770807,0.098,200
1786464771807,0.038,200
1786464772808,0.051,200
1786464773808,0.037,200
1786464774808,0.021,200
1786464775808,0.007,200
1786464776808,0.059,200
1786464777808,0.010,200
1786464778809,0.061,200
1786464779809,0.042,200
1786464780809,0.025,200
1786464781809,0.051,200
1786464782809,0.034,200
1786464783810,0.008,200
1786464784810,0.064,200
1786464785810,0.008,200
1786464786810,0.015,200
1786464787810,0.018,200
1786464788810,0.012,200
1786464789811,0.038,200
1786464790811,0.007,200
1786464791811,0.014,200
1786464792811,0.036,200
1786464793811,0.052,200
1786464794811,0.009,200
1786464795812,0.008,200
1786464796812,0.007,200
1786464797812,0.010,200
1786464798812,0.021,200
1786464799812,0.163,200
1786464800812,0.019,200
1786464801813,0.008,200
1786464802813,0.007,200
1786464803813,0.008,200
1786464804813,0.065,200
1786464805813,0.045,200
1786464806813,0.045,200
1786464807814,0.020,200
1786464808814,0.019,200
1786464809814,0.018,200
1786464810814,0.051,200
1786464811815,0.016,200
1786464812815,0.021,200
1786464813815,0.013,200
1786464814815,0.013,200
1786464815815,0.012,200
1786464816815,0.010,200
1786464817816,0.010,200
1786464818816,0.015,200
1786464819816,0.013,200
1786464820817,0.013,200
1786464821817,0.013,200
1786464822818,0.008,200
1786464823818,0.013,200
