start_epoch,endpoint,http_code,time_total_s
1784817682,/api/backtest,200,0.421783
1784817683,/api/backtest?horizon=20,200,0.301865
1784817698,/api/backtest,200,0.495333
1784817698,/api/backtest?horizon=20,200,0.243018
1784817714,/api/backtest,200,178.743092
1784817892,/api/backtest?horizon=20,200,0.251558
1784817908,/api/backtest,200,0.491767
1784817908,/api/backtest?horizon=20,200,0.667810
1784817924,/api/backtest,200,0.632917
1784817925,/api/backtest?horizon=20,200,0.549170
1784817940,/api/backtest,200,0.578753
1784817941,/api/backtest?horizon=20,200,0.470519
1784817956,/api/backtest,200,0.483921
1784817957,/api/backtest?horizon=20,200,0.542054
1784817972,/api/backtest,200,1.179418
1784817973,/api/backtest?horizon=20,200,0.266053
1784817989,/api/backtest,200,0.250997
1784817989,/api/backtest?horizon=20,200,0.500777
1784818004,/api/backtest,200,0.295475
1784818005,/api/backtest?horizon=20,200,0.341934
1784818020,/api/backtest,200,0.376127
1784818020,/api/backtest?horizon=20,200,0.338963
1784818036,/api/backtest,200,0.165910
1784818036,/api/backtest?horizon=20,200,0.171797
1784818051,/api/backtest,200,0.370720
1784818052,/api/backtest?horizon=20,200,0.400032
1784818067,/api/backtest,200,0.378480
1784818067,/api/backtest?horizon=20,200,0.324528
1784818083,/api/backtest,200,0.401434
1784818083,/api/backtest?horizon=20,200,0.358211
1784818098,/api/backtest,200,1.273492
1784818100,/api/backtest?horizon=20,200,1.017623
1784818116,/api/backtest,200,0.652536
1784818116,/api/backtest?horizon=20,200,0.716970
1784818132,/api/backtest,200,0.651109
1784818133,/api/backtest?horizon=20,200,0.819413
1784818149,/api/backtest,200,0.700710
1784818149,/api/backtest?horizon=20,200,0.650102
1784818165,/api/backtest,200,0.733753
1784818166,/api/backtest?horizon=20,200,0.727235
1784818182,/api/backtest,200,1.029807
1784818183,/api/backtest?horizon=20,200,0.641837
1784818198,/api/backtest,200,0.601494
1784818199,/api/backtest?horizon=20,200,0.634853
1784818215,/api/backtest,200,0.625270
1784818215,/api/backtest?horizon=20,200,0.542989
1784818231,/api/backtest,200,5.373490
1784818236,/api/backtest?horizon=20,200,0.179505
1784818251,/api/backtest,200,0.283812
1784818252,/api/backtest?horizon=20,200,0.337745
1784818267,/api/backtest,200,0.539120
1784818267,/api/backtest?horizon=20,200,0.612038
1784818283,/api/backtest,200,0.416859
1784818284,/api/backtest?horizon=20,200,0.691677
1784818299,/api/backtest,200,0.513911
1784818300,/api/backtest?horizon=20,200,0.380256
1784818315,/api/backtest,200,0.491801
1784818316,/api/backtest?horizon=20,200,0.519454
1784818331,/api/backtest,200,0.917357
1784818332,/api/backtest?horizon=20,200,0.191339
1784818347,/api/backtest,200,0.163839
1784818347,/api/backtest?horizon=20,200,0.165665
1784818363,/api/backtest,200,0.130308
1784818363,/api/backtest?horizon=20,200,0.159442
