epoch,vmpeak_kb,vmrss_kb
1784802323,2404408,1011624
1784802324,2404408,1011624
1784802325,2404408,1011624
1784802326,2404408,694936
1784802327,2404408,694748
1784802328,2404408,694748
1784802329,2404408,694748
1784802330,2404408,694748
1784802331,2404408,694748
1784802333,2404408,694748
1784802334,2404408,694748
1784802335,2404408,694748
1784802336,2404408,694748
1784802337,2404408,694740
1784802338,2404408,694740
1784802339,2404408,674632
1784802340,2404408,761296
1784802341,2404408,891084
1784802343,2404408,1030664
1784802344,2404408,1164992
1784802345,2404408,1284808
1784802346,2404408,1460396
1784802347,2404408,1566876
1784802349,2404408,646240
1784802350,2404408,853128
1784802351,2404408,992404
1784802352,2404408,1133172
1784802353,2404408,1264436
1784802354,2404408,1405200
1784802356,2404408,1553668
1784802357,2404408,1711060
1784802358,2404408,1800360
1784802360,2404408,1822924
1784802361,2404408,1822968
1784802363,2404408,1822984
1784802364,2404408,1822988
1784802366,2404408,1822996
1784802367,2404408,1823004
1784802369,2404408,1823004
1784802371,2404408,1823008
1784802373,2404408,1823016
1784802375,2404408,1823044
1784802376,2404408,1823056
1784802378,2404408,1823064
1784802380,2404408,1823064
1784802382,2404408,1823068
1784802383,2404408,1823068
1784802385,2404408,1823068
1784802386,2404408,1823072
1784802388,2404408,863536
1784802389,2404408,930504
1784802390,2404408,1056668
1784802391,2404408,1192652
1784802392,2404408,1311940
1784802393,2404408,1463836
1784802395,2404408,1594844
1784802396,2404408,1721824
1784802398,2404408,889348
1784802399,2404408,909836
1784802400,2404408,1104728
1784802401,2404408,1265060
1784802403,2404408,1284988
1784802405,2404408,1564888
1784802406,2404408,945040
1784802408,2404408,1027904
1784802409,2404408,1054988
1784802410,2404408,1187852
1784802411,2404408,1383292
1784802413,2404408,1398368
1784802415,2404408,1680660
1784802418,2404408,1131796
1784802419,2404408,1257460
1784802420,2404408,1293780
1784802421,2404408,1507532
1784802422,2404408,1585396
1784802424,2404408,1590368
1784802426,2404408,1871084
1784802428,2404408,1298208
1784802429,2404408,1299416
1784802431,2404408,1354100
1784802432,2404408,1559860
1784802433,2404408,1587784
1784802435,2404408,1587792
1784802437,2404408,1866024
1784802439,2404408,1318744
1784802440,2404408,1318744
1784802441,2404408,1348516
1784802442,2404408,1558032
1784802444,2404408,1568304
1784802446,2404408,1660376
1784802448,2404408,1524424
1784802449,2404408,1319708
1784802450,2404408,1319716
1784802451,2404408,1320680
1784802452,2404408,1320680
1784802454,2404408,1320680
1784802455,2404408,1334980
1784802456,2404408,1360632
1784802457,2404408,1384128
1784802458,2404408,1409448
1784802460,2404408,1434692
1784802461,2404408,1457632
1784802462,2404408,1467624
1784802463,2404408,1467624
1784802464,2404408,1467624
1784802466,2404408,1450412
1784802467,2404408,1449404
1784802469,2404408,1449404
1784802470,2404408,1449408
1784802471,2404408,1449408
1784802473,2404408,1449408
1784802474,2404408,1449408
1784802475,2404408,1449408
1784802476,2404408,1449408
1784802477,2404408,1449408
1784802479,2404408,1449408
1784802480,2404408,1449408
1784802481,2404408,1449384
1784802482,2404408,1449384
1784802483,2404408,1449384
1784802485,2404408,1449384
1784802486,2404408,1449384
1784802487,2404408,1449384
1784802488,2404408,1449384
1784802489,2404408,1449384
1784802491,2404408,1449384
1784802492,2404408,1449384
1784802493,2404408,1449384
1784802494,2404408,1449384
1784802495,2404408,1449384
1784802497,2404408,1459772
1784802498,2404408,1467820
1784802500,2404408,1467820
1784802501,2404408,1459708
1784802502,2404408,1459708
1784802503,2404408,1459708
1784802505,2404408,1459708
1784802506,2404408,1459708
1784802507,2404408,1459708
1784802508,2404408,1459708
1784802509,2404408,1459720
1784802510,2404408,1459720
1784802512,2404408,1459724
1784802513,2404408,1460508
1784802514,2404408,1467772
1784802515,2404408,1467772
1784802516,2404408,1467772
1784802519,2404408,1461676
1784802520,2404408,1461676
1784802521,2404408,1461672
1784802522,2404408,1461672
1784802523,2404408,1461672
1784802524,2404408,1461672
1784802526,2404408,1461672
1784802527,2404408,1461676
1784802528,2404408,1461676
1784802529,2404408,1461676
1784802530,2404408,1459644
1784802532,2404408,1459644
1784802533,2404408,1459644
1784802535,2404408,1456604
1784802537,2404408,1456604
1784802538,2404408,1456604
1784802539,2404408,1456604
1784802540,2404408,1456604
1784802541,2404408,1456600
1784802543,2404408,1456600
1784802544,2404408,1456600
1784802545,2404408,1456600
1784802546,2404408,1456600
1784802548,2404408,1456600
1784802549,2404408,1456600
1784802550,2404408,1456600
1784802551,2404408,1456600
1784802552,2404408,1456600
1784802554,2404408,1456600
1784802555,2404408,1456600
1784802556,2404408,1456600
1784802557,2404408,1456604
1784802558,2404408,1456604
1784802560,2404408,1456604
1784802561,2404408,1456604
1784802562,2404408,1456608
1784802564,2404408,1456608
1784802565,2404408,1456608
1784802566,2404408,1456608
1784802567,2404408,1456608
1784802569,2404408,1456608
1784802570,2404408,1456608
1784802571,2404408,1456608
1784802572,2404408,1456608
1784802573,2404408,1456608
1784802574,2404408,1461952
1784802576,2404408,1471348
1784802577,2404408,1481384
1784802578,2404408,1488960
1784802581,2404408,1511764
1784802582,2404408,1511956
1784802583,2404408,1511956
1784802585,2404408,1466540
1784802586,2404408,1466540
1784802587,2404408,1466540
1784802588,2404408,1466540
1784802590,2404408,1466540
1784802591,2404408,1466540
1784802592,2404408,1466540
1784802593,2404408,1466540
1784802594,2404408,1466540
1784802596,2404408,1466540
1784802597,2404408,1466540
1784802598,2404408,1466540
1784802599,2404408,1466540
1784802600,2404408,1466540
1784802602,2404408,1466540
1784802603,2404408,1466540
1784802604,2404408,1466540
1784802605,2404408,1466540
1784802606,2404408,1466540
1784802607,2404408,1466540
1784802609,2404408,1466540
1784802610,2404408,1466540
1784802611,2404408,1466540
1784802612,2404408,1466540
1784802613,2404408,1466540
1784802616,2404408,1465488
1784802617,2404408,1465488
1784802618,2404408,1465492
1784802619,2404408,1465492
1784802620,2404408,1465492
1784802621,2404408,1465492
1784802622,2404408,1465492
1784802623,2404408,1465492
1784802625,2404408,1465492
1784802626,2404408,1465492
1784802627,2404408,1464468
1784802628,2404408,1464464
1784802629,2404408,1464464
1784802630,2404408,1464464
1784802631,2404408,1464964
1784802632,2404408,1465064
1784802633,2404408,1465064
1784802634,2404408,1465064
1784802636,2404408,1465064
1784802637,2404408,1465064
1784802638,2404408,1465064
1784802639,2404408,1465064
1784802640,2404408,1465064
1784802641,2404408,1465064
1784802642,2404408,1465064
1784802643,2404408,1465056
