elapsed_s,health_http_status,health_latency_s,vmpeak_kb,vmhwm_kb,job_status
0.0,200,0.1543,2917024,2530620,running
1.155,200,0.1506,2917024,2530620,running
2.307,200,0.1427,2917024,2530620,running
3.451,200,0.3889,2917024,2530620,running
4.841,200,0.1576,2917024,2530620,running
6.0,200,0.1883,2917024,2534496,running
7.189,200,0.9771,3035020,2704968,running
9.176,200,0.6211,3035020,2704968,running
10.849,200,0.734,3035020,2704968,running
12.605,200,0.4452,3035020,2704968,running
14.11,200,0.5941,3035020,2704968,running
15.721,200,0.3,3035020,2704968,running
17.043,200,0.6235,3035020,2704968,running
18.707,200,0.7092,3035020,2704968,running
20.442,200,0.678,3035020,2704968,running
22.177,200,0.6959,3035020,2704968,running
23.903,200,0.5901,3035020,2704968,running
25.528,200,0.5665,3035020,2704968,running
27.134,200,0.5855,3035020,2704968,running
28.779,200,0.6483,3035020,2704968,running
30.457,200,0.724,3035020,2704968,running
32.228,200,0.5076,3035020,2704968,running
33.788,200,0.456,3035036,2704976,running
35.293,200,0.8171,3035036,2704976,running
37.137,200,0.7949,3035036,2704976,running
38.977,200,0.6146,3035036,2704976,running
40.627,200,0.5311,3035036,2704976,running
42.215,200,0.5382,3035036,2704976,running
43.777,200,0.8398,3035036,2704968,running
45.699,200,0.81,3035036,2704968,running
47.572,200,0.1415,3035036,2704248,running
48.714,200,0.763,3035036,2704248,running
50.486,200,0.1525,3035036,2704248,running
51.661,200,0.1679,3035036,2704248,running
52.83,200,0.1661,3035036,2704248,running
53.998,200,0.1583,3035036,2704248,running
55.157,200,0.1278,3035036,2704248,running
56.286,200,0.1292,3035036,2704248,running
57.417,200,0.1164,3035036,2704248,running
58.534,200,0.1311,3035036,2704248,running
59.667,200,0.1172,3035036,2704248,running
60.785,200,0.454,3035036,2704248,running
62.241,200,0.6196,3035036,2704248,running
63.862,200,0.155,3035036,2704248,running
65.018,200,0.1531,3035036,2704248,running
66.172,200,0.1424,3035036,2704248,running
67.337,200,0.136,3035036,2704248,running
68.474,200,0.1325,3035036,2704248,running
69.608,200,0.1735,3035036,2704248,running
70.783,200,0.1267,3035036,2704248,running
71.911,200,0.1512,3035036,2704248,running
73.063,200,0.1118,3035036,2704248,running
74.176,200,0.9028,3035036,2704248,running
76.08,200,0.1834,3039764,2710108,running
77.265,200,0.1718,3070008,2740356,running
78.438,200,0.1872,3070008,2740356,running
79.626,200,0.1449,3070008,2740356,running
80.773,200,0.1102,3070008,2740356,running
81.884,200,0.1232,3070008,2740356,running
83.008,200,0.1143,3070008,2740356,running
84.124,200,0.1146,3070008,2740356,running
85.24,200,0.1178,3070008,2740356,running
86.358,200,0.1346,3070008,2740360,running
87.494,200,0.4041,3070008,2739764,running
88.899,200,0.165,3070008,2739764,running
90.066,200,0.1651,3070008,2739764,running
91.232,200,0.1498,3070008,2739764,running
92.383,200,0.1745,3070008,2739764,running
93.559,200,0.1249,3070008,2739764,running
94.685,200,0.2318,3070008,2739764,running
95.918,200,0.1288,3070008,2739764,running
97.048,200,0.1142,3070008,2739764,running
98.163,200,0.1136,3070008,2739764,running
99.278,200,0.8161,3070008,2739764,running
101.096,200,0.1423,3070008,2739764,running
102.239,200,0.1607,3070008,2739764,running
103.401,200,0.1481,3070008,2740000,running
104.57,200,0.1823,3072208,2742560,running
105.753,200,0.1273,3072208,2742560,running
106.882,200,0.1203,3072208,2742560,running
108.004,200,0.1305,3072208,2742560,running
109.136,200,0.1177,3072208,2742560,running
110.255,200,0.1245,3072208,2742560,running
111.402,200,0.8668,3072208,2742560,running
113.343,200,0.146,3072208,2742560,running
114.491,200,0.501,3072208,2742560,running
115.993,200,0.1859,3083472,2752884,running
117.18,200,0.1516,3103952,2774088,running
118.333,200,0.35,3130576,2800032,running
119.685,200,0.1351,3159248,2829484,running
120.821,200,0.1276,3179728,2850076,running
121.95,200,0.2771,3204304,2874640,running
123.228,200,0.1087,3236048,2905836,running
124.338,200,0.1272,3256528,2926316,running
125.466,200,0.261,3281120,2951048,running
126.728,200,0.1248,3316960,2987260,running
127.854,200,0.1244,3339488,3009140,running
128.98,200,1.2853,3389664,3058116,running
131.266,200,0.1121,3389664,3058116,running
132.379,200,0.1227,3389664,3058116,running
133.503,200,0.7349,3389664,3058116,running
135.239,200,0.1525,3389664,3058116,running
136.393,200,0.2144,3389664,3058116,running
137.644,200,0.1376,3389664,3058116,running
138.783,200,0.1552,3389664,3058116,running
139.939,200,0.1394,3389664,3058116,running
141.08,200,0.1845,3389664,3058116,running
142.265,200,0.1726,3389664,3058116,running
143.439,200,0.2162,3389664,3058116,running
144.657,200,0.2123,3389664,3058116,running
145.87,200,0.1776,3389664,3058116,running
147.049,200,0.2202,3389664,3058116,running
148.27,200,0.1585,3389664,3058116,running
149.43,200,0.1691,3389664,3058116,running
150.6,200,0.212,3389664,3058116,running
151.813,200,0.1783,3389664,3058116,running
152.993,200,0.227,3389664,3058116,running
154.221,200,0.1497,3389664,3058116,running
155.372,200,0.2172,3389664,3058116,running
156.591,200,0.1379,3389664,3058116,running
157.73,200,0.157,3389664,3058116,running
158.888,200,0.1464,3389664,3058116,running
160.035,200,0.4147,3389664,3058116,running
161.451,200,0.212,3389664,3058116,running
162.664,200,0.1569,3389664,3058116,running
163.823,200,0.1694,3389664,3058116,running
164.993,200,0.1761,3389664,3058116,running
166.17,200,0.2237,3389664,3058116,running
167.395,200,0.2133,3389664,3058116,running
168.61,200,0.5052,3389664,3058116,running
170.116,200,0.1589,3389664,3058116,running
171.276,200,0.2311,3389664,3058116,running
172.508,200,0.197,3395984,3066300,running
173.707,200,0.1848,3404176,3073516,running
174.893,200,0.1697,3419128,3088532,running
176.064,200,0.1449,3428344,3098672,running
177.209,200,0.4876,3435512,3105468,running
178.758,200,0.4445,3485180,3154448,running
180.204,200,0.1102,3485180,3154448,running
181.315,200,0.1637,3485180,3154448,running
182.48,200,0.1521,3485180,3154448,running
183.634,200,0.5356,3485180,3154448,running
185.171,200,0.1408,3485180,3154448,running
186.313,200,0.1128,3485180,3154448,running
187.426,200,0.2655,3485180,3154448,running
188.693,200,0.1118,3485180,3154448,running
189.806,200,0.117,3485180,3154448,running
190.924,200,0.3179,3485180,3154448,running
192.243,200,0.118,3485180,3154448,running
193.377,200,0.1225,3485180,3154448,running
194.5,200,0.2279,3485180,3154448,running
195.729,200,0.1118,3485180,3154448,running
196.842,200,0.9574,3485180,3154448,running
198.801,200,0.1142,3485180,3154448,running
199.916,200,0.1116,3503616,3173444,running
201.029,200,0.1135,3503616,3173444,running
202.143,200,0.1931,3544580,3213716,running
203.339,200,0.1663,3544580,3213716,running
204.51,200,0.154,3544580,3213716,running
205.665,200,0.173,3544580,3213716,running
206.84,200,0.1576,3544580,3213716,running
207.998,200,0.1235,3544580,3213716,running
209.123,200,0.2456,3544580,3213716,running
210.37,200,0.1152,3544580,3213716,running
211.486,200,0.1195,3544580,3213716,running
212.607,200,0.2336,3544580,3213716,running
213.842,200,0.1348,3544580,3213716,running
214.978,200,0.1161,3544580,3213716,running
216.095,200,0.2086,3544580,3213716,running
217.306,200,1.0076,3544580,3213716,running
219.315,200,0.4059,3544580,3213716,running
220.722,200,0.1103,3544580,3213716,running
221.833,200,0.11,3544580,3213716,running
222.944,200,0.1721,3544580,3213716,running
224.118,200,0.1433,3544580,3213716,running
225.263,200,0.1605,3544580,3213716,running
226.425,200,0.1982,3544580,3213716,running
227.624,200,0.2124,3544580,3213716,running
228.838,200,0.2461,3544580,3213716,running
230.085,200,0.2206,3544580,3213716,running
231.307,200,0.2291,3544580,3213716,running
232.537,200,0.225,3544580,3213716,running
233.763,200,0.2357,3544580,3213716,running
235.0,200,0.1814,3544580,3213716,running
236.183,200,0.465,3544580,3213716,running
237.649,200,0.2142,3544580,3213716,running
238.865,200,0.2556,3544580,3213716,running
240.121,200,0.2382,3544580,3213716,running
241.361,200,0.2407,3544580,3213716,running
242.603,200,0.6806,3544580,3213716,running
244.285,200,0.2488,3544580,3213716,running
245.536,200,0.2323,3544580,3213716,running
246.769,200,0.228,3544580,3213716,running
247.998,200,0.2396,3544580,3213716,running
249.239,200,0.2475,3544580,3213716,running
250.488,200,0.1771,3544580,3213716,running
251.666,200,0.2258,3544580,3213716,running
252.893,200,0.2247,3544580,3213716,running
254.119,200,0.2192,3544580,3213716,running
255.34,200,0.2398,3544580,3213716,running
256.581,200,0.6085,3544580,3213716,running
258.191,200,0.2175,3544580,3213716,running
259.41,200,0.2244,3544580,3213716,running
260.635,200,0.2288,3544580,3213716,running
261.866,200,0.2336,3544580,3213716,running
263.1,200,0.2438,3548672,3218840,running
264.345,200,0.2231,3553792,3224116,running
265.57,200,0.2224,3564032,3233480,running
266.793,200,0.2325,3572224,3242504,running
268.027,200,0.2321,3582464,3251964,running
269.26,200,0.2313,3591680,3260992,running
270.493,200,0.2505,3600896,3270588,running
271.744,200,0.2799,3606016,3275796,running
273.025,200,0.2279,3616256,3285040,running
274.254,200,0.2539,3624448,3294232,running
275.51,200,0.2488,3634688,3303580,running
276.76,200,0.2468,3643904,3312680,running
278.008,200,0.2585,3653120,3322168,running
279.268,200,0.6091,3660288,3329084,running
280.878,200,0.2612,3669504,3338608,running
282.14,200,1.3172,3671552,3339540,running
284.495,200,0.357,3672628,3340808,running
285.853,200,0.1122,3672628,3340808,running
286.966,200,0.5776,3672628,3340808,running
288.545,200,0.9593,3688916,3358036,running
290.506,200,0.2173,3688916,3358036,running
291.724,200,0.1893,3688916,3358036,running
292.914,200,0.2377,3688916,3358036,running
294.153,200,0.2294,3688916,3358036,running
295.384,200,0.1701,3688916,3358036,running
296.556,200,0.5404,3688916,3358036,running
298.097,200,0.1557,3688916,3358036,running
299.254,200,0.2193,3688916,3358036,running
